essay_id,n_annotated,n_effective,n_adequate,n_ineffective,n_unannotated,construct_score,pct_effective
2021000047,12.0,1.0,11.0,0.0,1.0,1.0833333333333333,0.08333333333333333
2021000071,9.0,0.0,8.0,1.0,4.0,0.8888888888888888,0.0
2021000080,6.0,1.0,5.0,0.0,3.0,1.1666666666666667,0.16666666666666666
2021000101,10.0,2.0,8.0,0.0,5.0,1.2,0.2
2021000110,6.0,0.0,5.0,1.0,1.0,0.8333333333333334,0.0
2021000136,7.0,0.0,7.0,0.0,3.0,1.0,0.0
2021000152,12.0,2.0,10.0,0.0,1.0,1.1666666666666667,0.16666666666666666
2021000187,4.0,0.0,4.0,0.0,1.0,1.0,0.0
2021000241,12.0,0.0,12.0,0.0,1.0,1.0,0.0
2021000268,6.0,0.0,6.0,0.0,1.0,1.0,0.0
2021000276,8.0,0.0,8.0,0.0,1.0,1.0,0.0
2021000292,13.0,0.0,12.0,1.0,0.0,0.9230769230769231,0.0
2021000314,9.0,0.0,9.0,0.0,3.0,1.0,0.0
2021000349,8.0,0.0,8.0,0.0,1.0,1.0,0.0
2021000365,9.0,1.0,8.0,0.0,2.0,1.1111111111111112,0.1111111111111111
2021000390,12.0,0.0,11.0,1.0,1.0,0.9166666666666666,0.0
2021000420,6.0,0.0,6.0,0.0,2.0,1.0,0.0
2021000446,9.0,0.0,9.0,0.0,1.0,1.0,0.0
2021000462,6.0,0.0,4.0,2.0,2.0,0.6666666666666666,0.0
2021000471,9.0,3.0,6.0,0.0,2.0,1.3333333333333333,0.3333333333333333
2021000616,9.0,0.0,7.0,2.0,6.0,0.7777777777777778,0.0
2021000624,4.0,0.0,4.0,0.0,2.0,1.0,0.0
2021000632,6.0,0.0,6.0,0.0,1.0,1.0,0.0
2021000675,12.0,0.0,12.0,0.0,2.0,1.0,0.0
2021000683,4.0,0.0,4.0,0.0,3.0,1.0,0.0
2021000730,11.0,0.0,10.0,1.0,3.0,0.9090909090909091,0.0
2021000748,9.0,1.0,6.0,2.0,4.0,0.8888888888888888,0.1111111111111111
2021000756,5.0,0.0,5.0,0.0,5.0,1.0,0.0
2021000764,9.0,0.0,9.0,0.0,1.0,1.0,0.0
2021000799,5.0,0.0,5.0,0.0,1.0,1.0,0.0
2021000802,5.0,0.0,5.0,0.0,1.0,1.0,0.0
2021000845,8.0,0.0,8.0,0.0,2.0,1.0,0.0
2021000870,6.0,0.0,6.0,0.0,1.0,1.0,0.0
2021000918,12.0,4.0,8.0,0.0,1.0,1.3333333333333333,0.3333333333333333
2021000934,11.0,0.0,11.0,0.0,1.0,1.0,0.0
2021000993,8.0,0.0,8.0,0.0,1.0,1.0,0.0
2021001001,7.0,0.0,7.0,0.0,2.0,1.0,0.0
2021001027,7.0,0.0,7.0,0.0,0.0,1.0,0.0
2021001043,5.0,0.0,3.0,2.0,1.0,0.6,0.0
2021001116,5.0,0.0,5.0,0.0,0.0,1.0,0.0
2021001141,6.0,0.0,6.0,0.0,4.0,1.0,0.0
2021001159,7.0,0.0,7.0,0.0,2.0,1.0,0.0
2021001183,11.0,0.0,10.0,1.0,1.0,0.9090909090909091,0.0
2021001191,6.0,0.0,5.0,1.0,1.0,0.8333333333333334,0.0
2021001230,13.0,0.0,13.0,0.0,2.0,1.0,0.0
2021001264,12.0,0.0,12.0,0.0,2.0,1.0,0.0
2021001272,11.0,0.0,11.0,0.0,5.0,1.0,0.0
2021001361,8.0,3.0,5.0,0.0,2.0,1.375,0.375
2021001388,8.0,4.0,4.0,0.0,2.0,1.5,0.5
2021001418,9.0,3.0,6.0,0.0,1.0,1.3333333333333333,0.3333333333333333
2021001451,11.0,0.0,11.0,0.0,3.0,1.0,0.0
2021001469,13.0,0.0,13.0,0.0,2.0,1.0,0.0
2021001477,13.0,8.0,5.0,0.0,1.0,1.6153846153846154,0.6153846153846154
2021001531,7.0,0.0,7.0,0.0,1.0,1.0,0.0
2021001558,13.0,9.0,4.0,0.0,1.0,1.6923076923076923,0.6923076923076923
2021001582,11.0,0.0,11.0,0.0,3.0,1.0,0.0
2021001621,9.0,4.0,5.0,0.0,1.0,1.4444444444444444,0.4444444444444444
2021001680,6.0,0.0,6.0,0.0,0.0,1.0,0.0
2021001744,8.0,1.0,7.0,0.0,1.0,1.125,0.125
2021001825,10.0,0.0,10.0,0.0,1.0,1.0,0.0
2021001884,8.0,7.0,1.0,0.0,1.0,1.875,0.875
2021001906,8.0,0.0,8.0,0.0,1.0,1.0,0.0
2021001957,11.0,0.0,11.0,0.0,2.0,1.0,0.0
2021001990,12.0,0.0,12.0,0.0,1.0,1.0,0.0
2021002082,9.0,0.0,9.0,0.0,1.0,1.0,0.0
2021002112,7.0,0.0,7.0,0.0,1.0,1.0,0.0
2021002163,9.0,0.0,9.0,0.0,0.0,1.0,0.0
2021002171,10.0,0.0,10.0,0.0,1.0,1.0,0.0
2021002236,9.0,1.0,8.0,0.0,1.0,1.1111111111111112,0.1111111111111111
2021002244,6.0,0.0,6.0,0.0,1.0,1.0,0.0
2021002261,8.0,0.0,8.0,0.0,1.0,1.0,0.0
2021002295,10.0,0.0,9.0,1.0,1.0,0.9,0.0
2021002392,9.0,1.0,7.0,1.0,1.0,1.0,0.1111111111111111
2021002414,9.0,0.0,9.0,0.0,1.0,1.0,0.0
2021002422,10.0,0.0,9.0,1.0,7.0,0.9,0.0
2021002431,6.0,0.0,6.0,0.0,1.0,1.0,0.0
2021002473,11.0,1.0,10.0,0.0,1.0,1.0909090909090908,0.09090909090909091
2021002554,10.0,0.0,10.0,0.0,3.0,1.0,0.0
2021002571,11.0,1.0,10.0,0.0,1.0,1.0909090909090908,0.09090909090909091
2021002601,5.0,0.0,5.0,0.0,0.0,1.0,0.0
2021002627,3.0,0.0,3.0,0.0,1.0,1.0,0.0
2021002759,8.0,0.0,6.0,2.0,1.0,0.75,0.0
2021002902,12.0,0.0,8.0,4.0,3.0,0.6666666666666666,0.0
2021002937,4.0,0.0,3.0,1.0,1.0,0.75,0.0
2021002945,7.0,0.0,6.0,1.0,1.0,0.8571428571428571,0.0
2021002961,6.0,0.0,5.0,1.0,1.0,0.8333333333333334,0.0
2021002988,3.0,0.0,2.0,1.0,1.0,0.6666666666666666,0.0
2021003020,9.0,8.0,1.0,0.0,0.0,1.8888888888888888,0.8888888888888888
2021003046,12.0,1.0,11.0,0.0,3.0,1.0833333333333333,0.08333333333333333
2021003062,9.0,0.0,9.0,0.0,1.0,1.0,0.0
2021003071,8.0,0.0,7.0,1.0,1.0,0.875,0.0
2021003097,11.0,7.0,4.0,0.0,1.0,1.6363636363636365,0.6363636363636364
2021003135,7.0,0.0,7.0,0.0,0.0,1.0,0.0
2021003160,9.0,0.0,9.0,0.0,1.0,1.0,0.0
2021003178,11.0,0.0,11.0,0.0,3.0,1.0,0.0
2021003186,6.0,0.0,6.0,0.0,1.0,1.0,0.0
2021003224,6.0,0.0,6.0,0.0,1.0,1.0,0.0
2021003275,6.0,0.0,6.0,0.0,3.0,1.0,0.0
2021003305,7.0,0.0,7.0,0.0,1.0,1.0,0.0
2021003356,5.0,0.0,5.0,0.0,2.0,1.0,0.0
2021003372,11.0,0.0,11.0,0.0,3.0,1.0,0.0
2021003381,10.0,2.0,8.0,0.0,1.0,1.2,0.2
2021003411,8.0,0.0,8.0,0.0,2.0,1.0,0.0
2021003445,11.0,0.0,11.0,0.0,3.0,1.0,0.0
2021003470,8.0,3.0,4.0,1.0,1.0,1.25,0.375
2021003569,11.0,0.0,11.0,0.0,2.0,1.0,0.0
2021003607,3.0,0.0,2.0,1.0,0.0,0.6666666666666666,0.0
2021003623,11.0,0.0,10.0,1.0,1.0,0.9090909090909091,0.0
2021003631,8.0,1.0,7.0,0.0,1.0,1.125,0.125
2021003640,11.0,2.0,9.0,0.0,2.0,1.1818181818181819,0.18181818181818182
2021003674,10.0,0.0,9.0,1.0,1.0,0.9,0.0
2021003739,6.0,0.0,6.0,0.0,1.0,1.0,0.0
2021003780,10.0,0.0,10.0,0.0,1.0,1.0,0.0
2021003798,11.0,0.0,11.0,0.0,2.0,1.0,0.0
2021003801,12.0,0.0,12.0,0.0,3.0,1.0,0.0
2021003861,10.0,0.0,10.0,0.0,1.0,1.0,0.0
2021003879,8.0,0.0,8.0,0.0,1.0,1.0,0.0
2021003887,9.0,5.0,4.0,0.0,1.0,1.5555555555555556,0.5555555555555556
2021003895,8.0,0.0,8.0,0.0,1.0,1.0,0.0
2021004042,6.0,0.0,6.0,0.0,1.0,1.0,0.0
2021004115,11.0,0.0,11.0,0.0,3.0,1.0,0.0
2021004191,12.0,5.0,7.0,0.0,2.0,1.4166666666666667,0.4166666666666667
2021004212,8.0,0.0,8.0,0.0,1.0,1.0,0.0
2021004336,15.0,1.0,14.0,0.0,2.0,1.0666666666666667,0.06666666666666667
2021004352,8.0,0.0,7.0,1.0,1.0,0.875,0.0
2021004361,7.0,0.0,7.0,0.0,1.0,1.0,0.0
2021004409,10.0,0.0,10.0,0.0,3.0,1.0,0.0
2021004433,12.0,1.0,10.0,1.0,2.0,1.0,0.08333333333333333
2021004476,6.0,0.0,5.0,1.0,1.0,0.8333333333333334,0.0
2021004531,4.0,0.0,3.0,1.0,2.0,0.75,0.0
2021004697,4.0,0.0,4.0,0.0,1.0,1.0,0.0
2021004701,4.0,0.0,4.0,0.0,1.0,1.0,0.0
2021004760,8.0,0.0,8.0,0.0,2.0,1.0,0.0
2021004794,9.0,0.0,9.0,0.0,1.0,1.0,0.0
2021004816,10.0,0.0,10.0,0.0,1.0,1.0,0.0
2021004824,10.0,0.0,10.0,0.0,1.0,1.0,0.0
2021004883,11.0,0.0,11.0,0.0,7.0,1.0,0.0
2021004964,8.0,0.0,8.0,0.0,0.0,1.0,0.0
2021004972,6.0,0.0,6.0,0.0,1.0,1.0,0.0
2021004999,7.0,0.0,7.0,0.0,0.0,1.0,0.0
2021005006,6.0,0.0,4.0,2.0,5.0,0.6666666666666666,0.0
2021005073,3.0,0.0,1.0,2.0,0.0,0.3333333333333333,0.0
2021005111,6.0,0.0,6.0,0.0,0.0,1.0,0.0
2021005120,5.0,0.0,5.0,0.0,1.0,1.0,0.0
2021005154,14.0,0.0,14.0,0.0,1.0,1.0,0.0
2021005162,11.0,0.0,11.0,0.0,3.0,1.0,0.0
2021005197,3.0,0.0,3.0,0.0,2.0,1.0,0.0
2021005219,9.0,0.0,8.0,1.0,5.0,0.8888888888888888,0.0
2021005227,8.0,0.0,8.0,0.0,1.0,1.0,0.0
2021005278,12.0,2.0,9.0,1.0,0.0,1.0833333333333333,0.16666666666666666
2021005286,11.0,0.0,11.0,0.0,2.0,1.0,0.0
2021005294,6.0,0.0,6.0,0.0,2.0,1.0,0.0
2021005316,17.0,0.0,17.0,0.0,9.0,1.0,0.0
2021005324,9.0,1.0,8.0,0.0,1.0,1.1111111111111112,0.1111111111111111
2021005430,5.0,0.0,5.0,0.0,0.0,1.0,0.0
2021005545,10.0,0.0,10.0,0.0,1.0,1.0,0.0
2021005553,5.0,0.0,5.0,0.0,1.0,1.0,0.0
2021005588,9.0,0.0,8.0,1.0,4.0,0.8888888888888888,0.0
2021005600,6.0,0.0,6.0,0.0,0.0,1.0,0.0
2021005669,6.0,0.0,6.0,0.0,1.0,1.0,0.0
2021005677,4.0,0.0,4.0,0.0,1.0,1.0,0.0
2021005731,8.0,0.0,8.0,0.0,2.0,1.0,0.0
2021005855,7.0,0.0,7.0,0.0,1.0,1.0,0.0
2021005910,8.0,0.0,8.0,0.0,1.0,1.0,0.0
2021005928,9.0,0.0,5.0,4.0,1.0,0.5555555555555556,0.0
2021005952,8.0,0.0,8.0,0.0,1.0,1.0,0.0
2021006029,8.0,0.0,7.0,1.0,1.0,0.875,0.0
2021006061,12.0,1.0,11.0,0.0,2.0,1.0833333333333333,0.08333333333333333
2021006088,11.0,0.0,10.0,1.0,2.0,0.9090909090909091,0.0
2021006177,9.0,0.0,9.0,0.0,1.0,1.0,0.0
2021006207,11.0,1.0,10.0,0.0,2.0,1.0909090909090908,0.09090909090909091
2021006223,8.0,0.0,7.0,1.0,1.0,0.875,0.0
2021006266,14.0,0.0,14.0,0.0,1.0,1.0,0.0
2021006274,15.0,2.0,13.0,0.0,1.0,1.1333333333333333,0.13333333333333333
2021006312,7.0,0.0,7.0,0.0,2.0,1.0,0.0
2021006321,14.0,2.0,12.0,0.0,2.0,1.1428571428571428,0.14285714285714285
2021006380,7.0,0.0,7.0,0.0,2.0,1.0,0.0
2021006398,7.0,0.0,7.0,0.0,1.0,1.0,0.0
2021006436,5.0,0.0,5.0,0.0,1.0,1.0,0.0
2021006444,8.0,0.0,8.0,0.0,1.0,1.0,0.0
2021006461,10.0,0.0,10.0,0.0,3.0,1.0,0.0
2021006495,4.0,0.0,4.0,0.0,1.0,1.0,0.0
2021006525,14.0,3.0,11.0,0.0,1.0,1.2142857142857142,0.21428571428571427
2021006541,8.0,2.0,6.0,0.0,1.0,1.25,0.25
2021006550,12.0,0.0,12.0,0.0,2.0,1.0,0.0
2021006576,7.0,0.0,7.0,0.0,1.0,1.0,0.0
2021006584,8.0,0.0,8.0,0.0,2.0,1.0,0.0
2021006614,11.0,0.0,11.0,0.0,4.0,1.0,0.0
2021006681,9.0,0.0,9.0,0.0,1.0,1.0,0.0
2021006746,9.0,0.0,9.0,0.0,0.0,1.0,0.0
2021006754,6.0,0.0,5.0,1.0,1.0,0.8333333333333334,0.0
2021006762,6.0,0.0,6.0,0.0,1.0,1.0,0.0
2021006771,7.0,1.0,6.0,0.0,1.0,1.1428571428571428,0.14285714285714285
2021006801,9.0,1.0,8.0,0.0,1.0,1.1111111111111112,0.1111111111111111
2021006851,5.0,0.0,5.0,0.0,3.0,1.0,0.0
2021006860,6.0,0.0,6.0,0.0,1.0,1.0,0.0
2021006894,5.0,0.0,5.0,0.0,2.0,1.0,0.0
2021006908,10.0,0.0,8.0,2.0,1.0,0.8,0.0
2021006983,9.0,0.0,5.0,4.0,1.0,0.5555555555555556,0.0
2021007025,7.0,0.0,7.0,0.0,1.0,1.0,0.0
2021007033,11.0,0.0,10.0,1.0,3.0,0.9090909090909091,0.0
2021007041,10.0,0.0,10.0,0.0,0.0,1.0,0.0
2021007149,8.0,0.0,5.0,3.0,1.0,0.625,0.0
2021007157,11.0,0.0,10.0,1.0,1.0,0.9090909090909091,0.0
2021007165,9.0,1.0,8.0,0.0,1.0,1.1111111111111112,0.1111111111111111
2021007203,12.0,0.0,12.0,0.0,4.0,1.0,0.0
2021007271,6.0,0.0,6.0,0.0,1.0,1.0,0.0
2021007319,6.0,0.0,6.0,0.0,4.0,1.0,0.0
2021007343,7.0,0.0,6.0,1.0,3.0,0.8571428571428571,0.0
2021007351,7.0,0.0,7.0,0.0,2.0,1.0,0.0
2021007432,11.0,1.0,10.0,0.0,2.0,1.0909090909090908,0.09090909090909091
2021007483,7.0,0.0,7.0,0.0,0.0,1.0,0.0
2021007491,7.0,0.0,7.0,0.0,0.0,1.0,0.0
2021007564,10.0,0.0,10.0,0.0,2.0,1.0,0.0
2021007602,7.0,0.0,7.0,0.0,0.0,1.0,0.0
2021007696,12.0,2.0,10.0,0.0,0.0,1.1666666666666667,0.16666666666666666
2021007793,7.0,0.0,6.0,1.0,0.0,0.8571428571428571,0.0
2021007815,9.0,0.0,9.0,0.0,2.0,1.0,0.0
2021007823,6.0,0.0,4.0,2.0,0.0,0.6666666666666666,0.0
2081000019,9.0,0.0,9.0,0.0,1.0,1.0,0.0
2081000124,11.0,4.0,7.0,0.0,5.0,1.3636363636363635,0.36363636363636365
2081000191,7.0,5.0,2.0,0.0,1.0,1.7142857142857142,0.7142857142857143
2081000264,4.0,3.0,1.0,0.0,2.0,1.75,0.75
2081000272,6.0,0.0,6.0,0.0,0.0,1.0,0.0
2081000299,9.0,2.0,7.0,0.0,1.0,1.2222222222222223,0.2222222222222222
2081000337,10.0,1.0,9.0,0.0,3.0,1.1,0.1
2081000361,6.0,0.0,6.0,0.0,3.0,1.0,0.0
2081000396,5.0,1.0,3.0,1.0,2.0,1.0,0.2
2081000400,9.0,9.0,0.0,0.0,6.0,2.0,1.0
2081000426,8.0,1.0,6.0,1.0,1.0,1.0,0.125
2081000442,12.0,6.0,6.0,0.0,1.0,1.5,0.5
2081000469,10.0,8.0,2.0,0.0,1.0,1.8,0.8
2081000477,9.0,2.0,7.0,0.0,2.0,1.2222222222222223,0.2222222222222222
2081000540,7.0,5.0,2.0,0.0,3.0,1.7142857142857142,0.7142857142857143
2081000566,8.0,0.0,8.0,0.0,2.0,1.0,0.0
2081000655,6.0,0.0,5.0,1.0,0.0,0.8333333333333334,0.0
2081000868,5.0,0.0,5.0,0.0,0.0,1.0,0.0
2081000892,6.0,1.0,5.0,0.0,1.0,1.1666666666666667,0.16666666666666666
2081000914,8.0,1.0,7.0,0.0,2.0,1.125,0.125
2081000931,13.0,0.0,12.0,1.0,5.0,0.9230769230769231,0.0
2081001007,5.0,2.0,3.0,0.0,3.0,1.4,0.4
2081001015,4.0,0.0,4.0,0.0,2.0,1.0,0.0
2081001023,7.0,0.0,6.0,1.0,1.0,0.8571428571428571,0.0
2081001155,8.0,2.0,5.0,1.0,1.0,1.125,0.25
2081001180,9.0,3.0,6.0,0.0,2.0,1.3333333333333333,0.3333333333333333
2081001244,11.0,5.0,5.0,1.0,3.0,1.3636363636363635,0.45454545454545453
2081001252,7.0,3.0,4.0,0.0,1.0,1.4285714285714286,0.42857142857142855
2081001287,10.0,2.0,8.0,0.0,1.0,1.2,0.2
2081001376,9.0,2.0,7.0,0.0,1.0,1.2222222222222223,0.2222222222222222
2081001384,13.0,2.0,11.0,0.0,1.0,1.1538461538461537,0.15384615384615385
2081001406,7.0,1.0,6.0,0.0,1.0,1.1428571428571428,0.14285714285714285
2081001414,8.0,2.0,6.0,0.0,6.0,1.25,0.25
2081001431,7.0,2.0,5.0,0.0,1.0,1.2857142857142858,0.2857142857142857
2081001511,5.0,2.0,3.0,0.0,3.0,1.4,0.4
2081001546,10.0,3.0,7.0,0.0,4.0,1.3,0.3
2081001554,9.0,6.0,3.0,0.0,4.0,1.6666666666666667,0.6666666666666666
2081001686,8.0,0.0,6.0,2.0,0.0,0.75,0.0
2081001805,12.0,2.0,10.0,0.0,3.0,1.1666666666666667,0.16666666666666666
2081001813,7.0,5.0,2.0,0.0,1.0,1.7142857142857142,0.7142857142857143
2081001864,5.0,1.0,2.0,2.0,1.0,0.8,0.2
2081001881,10.0,6.0,4.0,0.0,4.0,1.6,0.6
2081001996,12.0,3.0,9.0,0.0,9.0,1.25,0.25
2081002127,14.0,0.0,12.0,2.0,6.0,0.8571428571428571,0.0
2081002135,17.0,0.0,17.0,0.0,4.0,1.0,0.0
2081002160,10.0,3.0,7.0,0.0,2.0,1.3,0.3
2081002194,7.0,6.0,1.0,0.0,1.0,1.8571428571428572,0.8571428571428571
2081002224,7.0,4.0,3.0,0.0,1.0,1.5714285714285714,0.5714285714285714
2081002232,11.0,0.0,11.0,0.0,2.0,1.0,0.0
2081002267,10.0,4.0,6.0,0.0,1.0,1.4,0.4
2081002321,5.0,2.0,3.0,0.0,1.0,1.4,0.4
2081002402,6.0,0.0,5.0,1.0,1.0,0.8333333333333334,0.0
2081002411,8.0,0.0,8.0,0.0,3.0,1.0,0.0
2081002429,8.0,3.0,5.0,0.0,2.0,1.375,0.375
2081002437,8.0,0.0,8.0,0.0,1.0,1.0,0.0
2081002461,10.0,2.0,8.0,0.0,2.0,1.2,0.2
2081002470,12.0,1.0,10.0,1.0,1.0,1.0,0.08333333333333333
2081002585,9.0,3.0,6.0,0.0,1.0,1.3333333333333333,0.3333333333333333
2081002666,7.0,0.0,7.0,0.0,3.0,1.0,0.0
2081002721,9.0,0.0,8.0,1.0,1.0,0.8888888888888888,0.0
2081002763,10.0,0.0,10.0,0.0,1.0,1.0,0.0
2081002798,11.0,2.0,9.0,0.0,2.0,1.1818181818181819,0.18181818181818182
2081002836,9.0,4.0,5.0,0.0,2.0,1.4444444444444444,0.4444444444444444
2081002861,9.0,0.0,9.0,0.0,5.0,1.0,0.0
2081002933,10.0,1.0,9.0,0.0,2.0,1.1,0.1
2081002941,8.0,2.0,6.0,0.0,4.0,1.25,0.25
2081002950,11.0,2.0,9.0,0.0,1.0,1.1818181818181819,0.18181818181818182
2081002984,9.0,4.0,5.0,0.0,5.0,1.4444444444444444,0.4444444444444444
2081003026,9.0,7.0,2.0,0.0,4.0,1.7777777777777777,0.7777777777777778
2081003042,9.0,0.0,9.0,0.0,1.0,1.0,0.0
2081003182,6.0,0.0,3.0,3.0,1.0,0.5,0.0
2081003280,8.0,0.0,7.0,1.0,1.0,0.875,0.0
2081003301,8.0,1.0,7.0,0.0,1.0,1.125,0.125
2081003310,7.0,3.0,4.0,0.0,3.0,1.4285714285714286,0.42857142857142855
2081003344,7.0,3.0,4.0,0.0,1.0,1.4285714285714286,0.42857142857142855
2081003361,11.0,2.0,9.0,0.0,1.0,1.1818181818181819,0.18181818181818182
2081003387,10.0,1.0,8.0,1.0,4.0,1.0,0.1
2081003409,9.0,1.0,8.0,0.0,1.0,1.1111111111111112,0.1111111111111111
2081003441,11.0,0.0,11.0,0.0,3.0,1.0,0.0
2081003450,8.0,0.0,8.0,0.0,3.0,1.0,0.0
2081003484,12.0,1.0,7.0,4.0,1.0,0.75,0.08333333333333333
2081003549,10.0,0.0,7.0,3.0,4.0,0.7,0.0
2081003573,8.0,1.0,7.0,0.0,3.0,1.125,0.125
2081003581,11.0,0.0,10.0,1.0,1.0,0.9090909090909091,0.0
2081003611,8.0,0.0,8.0,0.0,2.0,1.0,0.0
2081003654,8.0,5.0,3.0,0.0,4.0,1.625,0.625
2081003735,10.0,8.0,2.0,0.0,1.0,1.8,0.8
2081003816,10.0,4.0,5.0,1.0,4.0,1.3,0.4
2081003883,7.0,2.0,5.0,0.0,1.0,1.2857142857142858,0.2857142857142857
2081003891,9.0,6.0,3.0,0.0,2.0,1.6666666666666667,0.6666666666666666
2081003905,9.0,7.0,2.0,0.0,0.0,1.7777777777777777,0.7777777777777778
2081003913,9.0,3.0,6.0,0.0,3.0,1.3333333333333333,0.3333333333333333
2081003964,7.0,3.0,4.0,0.0,5.0,1.4285714285714286,0.42857142857142855
2081003999,8.0,3.0,5.0,0.0,2.0,1.375,0.375
2081004014,17.0,0.0,13.0,4.0,3.0,0.7647058823529411,0.0
2081004065,6.0,2.0,3.0,1.0,1.0,1.1666666666666667,0.3333333333333333
2081004073,5.0,0.0,5.0,0.0,2.0,1.0,0.0
2081004103,9.0,1.0,8.0,0.0,8.0,1.1111111111111112,0.1111111111111111
2081004197,8.0,1.0,6.0,1.0,2.0,1.0,0.125
2081004201,4.0,0.0,4.0,0.0,1.0,1.0,0.0
2081004227,10.0,9.0,1.0,0.0,1.0,1.9,0.9
2081004251,3.0,0.0,3.0,0.0,1.0,1.0,0.0
2081004286,13.0,0.0,8.0,5.0,2.0,0.6153846153846154,0.0
2081004421,5.0,1.0,4.0,0.0,4.0,1.2,0.2
2081004481,8.0,3.0,5.0,0.0,1.0,1.375,0.375
2081004553,8.0,0.0,8.0,0.0,2.0,1.0,0.0
2081004715,6.0,2.0,4.0,0.0,2.0,1.3333333333333333,0.3333333333333333
2081004758,10.0,3.0,6.0,1.0,3.0,1.2,0.3
2081004847,8.0,7.0,1.0,0.0,1.0,1.875,0.875
2081004898,8.0,1.0,7.0,0.0,1.0,1.125,0.125
2081004901,15.0,1.0,14.0,0.0,3.0,1.0666666666666667,0.06666666666666667
2081004928,6.0,0.0,6.0,0.0,1.0,1.0,0.0
2081004987,8.0,0.0,8.0,0.0,1.0,1.0,0.0
2081004995,5.0,0.0,4.0,1.0,1.0,0.8,0.0
2081005029,5.0,0.0,5.0,0.0,3.0,1.0,0.0
2081005045,7.0,1.0,6.0,0.0,1.0,1.1428571428571428,0.14285714285714285
2081005053,13.0,4.0,8.0,1.0,1.0,1.2307692307692308,0.3076923076923077
2081005070,13.0,1.0,12.0,0.0,1.0,1.0769230769230769,0.07692307692307693
2081005151,10.0,3.0,7.0,0.0,4.0,1.3,0.3
2081005185,5.0,0.0,5.0,0.0,1.0,1.0,0.0
2081005207,8.0,0.0,7.0,1.0,4.0,0.875,0.0
2081005231,6.0,2.0,3.0,1.0,1.0,1.1666666666666667,0.3333333333333333
2081005274,14.0,4.0,9.0,1.0,2.0,1.2142857142857142,0.2857142857142857
2081005291,10.0,2.0,8.0,0.0,5.0,1.2,0.2
2081005312,8.0,2.0,6.0,0.0,1.0,1.25,0.25
2081005321,6.0,0.0,6.0,0.0,2.0,1.0,0.0
2081005347,6.0,0.0,6.0,0.0,1.0,1.0,0.0
2081005355,6.0,4.0,2.0,0.0,1.0,1.6666666666666667,0.6666666666666666
2081005398,5.0,1.0,4.0,0.0,1.0,1.2,0.2
2081005410,6.0,0.0,6.0,0.0,2.0,1.0,0.0
2081005461,9.0,1.0,8.0,0.0,1.0,1.1111111111111112,0.1111111111111111
2081005479,15.0,0.0,15.0,0.0,1.0,1.0,0.0
2081005517,5.0,0.0,5.0,0.0,1.0,1.0,0.0
2081005525,13.0,13.0,0.0,0.0,1.0,2.0,1.0
2081005576,7.0,0.0,7.0,0.0,0.0,1.0,0.0
2081005584,7.0,0.0,7.0,0.0,1.0,1.0,0.0
2081005606,11.0,1.0,9.0,1.0,1.0,1.0,0.09090909090909091
2081005622,6.0,1.0,4.0,1.0,0.0,1.0,0.16666666666666666
2081005649,6.0,2.0,4.0,0.0,1.0,1.3333333333333333,0.3333333333333333
2081005665,9.0,2.0,6.0,1.0,2.0,1.1111111111111112,0.2222222222222222
2081005673,5.0,2.0,3.0,0.0,1.0,1.4,0.4
2081005711,13.0,3.0,10.0,0.0,1.0,1.2307692307692308,0.23076923076923078
2081005762,6.0,0.0,4.0,2.0,1.0,0.6666666666666666,0.0
2081005835,18.0,1.0,17.0,0.0,1.0,1.0555555555555556,0.05555555555555555
2081005860,9.0,3.0,6.0,0.0,1.0,1.3333333333333333,0.3333333333333333
2081005886,10.0,0.0,10.0,0.0,1.0,1.0,0.0
2081005908,9.0,6.0,3.0,0.0,1.0,1.6666666666666667,0.6666666666666666
2081005941,4.0,1.0,3.0,0.0,2.0,1.25,0.25
2081006017,7.0,3.0,4.0,0.0,2.0,1.4285714285714286,0.42857142857142855
2081006025,9.0,5.0,4.0,0.0,1.0,1.5555555555555556,0.5555555555555556
2081006076,8.0,2.0,5.0,1.0,4.0,1.125,0.25
2081006114,9.0,0.0,7.0,2.0,4.0,0.7777777777777778,0.0
2081006131,11.0,0.0,8.0,3.0,6.0,0.7272727272727273,0.0
2081006181,9.0,0.0,8.0,1.0,2.0,0.8888888888888888,0.0
2081006301,8.0,2.0,6.0,0.0,3.0,1.25,0.25
2081006386,8.0,0.0,7.0,1.0,1.0,0.875,0.0
2081006483,10.0,1.0,7.0,2.0,3.0,0.9,0.1
2081006491,4.0,2.0,2.0,0.0,2.0,1.5,0.5
2081006548,11.0,6.0,4.0,1.0,4.0,1.4545454545454546,0.5454545454545454
2081006564,10.0,0.0,10.0,0.0,1.0,1.0,0.0
2081006572,6.0,0.0,6.0,0.0,4.0,1.0,0.0
2081006581,7.0,0.0,7.0,0.0,4.0,1.0,0.0
2081006611,10.0,6.0,4.0,0.0,2.0,1.6,0.6
2081006653,14.0,7.0,7.0,0.0,4.0,1.5,0.5
2081006688,12.0,7.0,5.0,0.0,6.0,1.5833333333333333,0.5833333333333334
2081006718,7.0,0.0,6.0,1.0,2.0,0.8571428571428571,0.0
2081006751,10.0,4.0,5.0,1.0,2.0,1.3,0.4
2081006785,8.0,2.0,5.0,1.0,2.0,1.125,0.25
2081006882,9.0,4.0,5.0,0.0,4.0,1.4444444444444444,0.4444444444444444
2081006891,9.0,1.0,8.0,0.0,1.0,1.1111111111111112,0.1111111111111111
2081006963,6.0,2.0,4.0,0.0,1.0,1.3333333333333333,0.3333333333333333
2081007013,7.0,4.0,3.0,0.0,1.0,1.5714285714285714,0.5714285714285714
2081007021,8.0,0.0,7.0,1.0,2.0,0.875,0.0
2081007048,7.0,0.0,5.0,2.0,1.0,0.7142857142857143,0.0
2081007081,8.0,0.0,8.0,0.0,1.0,1.0,0.0
2081007111,10.0,2.0,8.0,0.0,5.0,1.2,0.2
2081007153,8.0,1.0,4.0,3.0,2.0,0.75,0.125
2081007200,9.0,0.0,9.0,0.0,1.0,1.0,0.0
2081007277,8.0,1.0,7.0,0.0,1.0,1.125,0.125
2081007366,5.0,0.0,5.0,0.0,3.0,1.0,0.0
2081007480,10.0,2.0,8.0,0.0,2.0,1.2,0.2
2081007498,9.0,0.0,9.0,0.0,1.0,1.0,0.0
2081007510,8.0,0.0,8.0,0.0,1.0,1.0,0.0
2081007536,8.0,0.0,8.0,0.0,1.0,1.0,0.0
2081007684,9.0,4.0,5.0,0.0,2.0,1.4444444444444444,0.4444444444444444
2081007765,11.0,5.0,6.0,0.0,1.0,1.4545454545454546,0.45454545454545453
2081007803,7.0,2.0,5.0,0.0,0.0,1.2857142857142858,0.2857142857142857
2091000020,11.0,3.0,7.0,1.0,3.0,1.1818181818181819,0.2727272727272727
2091000054,8.0,1.0,7.0,0.0,4.0,1.125,0.125
2091000071,4.0,0.0,4.0,0.0,1.0,1.0,0.0
2091000097,14.0,5.0,9.0,0.0,2.0,1.3571428571428572,0.35714285714285715
2091000127,6.0,4.0,2.0,0.0,1.0,1.6666666666666667,0.6666666666666666
2091000135,10.0,0.0,10.0,0.0,1.0,1.0,0.0
2091000151,9.0,9.0,0.0,0.0,1.0,2.0,1.0
2091000194,10.0,0.0,8.0,2.0,5.0,0.8,0.0
2091000216,4.0,0.0,4.0,0.0,2.0,1.0,0.0
2091000267,9.0,4.0,5.0,0.0,1.0,1.4444444444444444,0.4444444444444444
2091000275,6.0,1.0,5.0,0.0,3.0,1.1666666666666667,0.16666666666666666
2091000313,4.0,1.0,3.0,0.0,1.0,1.25,0.25
2091000372,7.0,0.0,7.0,0.0,1.0,1.0,0.0
2091000399,3.0,0.0,3.0,0.0,1.0,1.0,0.0
2091000488,8.0,0.0,7.0,1.0,2.0,0.875,0.0
2091000542,6.0,0.0,6.0,0.0,1.0,1.0,0.0
2091000569,7.0,0.0,6.0,1.0,1.0,0.8571428571428571,0.0
2091000585,10.0,4.0,5.0,1.0,5.0,1.3,0.4
2091000631,6.0,0.0,3.0,3.0,1.0,0.5,0.0
2091000666,7.0,1.0,6.0,0.0,2.0,1.1428571428571428,0.14285714285714285
2091000682,7.0,0.0,7.0,0.0,0.0,1.0,0.0
2091000691,11.0,1.0,10.0,0.0,1.0,1.0909090909090908,0.09090909090909091
2091000828,9.0,4.0,5.0,0.0,1.0,1.4444444444444444,0.4444444444444444
2091000836,8.0,6.0,2.0,0.0,1.0,1.75,0.75
2091000844,6.0,0.0,3.0,3.0,1.0,0.5,0.0
2091000887,8.0,0.0,8.0,0.0,2.0,1.0,0.0
2091000895,7.0,2.0,5.0,0.0,1.0,1.2857142857142858,0.2857142857142857
2091000925,6.0,0.0,6.0,0.0,1.0,1.0,0.0
2091000950,7.0,0.0,7.0,0.0,2.0,1.0,0.0
2091000984,6.0,1.0,4.0,1.0,2.0,1.0,0.16666666666666666
2091001085,9.0,5.0,4.0,0.0,2.0,1.5555555555555556,0.5555555555555556
2091001158,8.0,6.0,2.0,0.0,2.0,1.75,0.75
2091001280,10.0,8.0,2.0,0.0,1.0,1.8,0.8
2091001328,9.0,1.0,8.0,0.0,3.0,1.1111111111111112,0.1111111111111111
2091001387,15.0,3.0,12.0,0.0,3.0,1.2,0.2
2091001417,15.0,0.0,15.0,0.0,1.0,1.0,0.0
2091001468,8.0,0.0,8.0,0.0,2.0,1.0,0.0
2091001514,11.0,1.0,10.0,0.0,1.0,1.0909090909090908,0.09090909090909091
2091001549,8.0,0.0,8.0,0.0,5.0,1.0,0.0
2091001557,8.0,6.0,2.0,0.0,1.0,1.75,0.75
2091001573,13.0,5.0,8.0,0.0,2.0,1.3846153846153846,0.38461538461538464
2091001611,10.0,1.0,9.0,0.0,7.0,1.1,0.1
2091001671,9.0,3.0,6.0,0.0,4.0,1.3333333333333333,0.3333333333333333
2091001689,11.0,6.0,5.0,0.0,1.0,1.5454545454545454,0.5454545454545454
2091001727,13.0,4.0,9.0,0.0,1.0,1.3076923076923077,0.3076923076923077
2091001760,5.0,1.0,4.0,0.0,1.0,1.2,0.2
2091001867,10.0,4.0,6.0,0.0,7.0,1.4,0.4
2091002006,6.0,0.0,6.0,0.0,3.0,1.0,0.0
2091002065,5.0,0.0,4.0,1.0,1.0,0.8,0.0
2091002146,7.0,0.0,7.0,0.0,1.0,1.0,0.0
2091002197,11.0,5.0,4.0,2.0,3.0,1.2727272727272727,0.45454545454545453
2091002219,5.0,2.0,3.0,0.0,2.0,1.4,0.4
2091002235,13.0,4.0,9.0,0.0,1.0,1.3076923076923077,0.3076923076923077
2091002260,6.0,2.0,4.0,0.0,1.0,1.3333333333333333,0.3333333333333333
2091002294,7.0,2.0,5.0,0.0,1.0,1.2857142857142858,0.2857142857142857
2091002316,7.0,1.0,4.0,2.0,5.0,0.8571428571428571,0.14285714285714285
2091002391,11.0,7.0,4.0,0.0,1.0,1.6363636363636365,0.6363636363636364
2091002472,5.0,2.0,1.0,2.0,1.0,1.0,0.4
2091002537,7.0,2.0,5.0,0.0,4.0,1.2857142857142858,0.2857142857142857
2091002553,10.0,0.0,9.0,1.0,2.0,0.9,0.0
2091002600,5.0,0.0,4.0,1.0,2.0,0.8,0.0
2091002766,7.0,1.0,6.0,0.0,2.0,1.1428571428571428,0.14285714285714285
2091002791,10.0,0.0,10.0,0.0,2.0,1.0,0.0
2091003011,10.0,4.0,5.0,1.0,3.0,1.3,0.4
2091003053,9.0,1.0,4.0,4.0,2.0,0.6666666666666666,0.1111111111111111
2091003100,14.0,3.0,11.0,0.0,2.0,1.2142857142857142,0.21428571428571427
2091003151,10.0,0.0,10.0,0.0,2.0,1.0,0.0
2091003193,10.0,3.0,7.0,0.0,4.0,1.3,0.3
2091003207,6.0,0.0,1.0,5.0,1.0,0.16666666666666666,0.0
2091003231,6.0,1.0,5.0,0.0,1.0,1.1666666666666667,0.16666666666666666
2091003312,7.0,3.0,4.0,0.0,2.0,1.4285714285714286,0.42857142857142855
2091003339,10.0,1.0,9.0,0.0,0.0,1.1,0.1
2091003363,5.0,4.0,1.0,0.0,1.0,1.8,0.8
2091003444,11.0,0.0,8.0,3.0,1.0,0.7272727272727273,0.0
2091003479,10.0,2.0,8.0,0.0,2.0,1.2,0.2
2091003495,4.0,1.0,2.0,1.0,1.0,1.0,0.25
2091003541,8.0,3.0,5.0,0.0,4.0,1.375,0.375
2091003550,6.0,0.0,6.0,0.0,1.0,1.0,0.0
2091003614,10.0,1.0,9.0,0.0,1.0,1.1,0.1
2091003657,10.0,0.0,9.0,1.0,1.0,0.9,0.0
2091003690,6.0,0.0,5.0,1.0,2.0,0.8333333333333334,0.0
2091003703,6.0,1.0,5.0,0.0,1.0,1.1666666666666667,0.16666666666666666
2091003711,7.0,7.0,0.0,0.0,2.0,2.0,1.0
2091003720,6.0,3.0,2.0,1.0,1.0,1.3333333333333333,0.5
2091003746,7.0,0.0,6.0,1.0,2.0,0.8571428571428571,0.0
2091003771,8.0,4.0,4.0,0.0,5.0,1.5,0.5
2091003797,8.0,0.0,3.0,5.0,2.0,0.375,0.0
2091003801,9.0,1.0,8.0,0.0,6.0,1.1111111111111112,0.1111111111111111
2091003835,5.0,1.0,4.0,0.0,1.0,1.2,0.2
2091003843,12.0,7.0,4.0,1.0,1.0,1.5,0.5833333333333334
2091003851,8.0,3.0,5.0,0.0,3.0,1.375,0.375
2091003860,14.0,0.0,14.0,0.0,2.0,1.0,0.0
2091003878,12.0,12.0,0.0,0.0,3.0,2.0,1.0
2091003886,8.0,5.0,3.0,0.0,5.0,1.625,0.625
2091003894,9.0,6.0,3.0,0.0,5.0,1.6666666666666667,0.6666666666666666
2091003908,6.0,5.0,1.0,0.0,2.0,1.8333333333333333,0.8333333333333334
2091003916,15.0,11.0,4.0,0.0,1.0,1.7333333333333334,0.7333333333333333
2091003967,6.0,4.0,2.0,0.0,2.0,1.6666666666666667,0.6666666666666666
2091004009,11.0,0.0,9.0,2.0,7.0,0.8181818181818182,0.0
2091004041,5.0,0.0,5.0,0.0,1.0,1.0,0.0
2091004092,8.0,6.0,2.0,0.0,3.0,1.75,0.75
2091004106,10.0,0.0,9.0,1.0,2.0,0.9,0.0
2091004149,7.0,1.0,5.0,1.0,1.0,1.0,0.14285714285714285
2091004173,6.0,2.0,4.0,0.0,3.0,1.3333333333333333,0.3333333333333333
2091004181,5.0,0.0,4.0,1.0,1.0,0.8,0.0
2091004220,12.0,0.0,9.0,3.0,1.0,0.75,0.0
2091004271,7.0,2.0,5.0,0.0,1.0,1.2857142857142858,0.2857142857142857
2091004301,8.0,4.0,3.0,1.0,3.0,1.375,0.5
2091004327,5.0,1.0,4.0,0.0,2.0,1.2,0.2
2091004351,9.0,1.0,8.0,0.0,3.0,1.1111111111111112,0.1111111111111111
2091004378,9.0,0.0,8.0,1.0,1.0,0.8888888888888888,0.0
2091004394,4.0,0.0,4.0,0.0,2.0,1.0,0.0
2091004416,8.0,1.0,7.0,0.0,2.0,1.125,0.125
2091004459,10.0,0.0,10.0,0.0,2.0,1.0,0.0
2091004467,9.0,6.0,3.0,0.0,0.0,1.6666666666666667,0.6666666666666666
2091004475,11.0,0.0,11.0,0.0,1.0,1.0,0.0
2091004483,9.0,0.0,9.0,0.0,1.0,1.0,0.0
2091004521,10.0,7.0,3.0,0.0,1.0,1.7,0.7
2091004548,10.0,1.0,9.0,0.0,1.0,1.1,0.1
2091004564,11.0,0.0,10.0,1.0,2.0,0.9090909090909091,0.0
2091004670,9.0,1.0,8.0,0.0,1.0,1.1111111111111112,0.1111111111111111
2091004688,8.0,6.0,2.0,0.0,2.0,1.75,0.75
2091004696,12.0,0.0,11.0,1.0,3.0,0.9166666666666666,0.0
2091004751,10.0,2.0,8.0,0.0,7.0,1.2,0.2
2091004980,6.0,1.0,5.0,0.0,1.0,1.1666666666666667,0.16666666666666666
2091005013,7.0,1.0,5.0,1.0,4.0,1.0,0.14285714285714285
2091005030,7.0,0.0,7.0,0.0,1.0,1.0,0.0
2091005056,7.0,0.0,7.0,0.0,3.0,1.0,0.0
2091005129,8.0,0.0,8.0,0.0,2.0,1.0,0.0
2091005153,9.0,2.0,7.0,0.0,4.0,1.2222222222222223,0.2222222222222222
2091005170,9.0,1.0,8.0,0.0,6.0,1.1111111111111112,0.1111111111111111
2091005200,8.0,0.0,6.0,2.0,5.0,0.75,0.0
2091005218,9.0,0.0,8.0,1.0,1.0,0.8888888888888888,0.0
2091005234,6.0,0.0,6.0,0.0,1.0,1.0,0.0
2091005242,15.0,0.0,14.0,1.0,1.0,0.9333333333333333,0.0
2091005251,4.0,1.0,3.0,0.0,0.0,1.25,0.25
2091005269,10.0,0.0,10.0,0.0,2.0,1.0,0.0
2091005277,8.0,4.0,4.0,0.0,1.0,1.5,0.5
2091005285,10.0,2.0,8.0,0.0,3.0,1.2,0.2
2091005293,12.0,4.0,8.0,0.0,2.0,1.3333333333333333,0.3333333333333333
2091005323,8.0,8.0,0.0,0.0,2.0,2.0,1.0
2091005331,6.0,0.0,5.0,1.0,2.0,0.8333333333333334,0.0
2091005358,7.0,0.0,7.0,0.0,1.0,1.0,0.0
2091005391,9.0,2.0,7.0,0.0,1.0,1.2222222222222223,0.2222222222222222
2091005412,6.0,0.0,5.0,1.0,1.0,0.8333333333333334,0.0
2091005439,7.0,1.0,5.0,1.0,1.0,1.0,0.14285714285714285
2091005447,6.0,1.0,3.0,2.0,1.0,0.8333333333333334,0.16666666666666666
2091005471,7.0,0.0,7.0,0.0,0.0,1.0,0.0
2091005510,6.0,5.0,1.0,0.0,1.0,1.8333333333333333,0.8333333333333334
2091005528,9.0,1.0,8.0,0.0,1.0,1.1111111111111112,0.1111111111111111
2091005536,6.0,0.0,6.0,0.0,0.0,1.0,0.0
2091005595,8.0,0.0,6.0,2.0,2.0,0.75,0.0
2091005625,6.0,0.0,3.0,3.0,4.0,0.5,0.0
2091005650,9.0,1.0,7.0,1.0,1.0,1.0,0.1111111111111111
2091005668,4.0,2.0,2.0,0.0,1.0,1.5,0.5
2091005676,6.0,0.0,6.0,0.0,2.0,1.0,0.0
2091005731,2.0,0.0,2.0,0.0,0.0,1.0,0.0
2091005838,13.0,9.0,4.0,0.0,1.0,1.6923076923076923,0.6923076923076923
2091005854,5.0,2.0,3.0,0.0,1.0,1.4,0.4
2091005897,7.0,2.0,5.0,0.0,1.0,1.2857142857142858,0.2857142857142857
2091006087,9.0,3.0,6.0,0.0,1.0,1.3333333333333333,0.3333333333333333
2091006125,7.0,0.0,6.0,1.0,4.0,0.8571428571428571,0.0
2091006133,8.0,5.0,3.0,0.0,1.0,1.625,0.625
2091006150,7.0,0.0,7.0,0.0,2.0,1.0,0.0
2091006176,10.0,2.0,8.0,0.0,2.0,1.2,0.2
2091006184,10.0,1.0,9.0,0.0,5.0,1.1,0.1
2091006257,11.0,5.0,6.0,0.0,1.0,1.4545454545454546,0.45454545454545453
2091006281,13.0,6.0,7.0,0.0,1.0,1.4615384615384615,0.46153846153846156
2091006311,7.0,0.0,7.0,0.0,1.0,1.0,0.0
2091006354,6.0,0.0,4.0,2.0,2.0,0.6666666666666666,0.0
2091006371,19.0,3.0,15.0,1.0,4.0,1.105263157894737,0.15789473684210525
2091006389,4.0,0.0,4.0,0.0,1.0,1.0,0.0
2091006427,11.0,1.0,10.0,0.0,2.0,1.0909090909090908,0.09090909090909091
2091006443,11.0,0.0,11.0,0.0,4.0,1.0,0.0
2091006460,4.0,0.0,4.0,0.0,1.0,1.0,0.0
2091006486,5.0,3.0,2.0,0.0,0.0,1.6,0.6
2091006494,10.0,6.0,4.0,0.0,1.0,1.6,0.6
2091006559,12.0,4.0,7.0,1.0,2.0,1.25,0.3333333333333333
2091006567,10.0,2.0,8.0,0.0,1.0,1.2,0.2
2091006605,7.0,2.0,5.0,0.0,2.0,1.2857142857142858,0.2857142857142857
2091006630,12.0,4.0,8.0,0.0,3.0,1.3333333333333333,0.3333333333333333
2091006672,5.0,3.0,2.0,0.0,2.0,1.6,0.6
2091006681,6.0,2.0,4.0,0.0,3.0,1.3333333333333333,0.3333333333333333
2091006729,5.0,0.0,5.0,0.0,1.0,1.0,0.0
2091006737,8.0,0.0,8.0,0.0,1.0,1.0,0.0
2091006745,5.0,1.0,4.0,0.0,1.0,1.2,0.2
2091006770,7.0,6.0,1.0,0.0,2.0,1.8571428571428572,0.8571428571428571
2091006788,8.0,0.0,7.0,1.0,1.0,0.875,0.0
2091006800,9.0,5.0,3.0,1.0,1.0,1.4444444444444444,0.5555555555555556
2091006842,10.0,1.0,9.0,0.0,2.0,1.1,0.1
2091006885,8.0,2.0,6.0,0.0,1.0,1.25,0.25
2091006893,6.0,2.0,4.0,0.0,1.0,1.3333333333333333,0.3333333333333333
2091007041,8.0,1.0,7.0,0.0,1.0,1.125,0.125
2091007059,10.0,6.0,4.0,0.0,3.0,1.6,0.6
2091007113,17.0,0.0,17.0,0.0,4.0,1.0,0.0
2091007199,5.0,1.0,4.0,0.0,1.0,1.2,0.2
2091007237,13.0,0.0,12.0,1.0,6.0,0.9230769230769231,0.0
2091007288,14.0,9.0,5.0,0.0,3.0,1.6428571428571428,0.6428571428571429
2091007326,12.0,0.0,8.0,4.0,3.0,0.6666666666666666,0.0
2091007342,6.0,0.0,6.0,0.0,1.0,1.0,0.0
2091007351,9.0,2.0,7.0,0.0,2.0,1.2222222222222223,0.2222222222222222
2091007369,5.0,0.0,5.0,0.0,5.0,1.0,0.0
2091007377,10.0,2.0,8.0,0.0,1.0,1.2,0.2
2091007431,6.0,2.0,4.0,0.0,1.0,1.3333333333333333,0.3333333333333333
2091007440,6.0,0.0,2.0,4.0,3.0,0.3333333333333333,0.0
2091007474,10.0,0.0,9.0,1.0,1.0,0.9,0.0
2091007512,4.0,0.0,4.0,0.0,0.0,1.0,0.0
2091007521,8.0,7.0,0.0,1.0,7.0,1.75,0.875
2091007539,8.0,6.0,2.0,0.0,1.0,1.75,0.75
2091007636,10.0,0.0,10.0,0.0,1.0,1.0,0.0
2091007652,5.0,0.0,3.0,2.0,1.0,0.6,0.0
2091007806,9.0,1.0,6.0,2.0,3.0,0.8888888888888888,0.1111111111111111
2141000041,10.0,1.0,9.0,0.0,1.0,1.1,0.1
2141000059,5.0,0.0,2.0,3.0,1.0,0.4,0.0
2141000075,9.0,3.0,6.0,0.0,4.0,1.3333333333333333,0.3333333333333333
2141000091,6.0,1.0,5.0,0.0,1.0,1.1666666666666667,0.16666666666666666
2141000156,2.0,0.0,1.0,1.0,0.0,0.5,0.0
2141000202,8.0,0.0,8.0,0.0,2.0,1.0,0.0
2141000245,7.0,1.0,6.0,0.0,1.0,1.1428571428571428,0.14285714285714285
2141000318,3.0,0.0,3.0,0.0,1.0,1.0,0.0
2141000326,6.0,0.0,6.0,0.0,3.0,1.0,0.0
2141000342,14.0,4.0,10.0,0.0,2.0,1.2857142857142858,0.2857142857142857
2141000377,7.0,1.0,6.0,0.0,1.0,1.1428571428571428,0.14285714285714285
2141000415,7.0,0.0,7.0,0.0,7.0,1.0,0.0
2141000482,5.0,0.0,5.0,0.0,5.0,1.0,0.0
2141000504,8.0,0.0,8.0,0.0,2.0,1.0,0.0
2141000636,7.0,1.0,6.0,0.0,3.0,1.1428571428571428,0.14285714285714285
2141000644,9.0,0.0,9.0,0.0,3.0,1.0,0.0
2141000687,5.0,0.0,3.0,2.0,2.0,0.6,0.0
2141000717,11.0,3.0,8.0,0.0,4.0,1.2727272727272727,0.2727272727272727
2141000733,7.0,1.0,6.0,0.0,3.0,1.1428571428571428,0.14285714285714285
2141000750,5.0,0.0,4.0,1.0,1.0,0.8,0.0
2141000792,3.0,0.0,3.0,0.0,1.0,1.0,0.0
2141001039,3.0,1.0,2.0,0.0,0.0,1.3333333333333333,0.3333333333333333
2141001101,6.0,1.0,5.0,0.0,5.0,1.1666666666666667,0.16666666666666666
2141001195,11.0,1.0,10.0,0.0,2.0,1.0909090909090908,0.09090909090909091
2141001225,7.0,0.0,7.0,0.0,2.0,1.0,0.0
2141001276,6.0,1.0,5.0,0.0,2.0,1.1666666666666667,0.16666666666666666
2141001284,6.0,1.0,5.0,0.0,1.0,1.1666666666666667,0.16666666666666666
2141001349,7.0,0.0,7.0,0.0,3.0,1.0,0.0
2141001390,8.0,0.0,8.0,0.0,2.0,1.0,0.0
2141001446,8.0,1.0,7.0,0.0,7.0,1.125,0.125
2141001454,6.0,0.0,6.0,0.0,2.0,1.0,0.0
2141001471,7.0,1.0,6.0,0.0,3.0,1.1428571428571428,0.14285714285714285
2141001535,8.0,0.0,8.0,0.0,5.0,1.0,0.0
2141001560,10.0,0.0,8.0,2.0,6.0,0.8,0.0
2141001616,6.0,0.0,6.0,0.0,1.0,1.0,0.0
2141001624,10.0,0.0,10.0,0.0,2.0,1.0,0.0
2141001641,6.0,0.0,6.0,0.0,2.0,1.0,0.0
2141001683,6.0,2.0,4.0,0.0,2.0,1.3333333333333333,0.3333333333333333
2141001748,10.0,1.0,9.0,0.0,3.0,1.1,0.1
2141001764,5.0,1.0,4.0,0.0,3.0,1.2,0.2
2141001870,10.0,1.0,9.0,0.0,5.0,1.1,0.1
2141001934,5.0,1.0,4.0,0.0,0.0,1.2,0.2
2141001951,7.0,0.0,7.0,0.0,3.0,1.0,0.0
2141002001,6.0,0.0,6.0,0.0,1.0,1.0,0.0
2141002027,4.0,0.0,4.0,0.0,2.0,1.0,0.0
2141002043,10.0,1.0,9.0,0.0,2.0,1.1,0.1
2141002051,9.0,2.0,7.0,0.0,7.0,1.2222222222222223,0.2222222222222222
2141002078,8.0,1.0,7.0,0.0,1.0,1.125,0.125
2141002116,10.0,4.0,6.0,0.0,1.0,1.4,0.4
2141002124,13.0,3.0,10.0,0.0,2.0,1.2307692307692308,0.23076923076923078
2141002132,4.0,1.0,3.0,0.0,3.0,1.25,0.25
2141002256,4.0,0.0,4.0,0.0,2.0,1.0,0.0
2141002299,6.0,0.0,6.0,0.0,4.0,1.0,0.0
2141002302,14.0,0.0,14.0,0.0,6.0,1.0,0.0
2141002361,7.0,0.0,7.0,0.0,4.0,1.0,0.0
2141002370,5.0,0.0,5.0,0.0,0.0,1.0,0.0
2141002396,7.0,0.0,7.0,0.0,0.0,1.0,0.0
2141002426,5.0,0.0,5.0,0.0,1.0,1.0,0.0
2141002477,10.0,0.0,10.0,0.0,2.0,1.0,0.0
2141002493,11.0,0.0,10.0,1.0,2.0,0.9090909090909091,0.0
2141002523,10.0,0.0,6.0,4.0,4.0,0.6,0.0
2141002531,11.0,0.0,8.0,3.0,3.0,0.7272727272727273,0.0
2141002621,9.0,0.0,9.0,0.0,4.0,1.0,0.0
2141002639,12.0,3.0,9.0,0.0,2.0,1.25,0.25
2141002663,7.0,0.0,7.0,0.0,5.0,1.0,0.0
2141002728,8.0,0.0,8.0,0.0,7.0,1.0,0.0
2141002736,9.0,0.0,9.0,0.0,2.0,1.0,0.0
2141002906,15.0,2.0,13.0,0.0,1.0,1.1333333333333333,0.13333333333333333
2141002922,7.0,0.0,7.0,0.0,1.0,1.0,0.0
2141002965,7.0,0.0,7.0,0.0,1.0,1.0,0.0
2141003058,11.0,5.0,6.0,0.0,2.0,1.4545454545454546,0.45454545454545453
2141003066,14.0,6.0,8.0,0.0,1.0,1.4285714285714286,0.42857142857142855
2141003082,11.0,7.0,4.0,0.0,1.0,1.6363636363636365,0.6363636363636364
2141003147,8.0,0.0,8.0,0.0,2.0,1.0,0.0
2141003244,6.0,0.0,1.0,5.0,1.0,0.16666666666666666,0.0
2141003287,6.0,4.0,2.0,0.0,1.0,1.6666666666666667,0.6666666666666666
2141003325,5.0,0.0,5.0,0.0,0.0,1.0,0.0
2141003414,3.0,0.0,3.0,0.0,1.0,1.0,0.0
2141003465,9.0,0.0,9.0,0.0,5.0,1.0,0.0
2141003473,12.0,5.0,7.0,0.0,1.0,1.4166666666666667,0.4166666666666667
2141003481,11.0,0.0,11.0,0.0,5.0,1.0,0.0
2141003503,12.0,1.0,11.0,0.0,1.0,1.0833333333333333,0.08333333333333333
2141003511,9.0,1.0,8.0,0.0,5.0,1.1111111111111112,0.1111111111111111
2141003554,9.0,4.0,5.0,0.0,1.0,1.4444444444444444,0.4444444444444444
2141003571,10.0,0.0,10.0,0.0,2.0,1.0,0.0
2141003597,3.0,0.0,3.0,0.0,2.0,1.0,0.0
2141003627,6.0,1.0,5.0,0.0,1.0,1.1666666666666667,0.16666666666666666
2141003678,11.0,0.0,10.0,1.0,1.0,0.9090909090909091,0.0
2141003716,15.0,15.0,0.0,0.0,2.0,2.0,1.0
2141003741,10.0,0.0,10.0,0.0,1.0,1.0,0.0
2141003805,9.0,3.0,6.0,0.0,5.0,1.3333333333333333,0.3333333333333333
2141003821,9.0,0.0,9.0,0.0,1.0,1.0,0.0
2141003856,6.0,0.0,6.0,0.0,3.0,1.0,0.0
2141003864,11.0,0.0,11.0,0.0,5.0,1.0,0.0
2141003961,11.0,4.0,7.0,0.0,2.0,1.3636363636363635,0.36363636363636365
2141004003,14.0,1.0,13.0,0.0,1.0,1.0714285714285714,0.07142857142857142
2141004046,7.0,0.0,4.0,3.0,1.0,0.5714285714285714,0.0
2141004054,4.0,0.0,4.0,0.0,1.0,1.0,0.0
2141004135,9.0,0.0,9.0,0.0,3.0,1.0,0.0
2141004151,8.0,0.0,8.0,0.0,4.0,1.0,0.0
2141004178,6.0,1.0,5.0,0.0,1.0,1.1666666666666667,0.16666666666666666
2141004186,9.0,4.0,5.0,0.0,1.0,1.4444444444444444,0.4444444444444444
2141004194,8.0,0.0,8.0,0.0,1.0,1.0,0.0
2141004216,9.0,5.0,4.0,0.0,2.0,1.5555555555555556,0.5555555555555556
2141004232,5.0,0.0,5.0,0.0,0.0,1.0,0.0
2141004241,8.0,0.0,8.0,0.0,4.0,1.0,0.0
2141004283,8.0,0.0,8.0,0.0,2.0,1.0,0.0
2141004321,5.0,3.0,2.0,0.0,1.0,1.6,0.6
2141004348,6.0,1.0,5.0,0.0,1.0,1.1666666666666667,0.16666666666666666
2141004399,7.0,0.0,7.0,0.0,4.0,1.0,0.0
2141004437,11.0,0.0,11.0,0.0,3.0,1.0,0.0
2141004445,12.0,0.0,11.0,1.0,4.0,0.9166666666666666,0.0
2141004470,7.0,0.0,7.0,0.0,1.0,1.0,0.0
2141004496,6.0,0.0,6.0,0.0,1.0,1.0,0.0
2141004607,8.0,2.0,6.0,0.0,1.0,1.25,0.25
2141004631,11.0,0.0,11.0,0.0,2.0,1.0,0.0
2141004682,9.0,7.0,2.0,0.0,5.0,1.7777777777777777,0.7777777777777778
2141004691,8.0,0.0,8.0,0.0,2.0,1.0,0.0
2141004704,7.0,2.0,5.0,0.0,2.0,1.2857142857142858,0.2857142857142857
2141004798,4.0,1.0,3.0,0.0,3.0,1.25,0.25
2141004810,6.0,1.0,5.0,0.0,2.0,1.1666666666666667,0.16666666666666666
2141004828,8.0,0.0,8.0,0.0,4.0,1.0,0.0
2141004852,5.0,1.0,4.0,0.0,1.0,1.2,0.2
2141004887,7.0,0.0,7.0,0.0,3.0,1.0,0.0
2141004895,4.0,0.0,4.0,0.0,1.0,1.0,0.0
2141004917,9.0,0.0,9.0,0.0,3.0,1.0,0.0
2141004950,7.0,1.0,6.0,0.0,2.0,1.1428571428571428,0.14285714285714285
2141004968,5.0,2.0,3.0,0.0,1.0,1.4,0.4
2141005018,7.0,0.0,7.0,0.0,1.0,1.0,0.0
2141005034,5.0,0.0,5.0,0.0,1.0,1.0,0.0
2141005051,4.0,0.0,4.0,0.0,1.0,1.0,0.0
2141005115,5.0,0.0,5.0,0.0,1.0,1.0,0.0
2141005123,7.0,0.0,7.0,0.0,1.0,1.0,0.0
2141005158,12.0,1.0,11.0,0.0,4.0,1.0833333333333333,0.08333333333333333
2141005174,7.0,0.0,6.0,1.0,0.0,0.8571428571428571,0.0
2141005212,4.0,1.0,3.0,0.0,1.0,1.25,0.25
2141005239,7.0,0.0,7.0,0.0,2.0,1.0,0.0
2141005255,5.0,2.0,3.0,0.0,2.0,1.4,0.4
2141005280,9.0,0.0,9.0,0.0,7.0,1.0,0.0
2141005298,8.0,0.0,8.0,0.0,0.0,1.0,0.0
2141005344,10.0,0.0,10.0,0.0,1.0,1.0,0.0
2141005352,10.0,3.0,7.0,0.0,4.0,1.3,0.3
2141005361,15.0,0.0,15.0,0.0,1.0,1.0,0.0
2141005409,7.0,0.0,7.0,0.0,2.0,1.0,0.0
2141005417,8.0,0.0,8.0,0.0,2.0,1.0,0.0
2141005441,9.0,4.0,5.0,0.0,4.0,1.4444444444444444,0.4444444444444444
2141005492,7.0,1.0,6.0,0.0,1.0,1.1428571428571428,0.14285714285714285
2141005531,6.0,0.0,6.0,0.0,1.0,1.0,0.0
2141005557,13.0,0.0,13.0,0.0,4.0,1.0,0.0
2141005573,11.0,8.0,3.0,0.0,1.0,1.7272727272727273,0.7272727272727273
2141005620,9.0,0.0,9.0,0.0,2.0,1.0,0.0
2141005646,7.0,0.0,7.0,0.0,1.0,1.0,0.0
2141005654,8.0,0.0,8.0,0.0,1.0,1.0,0.0
2141005662,7.0,0.0,7.0,0.0,5.0,1.0,0.0
2141005719,16.0,0.0,16.0,0.0,2.0,1.0,0.0
2141005727,7.0,0.0,7.0,0.0,4.0,1.0,0.0
2141005816,8.0,0.0,8.0,0.0,2.0,1.0,0.0
2141005824,8.0,4.0,4.0,0.0,4.0,1.5,0.5
2141005832,7.0,0.0,7.0,0.0,1.0,1.0,0.0
2141005875,5.0,0.0,5.0,0.0,2.0,1.0,0.0
2141005883,8.0,3.0,5.0,0.0,2.0,1.375,0.375
2141005891,6.0,1.0,5.0,0.0,4.0,1.1666666666666667,0.16666666666666666
2141005905,9.0,0.0,8.0,1.0,5.0,0.8888888888888888,0.0
2141005981,4.0,1.0,3.0,0.0,1.0,1.25,0.25
2141005999,4.0,0.0,4.0,0.0,1.0,1.0,0.0
2141006014,6.0,0.0,6.0,0.0,4.0,1.0,0.0
2141006073,6.0,0.0,6.0,0.0,4.0,1.0,0.0
2141006081,7.0,2.0,5.0,0.0,4.0,1.2857142857142858,0.2857142857142857
2141006090,9.0,0.0,8.0,1.0,5.0,0.8888888888888888,0.0
2141006111,6.0,0.0,6.0,0.0,1.0,1.0,0.0
2141006120,10.0,7.0,3.0,0.0,1.0,1.7,0.7
2141006138,6.0,0.0,6.0,0.0,3.0,1.0,0.0
2141006146,7.0,0.0,7.0,0.0,6.0,1.0,0.0
2141006162,8.0,3.0,5.0,0.0,1.0,1.375,0.375
2141006201,6.0,4.0,2.0,0.0,1.0,1.6666666666666667,0.6666666666666666
2141006235,11.0,0.0,10.0,1.0,2.0,0.9090909090909091,0.0
2141006278,7.0,0.0,7.0,0.0,4.0,1.0,0.0
2141006324,11.0,0.0,11.0,0.0,1.0,1.0,0.0
2141006332,8.0,0.0,7.0,1.0,5.0,0.875,0.0
2141006391,8.0,0.0,8.0,0.0,8.0,1.0,0.0
2141006421,5.0,0.0,5.0,0.0,0.0,1.0,0.0
2141006448,10.0,0.0,10.0,0.0,5.0,1.0,0.0
2141006499,4.0,0.0,3.0,1.0,2.0,0.75,0.0
2141006537,10.0,2.0,8.0,0.0,5.0,1.2,0.2
2141006545,10.0,3.0,7.0,0.0,2.0,1.3,0.3
2141006600,7.0,0.0,7.0,0.0,3.0,1.0,0.0
2141006618,7.0,5.0,2.0,0.0,0.0,1.7142857142857142,0.7142857142857143
2141006634,8.0,0.0,8.0,0.0,3.0,1.0,0.0
2141006723,4.0,0.0,4.0,0.0,2.0,1.0,0.0
2141006740,8.0,3.0,5.0,0.0,1.0,1.375,0.375
2141006782,13.0,0.0,13.0,0.0,6.0,1.0,0.0
2141006804,9.0,0.0,9.0,0.0,2.0,1.0,0.0
2141006812,4.0,0.0,4.0,0.0,1.0,1.0,0.0
2141006847,9.0,7.0,2.0,0.0,1.0,1.7777777777777777,0.7777777777777778
2141006898,8.0,0.0,8.0,0.0,6.0,1.0,0.0
2141006961,8.0,1.0,7.0,0.0,1.0,1.125,0.125
2141006979,5.0,1.0,4.0,0.0,3.0,1.2,0.2
2141007045,6.0,0.0,6.0,0.0,2.0,1.0,0.0
2141007053,7.0,0.0,7.0,0.0,2.0,1.0,0.0
2141007088,4.0,0.0,4.0,0.0,1.0,1.0,0.0
2141007118,6.0,0.0,6.0,0.0,2.0,1.0,0.0
2141007151,6.0,1.0,5.0,0.0,1.0,1.1666666666666667,0.16666666666666666
2141007177,6.0,0.0,6.0,0.0,2.0,1.0,0.0
2141007207,12.0,0.0,12.0,0.0,3.0,1.0,0.0
2141007258,5.0,0.0,5.0,0.0,2.0,1.0,0.0
2141007266,10.0,0.0,10.0,0.0,3.0,1.0,0.0
2141007355,6.0,1.0,5.0,0.0,4.0,1.1666666666666667,0.16666666666666666
2141007371,5.0,1.0,4.0,0.0,1.0,1.2,0.2
2141007380,10.0,0.0,10.0,0.0,5.0,1.0,0.0
2141007428,7.0,2.0,3.0,2.0,3.0,1.0,0.2857142857142857
2141007444,8.0,0.0,8.0,0.0,3.0,1.0,0.0
2141007452,9.0,1.0,8.0,0.0,3.0,1.1111111111111112,0.1111111111111111
2141007568,7.0,5.0,2.0,0.0,1.0,1.7142857142857142,0.7142857142857143
2141007584,11.0,1.0,10.0,0.0,3.0,1.0909090909090908,0.09090909090909091
2141007614,4.0,0.0,4.0,0.0,3.0,1.0,0.0
2141007657,6.0,4.0,2.0,0.0,1.0,1.6666666666666667,0.6666666666666666
2141007665,10.0,2.0,8.0,0.0,5.0,1.2,0.2
2141007703,7.0,1.0,6.0,0.0,3.0,1.1428571428571428,0.14285714285714285
2141007754,6.0,1.0,5.0,0.0,1.0,1.1666666666666667,0.16666666666666666
2141007762,9.0,0.0,9.0,0.0,5.0,1.0,0.0
2141007801,6.0,0.0,6.0,0.0,0.0,1.0,0.0
2171000022,6.0,0.0,6.0,0.0,0.0,1.0,0.0
2171000049,8.0,2.0,6.0,0.0,5.0,1.25,0.25
2171000111,8.0,0.0,8.0,0.0,8.0,1.0,0.0
2171000138,7.0,1.0,6.0,0.0,2.0,1.1428571428571428,0.14285714285714285
2171000162,19.0,3.0,16.0,0.0,5.0,1.1578947368421053,0.15789473684210525
2171000171,8.0,1.0,7.0,0.0,1.0,1.125,0.125
2171000227,9.0,0.0,9.0,0.0,2.0,1.0,0.0
2171000251,8.0,0.0,8.0,0.0,3.0,1.0,0.0
2171000260,8.0,0.0,8.0,0.0,1.0,1.0,0.0
2171000341,8.0,0.0,8.0,0.0,5.0,1.0,0.0
2171000367,5.0,0.0,5.0,0.0,2.0,1.0,0.0
2171000375,9.0,0.0,9.0,0.0,5.0,1.0,0.0
2171000383,7.0,1.0,6.0,0.0,1.0,1.1428571428571428,0.14285714285714285
2171000430,6.0,0.0,6.0,0.0,1.0,1.0,0.0
2171000448,5.0,1.0,4.0,0.0,1.0,1.2,0.2
2171000545,6.0,1.0,5.0,0.0,1.0,1.1666666666666667,0.16666666666666666
2171000596,5.0,2.0,3.0,0.0,3.0,1.4,0.4
2171000634,9.0,1.0,8.0,0.0,3.0,1.1111111111111112,0.1111111111111111
2171000651,5.0,0.0,5.0,0.0,1.0,1.0,0.0
2171000677,4.0,0.0,4.0,0.0,1.0,1.0,0.0
2171000731,7.0,2.0,5.0,0.0,4.0,1.2857142857142858,0.2857142857142857
2171000758,6.0,2.0,4.0,0.0,1.0,1.3333333333333333,0.3333333333333333
2171000791,7.0,0.0,7.0,0.0,4.0,1.0,0.0
2171000812,9.0,4.0,5.0,0.0,1.0,1.4444444444444444,0.4444444444444444
2171000821,8.0,5.0,3.0,0.0,1.0,1.625,0.625
2171000839,7.0,0.0,7.0,0.0,3.0,1.0,0.0
2171000863,9.0,0.0,8.0,1.0,2.0,0.8888888888888888,0.0
2171000871,10.0,0.0,10.0,0.0,4.0,1.0,0.0
2171000936,7.0,0.0,7.0,0.0,2.0,1.0,0.0
2171000952,6.0,3.0,3.0,0.0,1.0,1.5,0.5
2171001045,8.0,0.0,6.0,2.0,2.0,0.75,0.0
2171001088,2.0,0.0,2.0,0.0,0.0,1.0,0.0
2171001100,5.0,1.0,4.0,0.0,1.0,1.2,0.2
2171001177,7.0,6.0,1.0,0.0,1.0,1.8571428571428572,0.8571428571428571
2171001207,8.0,0.0,8.0,0.0,3.0,1.0,0.0
2171001258,7.0,2.0,5.0,0.0,4.0,1.2857142857142858,0.2857142857142857
2171001347,5.0,0.0,5.0,0.0,0.0,1.0,0.0
2171001355,8.0,0.0,8.0,0.0,3.0,1.0,0.0
2171001428,6.0,0.0,6.0,0.0,1.0,1.0,0.0
2171001479,12.0,1.0,11.0,0.0,4.0,1.0833333333333333,0.08333333333333333
2171001541,7.0,1.0,6.0,0.0,5.0,1.1428571428571428,0.14285714285714285
2171001568,9.0,4.0,5.0,0.0,1.0,1.4444444444444444,0.4444444444444444
2171001622,7.0,0.0,7.0,0.0,1.0,1.0,0.0
2171001657,7.0,0.0,5.0,2.0,2.0,0.7142857142857143,0.0
2171001665,10.0,0.0,10.0,0.0,2.0,1.0,0.0
2171001711,10.0,1.0,9.0,0.0,1.0,1.1,0.1
2171001801,9.0,0.0,9.0,0.0,0.0,1.0,0.0
2171001819,5.0,3.0,2.0,0.0,2.0,1.6,0.6
2171001827,10.0,2.0,8.0,0.0,1.0,1.2,0.2
2171001860,5.0,0.0,5.0,0.0,1.0,1.0,0.0
2171001886,6.0,0.0,6.0,0.0,1.0,1.0,0.0
2171001975,6.0,2.0,4.0,0.0,2.0,1.3333333333333333,0.3333333333333333
2171002017,10.0,1.0,9.0,0.0,2.0,1.1,0.1
2171002033,10.0,0.0,10.0,0.0,1.0,1.0,0.0
2171002106,8.0,0.0,8.0,0.0,6.0,1.0,0.0
2171002157,8.0,0.0,8.0,0.0,1.0,1.0,0.0
2171002238,9.0,0.0,9.0,0.0,3.0,1.0,0.0
2171002246,4.0,4.0,0.0,0.0,1.0,2.0,1.0
2171002335,5.0,2.0,2.0,1.0,2.0,1.2,0.4
2171002351,10.0,0.0,10.0,0.0,7.0,1.0,0.0
2171002378,9.0,2.0,7.0,0.0,6.0,1.2222222222222223,0.2222222222222222
2171002394,11.0,3.0,8.0,0.0,6.0,1.2727272727272727,0.2727272727272727
2171002408,4.0,0.0,3.0,1.0,2.0,0.75,0.0
2171002483,9.0,6.0,3.0,0.0,6.0,1.6666666666666667,0.6666666666666666
2171002581,3.0,0.0,3.0,0.0,1.0,1.0,0.0
2171002599,7.0,2.0,5.0,0.0,4.0,1.2857142857142858,0.2857142857142857
2171002653,8.0,8.0,0.0,0.0,1.0,2.0,1.0
2171002696,5.0,0.0,5.0,0.0,2.0,1.0,0.0
2171002700,5.0,0.0,5.0,0.0,3.0,1.0,0.0
2171002718,9.0,0.0,9.0,0.0,5.0,1.0,0.0
2171002734,4.0,0.0,3.0,1.0,2.0,0.75,0.0
2171002751,8.0,0.0,8.0,0.0,3.0,1.0,0.0
2171002807,5.0,0.0,5.0,0.0,1.0,1.0,0.0
2171002831,6.0,0.0,4.0,2.0,0.0,0.6666666666666666,0.0
2171002874,6.0,0.0,6.0,0.0,2.0,1.0,0.0
2171002912,6.0,0.0,6.0,0.0,1.0,1.0,0.0
2171002947,11.0,0.0,11.0,0.0,3.0,1.0,0.0
2171002955,3.0,1.0,2.0,0.0,0.0,1.3333333333333333,0.3333333333333333
2171002980,6.0,2.0,4.0,0.0,2.0,1.3333333333333333,0.3333333333333333
2171003013,8.0,3.0,5.0,0.0,2.0,1.375,0.375
2171003021,9.0,1.0,8.0,0.0,4.0,1.1111111111111112,0.1111111111111111
2171003048,5.0,3.0,2.0,0.0,1.0,1.6,0.6
2171003072,11.0,0.0,11.0,0.0,2.0,1.0,0.0
2171003170,7.0,0.0,7.0,0.0,2.0,1.0,0.0
2171003226,10.0,0.0,9.0,1.0,2.0,0.9,0.0
2171003307,9.0,3.0,6.0,0.0,2.0,1.3333333333333333,0.3333333333333333
2171003315,8.0,0.0,8.0,0.0,3.0,1.0,0.0
2171003323,8.0,2.0,6.0,0.0,5.0,1.25,0.25
2171003366,10.0,2.0,8.0,0.0,4.0,1.2,0.2
2171003374,5.0,0.0,5.0,0.0,4.0,1.0,0.0
2171003439,10.0,5.0,5.0,0.0,4.0,1.5,0.5
2171003447,7.0,0.0,7.0,0.0,1.0,1.0,0.0
2171003455,8.0,1.0,7.0,0.0,2.0,1.125,0.125
2171003501,7.0,0.0,7.0,0.0,1.0,1.0,0.0
2171003544,8.0,2.0,6.0,0.0,2.0,1.25,0.25
2171003552,8.0,1.0,6.0,1.0,5.0,1.0,0.125
2171003676,5.0,0.0,4.0,1.0,2.0,0.8,0.0
2171003692,7.0,2.0,5.0,0.0,3.0,1.2857142857142858,0.2857142857142857
2171003706,8.0,0.0,8.0,0.0,0.0,1.0,0.0
2171003749,8.0,1.0,6.0,1.0,5.0,1.0,0.125
2171003765,7.0,0.0,7.0,0.0,1.0,1.0,0.0
2171003811,8.0,0.0,8.0,0.0,0.0,1.0,0.0
2171003846,12.0,0.0,12.0,0.0,3.0,1.0,0.0
2171003862,9.0,0.0,9.0,0.0,1.0,1.0,0.0
2171003871,9.0,0.0,9.0,0.0,1.0,1.0,0.0
2171003960,6.0,0.0,6.0,0.0,5.0,1.0,0.0
2171003978,9.0,2.0,7.0,0.0,2.0,1.2222222222222223,0.2222222222222222
2171004036,8.0,0.0,8.0,0.0,1.0,1.0,0.0
2171004044,9.0,0.0,9.0,0.0,2.0,1.0,0.0
2171004133,6.0,0.0,6.0,0.0,1.0,1.0,0.0
2171004192,5.0,0.0,5.0,0.0,1.0,1.0,0.0
2171004222,7.0,0.0,7.0,0.0,3.0,1.0,0.0
2171004303,11.0,4.0,7.0,0.0,3.0,1.3636363636363635,0.36363636363636365
2171004427,3.0,0.0,3.0,0.0,1.0,1.0,0.0
2171004451,12.0,0.0,10.0,2.0,7.0,0.8333333333333334,0.0
2171004508,11.0,0.0,11.0,0.0,2.0,1.0,0.0
2171004532,8.0,1.0,7.0,0.0,1.0,1.125,0.125
2171004567,9.0,0.0,8.0,1.0,1.0,0.8888888888888888,0.0
2171004583,6.0,5.0,1.0,0.0,1.0,1.8333333333333333,0.8333333333333334
2171004591,11.0,1.0,10.0,0.0,2.0,1.0909090909090908,0.09090909090909091
2171004648,13.0,3.0,10.0,0.0,2.0,1.2307692307692308,0.23076923076923078
2171004745,7.0,0.0,6.0,1.0,2.0,0.8571428571428571,0.0
2171004770,12.0,0.0,12.0,0.0,2.0,1.0,0.0
2171004818,6.0,1.0,5.0,0.0,4.0,1.1666666666666667,0.16666666666666666
2171004940,9.0,1.0,8.0,0.0,5.0,1.1111111111111112,0.1111111111111111
2171004982,7.0,0.0,7.0,0.0,3.0,1.0,0.0
2171004991,10.0,0.0,10.0,0.0,2.0,1.0,0.0
2171005008,3.0,0.0,1.0,2.0,2.0,0.3333333333333333,0.0
2171005083,5.0,0.0,5.0,0.0,3.0,1.0,0.0
2171005113,8.0,2.0,6.0,0.0,4.0,1.25,0.25
2171005121,5.0,0.0,5.0,0.0,2.0,1.0,0.0
2171005164,9.0,2.0,7.0,0.0,1.0,1.2222222222222223,0.2222222222222222
2171005172,12.0,2.0,10.0,0.0,0.0,1.1666666666666667,0.16666666666666666
2171005237,8.0,1.0,7.0,0.0,1.0,1.125,0.125
2171005270,4.0,0.0,3.0,1.0,1.0,0.75,0.0
2171005342,10.0,0.0,10.0,0.0,7.0,1.0,0.0
2171005466,6.0,0.0,3.0,3.0,5.0,0.5,0.0
2171005474,3.0,1.0,2.0,0.0,0.0,1.3333333333333333,0.3333333333333333
2171005521,6.0,0.0,6.0,0.0,1.0,1.0,0.0
2171005547,4.0,2.0,2.0,0.0,3.0,1.5,0.5
2171005555,6.0,1.0,5.0,0.0,2.0,1.1666666666666667,0.16666666666666666
2171005580,8.0,0.0,8.0,0.0,2.0,1.0,0.0
2171005601,6.0,0.0,6.0,0.0,6.0,1.0,0.0
2171005610,5.0,0.0,5.0,0.0,2.0,1.0,0.0
2171005695,7.0,0.0,7.0,0.0,2.0,1.0,0.0
2171005709,8.0,0.0,8.0,0.0,1.0,1.0,0.0
2171005717,3.0,0.0,3.0,0.0,1.0,1.0,0.0
2171005806,6.0,0.0,6.0,0.0,1.0,1.0,0.0
2171005920,6.0,1.0,5.0,0.0,2.0,1.1666666666666667,0.16666666666666666
2171005946,11.0,1.0,10.0,0.0,7.0,1.0909090909090908,0.09090909090909091
2171005954,6.0,0.0,6.0,0.0,2.0,1.0,0.0
2171005997,14.0,0.0,14.0,0.0,1.0,1.0,0.0
2171006021,6.0,0.0,6.0,0.0,6.0,1.0,0.0
2171006047,9.0,0.0,9.0,0.0,1.0,1.0,0.0
2171006055,11.0,4.0,6.0,1.0,5.0,1.2727272727272727,0.36363636363636365
2171006063,4.0,0.0,4.0,0.0,3.0,1.0,0.0
2171006080,3.0,0.0,3.0,0.0,0.0,1.0,0.0
2171006136,10.0,0.0,10.0,0.0,1.0,1.0,0.0
2171006250,7.0,3.0,4.0,0.0,0.0,1.4285714285714286,0.42857142857142855
2171006322,4.0,0.0,4.0,0.0,2.0,1.0,0.0
2171006381,4.0,0.0,3.0,1.0,2.0,0.75,0.0
2171006420,11.0,0.0,11.0,0.0,2.0,1.0,0.0
2171006438,6.0,0.0,6.0,0.0,1.0,1.0,0.0
2171006471,8.0,0.0,8.0,0.0,6.0,1.0,0.0
2171006519,7.0,2.0,5.0,0.0,1.0,1.2857142857142858,0.2857142857142857
2171006535,13.0,6.0,7.0,0.0,4.0,1.4615384615384615,0.46153846153846156
2171006551,6.0,0.0,6.0,0.0,0.0,1.0,0.0
2171006560,5.0,0.0,5.0,0.0,1.0,1.0,0.0
2171006586,12.0,11.0,1.0,0.0,4.0,1.9166666666666667,0.9166666666666666
2171006632,8.0,0.0,8.0,0.0,0.0,1.0,0.0
2171006641,6.0,0.0,6.0,0.0,1.0,1.0,0.0
2171006675,10.0,0.0,10.0,0.0,1.0,1.0,0.0
2171006691,8.0,1.0,7.0,0.0,4.0,1.125,0.125
2171006705,10.0,4.0,6.0,0.0,1.0,1.4,0.4
2171006748,6.0,0.0,6.0,0.0,0.0,1.0,0.0
2171006756,9.0,4.0,5.0,0.0,4.0,1.4444444444444444,0.4444444444444444
2171006802,5.0,2.0,3.0,0.0,2.0,1.4,0.4
2171006870,5.0,0.0,5.0,0.0,1.0,1.0,0.0
2171006888,7.0,0.0,7.0,0.0,1.0,1.0,0.0
2171006926,3.0,0.0,3.0,0.0,2.0,1.0,0.0
2171006993,9.0,0.0,8.0,1.0,4.0,0.8888888888888888,0.0
2171007051,2.0,0.0,1.0,1.0,0.0,0.5,0.0
2171007078,6.0,1.0,5.0,0.0,2.0,1.1666666666666667,0.16666666666666666
2171007132,9.0,0.0,9.0,0.0,6.0,1.0,0.0
2171007159,6.0,0.0,6.0,0.0,1.0,1.0,0.0
2171007191,6.0,0.0,6.0,0.0,2.0,1.0,0.0
2171007221,9.0,0.0,9.0,0.0,2.0,1.0,0.0
2171007248,11.0,3.0,8.0,0.0,5.0,1.2727272727272727,0.2727272727272727
2171007264,4.0,0.0,4.0,0.0,1.0,1.0,0.0
2171007272,11.0,0.0,10.0,1.0,3.0,0.9090909090909091,0.0
2171007299,4.0,1.0,3.0,0.0,2.0,1.25,0.25
2171007302,9.0,0.0,9.0,0.0,2.0,1.0,0.0
2171007311,7.0,1.0,6.0,0.0,0.0,1.1428571428571428,0.14285714285714285
2171007353,7.0,0.0,7.0,0.0,3.0,1.0,0.0
2171007361,12.0,0.0,12.0,0.0,6.0,1.0,0.0
2171007418,8.0,0.0,8.0,0.0,1.0,1.0,0.0
2171007485,10.0,0.0,10.0,0.0,0.0,1.0,0.0
2171007493,10.0,0.0,10.0,0.0,4.0,1.0,0.0
2171007507,8.0,0.0,8.0,0.0,1.0,1.0,0.0
2171007540,11.0,2.0,9.0,0.0,3.0,1.1818181818181819,0.18181818181818182
2171007574,8.0,0.0,8.0,0.0,8.0,1.0,0.0
2171007582,12.0,0.0,12.0,0.0,4.0,1.0,0.0
2171007639,8.0,0.0,8.0,0.0,5.0,1.0,0.0
2171007680,6.0,0.0,6.0,0.0,1.0,1.0,0.0
2171007779,7.0,0.0,7.0,0.0,2.0,1.0,0.0
2171007795,9.0,3.0,6.0,0.0,5.0,1.3333333333333333,0.3333333333333333
2221000019,8.0,0.0,8.0,0.0,0.0,1.0,0.0
2221000060,8.0,0.0,4.0,4.0,2.0,0.5,0.0
2221000078,5.0,0.0,5.0,0.0,1.0,1.0,0.0
2221000086,11.0,0.0,11.0,0.0,2.0,1.0,0.0
2221000108,7.0,0.0,7.0,0.0,1.0,1.0,0.0
2221000124,16.0,0.0,16.0,0.0,3.0,1.0,0.0
2221000141,10.0,0.0,8.0,2.0,1.0,0.8,0.0
2221000159,13.0,1.0,12.0,0.0,1.0,1.0769230769230769,0.07692307692307693
2221000230,12.0,2.0,10.0,0.0,0.0,1.1666666666666667,0.16666666666666666
2221000299,7.0,0.0,7.0,0.0,0.0,1.0,0.0
2221000302,13.0,0.0,13.0,0.0,2.0,1.0,0.0
2221000400,3.0,0.0,1.0,2.0,1.0,0.3333333333333333,0.0
2221000418,14.0,0.0,12.0,2.0,0.0,0.8571428571428571,0.0
2221000426,10.0,0.0,10.0,0.0,1.0,1.0,0.0
2221000434,9.0,0.0,9.0,0.0,1.0,1.0,0.0
2221000451,9.0,2.0,7.0,0.0,1.0,1.2222222222222223,0.2222222222222222
2221000469,8.0,0.0,7.0,1.0,1.0,0.875,0.0
2221000485,5.0,0.0,5.0,0.0,1.0,1.0,0.0
2221000507,8.0,0.0,6.0,2.0,1.0,0.75,0.0
2221000515,7.0,0.0,7.0,0.0,2.0,1.0,0.0
2221000582,6.0,0.0,6.0,0.0,2.0,1.0,0.0
2221000591,3.0,0.0,3.0,0.0,1.0,1.0,0.0
2221000612,6.0,0.0,6.0,0.0,0.0,1.0,0.0
2221000621,7.0,0.0,7.0,0.0,1.0,1.0,0.0
2221000647,10.0,0.0,10.0,0.0,1.0,1.0,0.0
2221000655,5.0,0.0,4.0,1.0,4.0,0.8,0.0
2221000698,4.0,0.0,4.0,0.0,2.0,1.0,0.0
2221000736,8.0,0.0,8.0,0.0,0.0,1.0,0.0
2221000779,9.0,0.0,9.0,0.0,1.0,1.0,0.0
2221000876,9.0,0.0,9.0,0.0,1.0,1.0,0.0
2221000892,10.0,1.0,8.0,1.0,1.0,1.0,0.1
2221000914,10.0,0.0,10.0,0.0,2.0,1.0,0.0
2221000957,4.0,0.0,3.0,1.0,2.0,0.75,0.0
2221000981,11.0,0.0,11.0,0.0,1.0,1.0,0.0
2221001058,8.0,0.0,8.0,0.0,2.0,1.0,0.0
2221001104,7.0,0.0,7.0,0.0,1.0,1.0,0.0
2221001121,12.0,4.0,8.0,0.0,1.0,1.3333333333333333,0.3333333333333333
2221001163,11.0,1.0,10.0,0.0,2.0,1.0909090909090908,0.09090909090909091
2221001180,7.0,0.0,7.0,0.0,1.0,1.0,0.0
2221001244,5.0,0.0,5.0,0.0,1.0,1.0,0.0
2221001252,8.0,0.0,8.0,0.0,2.0,1.0,0.0
2221001287,7.0,0.0,7.0,0.0,2.0,1.0,0.0
2221001295,13.0,0.0,13.0,0.0,1.0,1.0,0.0
2221001309,6.0,0.0,6.0,0.0,2.0,1.0,0.0
2221001325,8.0,0.0,8.0,0.0,0.0,1.0,0.0
2221001333,7.0,0.0,4.0,3.0,0.0,0.5714285714285714,0.0
2221001350,7.0,0.0,7.0,0.0,1.0,1.0,0.0
2221001376,10.0,0.0,10.0,0.0,2.0,1.0,0.0
2221001473,11.0,9.0,2.0,0.0,5.0,1.8181818181818181,0.8181818181818182
2221001481,6.0,0.0,6.0,0.0,1.0,1.0,0.0
2221001490,11.0,2.0,9.0,0.0,1.0,1.1818181818181819,0.18181818181818182
2221001503,11.0,0.0,11.0,0.0,1.0,1.0,0.0
2221001571,12.0,0.0,12.0,0.0,3.0,1.0,0.0
2221001775,15.0,0.0,15.0,0.0,1.0,1.0,0.0
2221001902,11.0,0.0,11.0,0.0,2.0,1.0,0.0
2221001937,9.0,0.0,9.0,0.0,3.0,1.0,0.0
2221001961,14.0,0.0,14.0,0.0,3.0,1.0,0.0
2221001996,9.0,2.0,7.0,0.0,2.0,1.2222222222222223,0.2222222222222222
2221002003,9.0,1.0,8.0,0.0,2.0,1.1111111111111112,0.1111111111111111
2221002046,4.0,0.0,3.0,1.0,1.0,0.75,0.0
2221002054,13.0,4.0,9.0,0.0,1.0,1.3076923076923077,0.3076923076923077
2221002097,7.0,0.0,7.0,0.0,1.0,1.0,0.0
2221002119,9.0,0.0,9.0,0.0,1.0,1.0,0.0
2221002135,12.0,0.0,12.0,0.0,2.0,1.0,0.0
2221002151,11.0,0.0,10.0,1.0,1.0,0.9090909090909091,0.0
2221002178,4.0,0.0,4.0,0.0,1.0,1.0,0.0
2221002194,9.0,0.0,9.0,0.0,1.0,1.0,0.0
2221002224,8.0,0.0,8.0,0.0,4.0,1.0,0.0
2221002241,6.0,0.0,5.0,1.0,1.0,0.8333333333333334,0.0
2221002267,11.0,0.0,11.0,0.0,0.0,1.0,0.0
2221002313,8.0,0.0,8.0,0.0,1.0,1.0,0.0
2221002330,9.0,0.0,9.0,0.0,1.0,1.0,0.0
2221002356,9.0,0.0,9.0,0.0,0.0,1.0,0.0
2221002453,10.0,0.0,10.0,0.0,3.0,1.0,0.0
2221002470,8.0,0.0,7.0,1.0,1.0,0.875,0.0
2221002488,9.0,0.0,9.0,0.0,1.0,1.0,0.0
2221002542,7.0,1.0,6.0,0.0,1.0,1.1428571428571428,0.14285714285714285
2221002739,8.0,0.0,7.0,1.0,2.0,0.875,0.0
2221002747,7.0,0.0,7.0,0.0,2.0,1.0,0.0
2221002763,14.0,0.0,12.0,2.0,2.0,0.8571428571428571,0.0
2221002780,7.0,0.0,6.0,1.0,1.0,0.8571428571428571,0.0
2221002810,10.0,1.0,9.0,0.0,1.0,1.1,0.1
2221002828,6.0,2.0,4.0,0.0,1.0,1.3333333333333333,0.3333333333333333
2221002879,9.0,0.0,9.0,0.0,1.0,1.0,0.0
2221002909,7.0,0.0,7.0,0.0,1.0,1.0,0.0
2221002917,13.0,1.0,12.0,0.0,1.0,1.0769230769230769,0.07692307692307693
2221002925,7.0,1.0,6.0,0.0,2.0,1.1428571428571428,0.14285714285714285
2221002933,8.0,0.0,8.0,0.0,1.0,1.0,0.0
2221003000,3.0,0.0,2.0,1.0,1.0,0.6666666666666666,0.0
2221003034,7.0,0.0,7.0,0.0,3.0,1.0,0.0
2221003069,11.0,0.0,11.0,0.0,1.0,1.0,0.0
2221003085,4.0,0.0,4.0,0.0,0.0,1.0,0.0
2221003107,7.0,0.0,5.0,2.0,1.0,0.7142857142857143,0.0
2221003131,12.0,0.0,12.0,0.0,2.0,1.0,0.0
2221003182,6.0,0.0,5.0,1.0,1.0,0.8333333333333334,0.0
2221003271,10.0,1.0,9.0,0.0,1.0,1.1,0.1
2221003280,10.0,1.0,9.0,0.0,1.0,1.1,0.1
2221003301,6.0,0.0,6.0,0.0,2.0,1.0,0.0
2221003379,6.0,0.0,5.0,1.0,2.0,0.8333333333333334,0.0
2221003395,6.0,0.0,6.0,0.0,1.0,1.0,0.0
2221003425,9.0,0.0,7.0,2.0,3.0,0.7777777777777778,0.0
2221003441,9.0,0.0,9.0,0.0,1.0,1.0,0.0
2221003450,8.0,0.0,8.0,0.0,0.0,1.0,0.0
2221003492,8.0,0.0,6.0,2.0,1.0,0.75,0.0
2221003531,11.0,0.0,11.0,0.0,1.0,1.0,0.0
2221003549,9.0,0.0,9.0,0.0,1.0,1.0,0.0
2221003573,6.0,0.0,6.0,0.0,1.0,1.0,0.0
2221003590,8.0,1.0,7.0,0.0,1.0,1.125,0.125
2221003603,8.0,0.0,7.0,1.0,3.0,0.875,0.0
2221003620,6.0,0.0,6.0,0.0,1.0,1.0,0.0
2221003646,13.0,8.0,5.0,0.0,3.0,1.6153846153846154,0.6153846153846154
2221003662,7.0,0.0,7.0,0.0,1.0,1.0,0.0
2221003671,8.0,0.0,8.0,0.0,3.0,1.0,0.0
2221003743,13.0,0.0,13.0,0.0,1.0,1.0,0.0
2221003786,12.0,1.0,11.0,0.0,1.0,1.0833333333333333,0.08333333333333333
2221003808,13.0,8.0,5.0,0.0,1.0,1.6153846153846154,0.6153846153846154
2221003824,12.0,2.0,9.0,1.0,1.0,1.0833333333333333,0.16666666666666666
2221003832,10.0,0.0,10.0,0.0,1.0,1.0,0.0
2221004006,9.0,0.0,9.0,0.0,1.0,1.0,0.0
2221004014,8.0,0.0,6.0,2.0,3.0,0.75,0.0
2221004022,8.0,0.0,8.0,0.0,1.0,1.0,0.0
2221004049,9.0,0.0,9.0,0.0,1.0,1.0,0.0
2221004146,6.0,0.0,6.0,0.0,2.0,1.0,0.0
2221004189,4.0,0.0,4.0,0.0,1.0,1.0,0.0
2221004197,8.0,0.0,8.0,0.0,3.0,1.0,0.0
2221004251,6.0,0.0,6.0,0.0,1.0,1.0,0.0
2221004332,3.0,0.0,3.0,0.0,1.0,1.0,0.0
2221004448,7.0,1.0,6.0,0.0,1.0,1.1428571428571428,0.14285714285714285
2221004464,7.0,1.0,6.0,0.0,1.0,1.1428571428571428,0.14285714285714285
2221004502,5.0,0.0,4.0,1.0,1.0,0.8,0.0
2221004588,6.0,0.0,6.0,0.0,3.0,1.0,0.0
2221004642,6.0,0.0,4.0,2.0,0.0,0.6666666666666666,0.0
2221004707,12.0,0.0,12.0,0.0,2.0,1.0,0.0
2221004766,9.0,0.0,9.0,0.0,0.0,1.0,0.0
2221004774,6.0,0.0,6.0,0.0,1.0,1.0,0.0
2221004871,5.0,0.0,4.0,1.0,1.0,0.8,0.0
2221004880,12.0,3.0,9.0,0.0,1.0,1.25,0.25
2221004928,9.0,0.0,7.0,2.0,4.0,0.7777777777777778,0.0
2221004944,12.0,0.0,12.0,0.0,2.0,1.0,0.0
2221004987,8.0,0.0,8.0,0.0,1.0,1.0,0.0
2221005002,6.0,0.0,6.0,0.0,1.0,1.0,0.0
2221005061,10.0,0.0,10.0,0.0,2.0,1.0,0.0
2221005088,11.0,0.0,11.0,0.0,1.0,1.0,0.0
2221005126,9.0,2.0,7.0,0.0,1.0,1.2222222222222223,0.2222222222222222
2221005142,12.0,0.0,12.0,0.0,3.0,1.0,0.0
2221005177,8.0,0.0,8.0,0.0,1.0,1.0,0.0
2221005215,7.0,0.0,7.0,0.0,1.0,1.0,0.0
2221005240,9.0,0.0,9.0,0.0,3.0,1.0,0.0
2221005266,12.0,1.0,11.0,0.0,1.0,1.0833333333333333,0.08333333333333333
2221005304,14.0,2.0,12.0,0.0,3.0,1.1428571428571428,0.14285714285714285
2221005347,6.0,0.0,6.0,0.0,1.0,1.0,0.0
2221005398,8.0,0.0,8.0,0.0,1.0,1.0,0.0
2221005410,10.0,1.0,9.0,0.0,0.0,1.1,0.1
2221005436,6.0,0.0,6.0,0.0,1.0,1.0,0.0
2221005487,3.0,0.0,3.0,0.0,0.0,1.0,0.0
2221005495,7.0,0.0,5.0,2.0,1.0,0.7142857142857143,0.0
2221005525,8.0,0.0,8.0,0.0,3.0,1.0,0.0
2221005533,9.0,0.0,9.0,0.0,0.0,1.0,0.0
2221005541,8.0,0.0,8.0,0.0,0.0,1.0,0.0
2221005568,9.0,0.0,9.0,0.0,1.0,1.0,0.0
2221005592,8.0,0.0,8.0,0.0,1.0,1.0,0.0
2221005606,8.0,0.0,6.0,2.0,2.0,0.75,0.0
2221005657,5.0,0.0,4.0,1.0,2.0,0.8,0.0
2221005681,9.0,0.0,9.0,0.0,2.0,1.0,0.0
2221005703,10.0,1.0,9.0,0.0,1.0,1.1,0.1
2221005819,6.0,0.0,6.0,0.0,0.0,1.0,0.0
2221005827,15.0,1.0,14.0,0.0,2.0,1.0666666666666667,0.06666666666666667
2221005908,7.0,0.0,6.0,1.0,1.0,0.8571428571428571,0.0
2221005967,7.0,0.0,6.0,1.0,1.0,0.8571428571428571,0.0
2221006017,13.0,0.0,13.0,0.0,3.0,1.0,0.0
2221006025,9.0,0.0,9.0,0.0,2.0,1.0,0.0
2221006050,8.0,1.0,7.0,0.0,1.0,1.125,0.125
2221006068,11.0,0.0,11.0,0.0,3.0,1.0,0.0
2221006131,9.0,0.0,9.0,0.0,1.0,1.0,0.0
2221006149,11.0,3.0,8.0,0.0,0.0,1.2727272727272727,0.2727272727272727
2221006262,4.0,0.0,4.0,0.0,1.0,1.0,0.0
2221006289,6.0,0.0,6.0,0.0,1.0,1.0,0.0
2221006335,10.0,0.0,10.0,0.0,0.0,1.0,0.0
2221006416,10.0,2.0,8.0,0.0,1.0,1.2,0.2
2221006441,9.0,0.0,9.0,0.0,1.0,1.0,0.0
2221006459,8.0,0.0,8.0,0.0,0.0,1.0,0.0
2221006475,10.0,1.0,9.0,0.0,3.0,1.1,0.1
2221006505,7.0,0.0,7.0,0.0,3.0,1.0,0.0
2221006521,10.0,0.0,10.0,0.0,1.0,1.0,0.0
2221006530,10.0,0.0,10.0,0.0,1.0,1.0,0.0
2221006548,9.0,0.0,8.0,1.0,1.0,0.8888888888888888,0.0
2221006564,7.0,0.0,7.0,0.0,0.0,1.0,0.0
2221006581,9.0,0.0,9.0,0.0,1.0,1.0,0.0
2221006653,6.0,0.0,6.0,0.0,1.0,1.0,0.0
2221006661,10.0,7.0,3.0,0.0,1.0,1.7,0.7
2221006670,5.0,0.0,5.0,0.0,1.0,1.0,0.0
2221006700,10.0,3.0,7.0,0.0,1.0,1.3,0.3
2221006718,6.0,0.0,6.0,0.0,1.0,1.0,0.0
2221006793,8.0,0.0,8.0,0.0,1.0,1.0,0.0
2221006858,3.0,0.0,3.0,0.0,2.0,1.0,0.0
2221006874,6.0,0.0,6.0,0.0,1.0,1.0,0.0
2221006882,7.0,2.0,5.0,0.0,1.0,1.2857142857142858,0.2857142857142857
2221006947,4.0,0.0,4.0,0.0,2.0,1.0,0.0
2221007030,7.0,0.0,5.0,2.0,1.0,0.7142857142857143,0.0
2221007064,7.0,0.0,7.0,0.0,2.0,1.0,0.0
2221007072,5.0,0.0,5.0,0.0,0.0,1.0,0.0
2221007102,8.0,0.0,8.0,0.0,1.0,1.0,0.0
2221007145,11.0,0.0,11.0,0.0,0.0,1.0,0.0
2221007218,6.0,0.0,6.0,0.0,0.0,1.0,0.0
2221007226,14.0,0.0,14.0,0.0,0.0,1.0,0.0
2221007242,11.0,0.0,11.0,0.0,1.0,1.0,0.0
2221007269,9.0,0.0,9.0,0.0,2.0,1.0,0.0
2221007277,9.0,0.0,9.0,0.0,2.0,1.0,0.0
2221007307,7.0,0.0,7.0,0.0,2.0,1.0,0.0
2221007323,5.0,0.0,5.0,0.0,0.0,1.0,0.0
2221007374,7.0,0.0,7.0,0.0,1.0,1.0,0.0
2221007421,6.0,0.0,6.0,0.0,1.0,1.0,0.0
2221007439,8.0,1.0,7.0,0.0,1.0,1.125,0.125
2221007501,7.0,0.0,7.0,0.0,2.0,1.0,0.0
2221007510,8.0,1.0,7.0,0.0,1.0,1.125,0.125
2221007536,16.0,0.0,16.0,0.0,1.0,1.0,0.0
2221007587,12.0,0.0,12.0,0.0,2.0,1.0,0.0
2221007633,10.0,1.0,9.0,0.0,1.0,1.1,0.1
2221007684,10.0,3.0,6.0,1.0,1.0,1.2,0.3
2221007692,12.0,0.0,12.0,0.0,2.0,1.0,0.0
2221007714,4.0,0.0,4.0,0.0,2.0,1.0,0.0
2221007749,15.0,1.0,13.0,1.0,4.0,1.0,0.06666666666666667
2221007765,9.0,0.0,9.0,0.0,1.0,1.0,0.0
2221007781,8.0,0.0,8.0,0.0,1.0,1.0,0.0
2221007790,7.0,0.0,7.0,0.0,0.0,1.0,0.0
2221007803,6.0,0.0,6.0,0.0,1.0,1.0,0.0
2221007811,15.0,0.0,15.0,0.0,2.0,1.0,0.0
2241000014,6.0,0.0,6.0,0.0,1.0,1.0,0.0
2241000049,6.0,0.0,6.0,0.0,4.0,1.0,0.0
2241000090,6.0,0.0,5.0,1.0,2.0,0.8333333333333334,0.0
2241000111,16.0,12.0,4.0,0.0,5.0,1.75,0.75
2241000227,9.0,1.0,8.0,0.0,1.0,1.1111111111111112,0.1111111111111111
2241000251,7.0,6.0,1.0,0.0,1.0,1.8571428571428572,0.8571428571428571
2241000324,9.0,2.0,7.0,0.0,1.0,1.2222222222222223,0.2222222222222222
2241000367,9.0,0.0,8.0,1.0,3.0,0.8888888888888888,0.0
2241000383,8.0,0.0,8.0,0.0,2.0,1.0,0.0
2241000430,17.0,3.0,14.0,0.0,2.0,1.1764705882352942,0.17647058823529413
2241000448,7.0,1.0,6.0,0.0,3.0,1.1428571428571428,0.14285714285714285
2241000456,11.0,5.0,6.0,0.0,2.0,1.4545454545454546,0.45454545454545453
2241000618,8.0,0.0,7.0,1.0,4.0,0.875,0.0
2241000693,8.0,0.0,8.0,0.0,0.0,1.0,0.0
2241000723,6.0,0.0,6.0,0.0,1.0,1.0,0.0
2241000758,7.0,0.0,6.0,1.0,7.0,0.8571428571428571,0.0
2241000804,8.0,0.0,7.0,1.0,2.0,0.875,0.0
2241000871,11.0,1.0,10.0,0.0,0.0,1.0909090909090908,0.09090909090909091
2241000928,8.0,1.0,7.0,0.0,6.0,1.125,0.125
2241000936,8.0,1.0,7.0,0.0,2.0,1.125,0.125
2241000961,8.0,1.0,7.0,0.0,3.0,1.125,0.125
2241000979,9.0,0.0,6.0,3.0,1.0,0.6666666666666666,0.0
2241001100,9.0,5.0,4.0,0.0,1.0,1.5555555555555556,0.5555555555555556
2241001118,9.0,0.0,9.0,0.0,1.0,1.0,0.0
2241001169,11.0,1.0,10.0,0.0,2.0,1.0909090909090908,0.09090909090909091
2241001193,11.0,1.0,10.0,0.0,3.0,1.0909090909090908,0.09090909090909091
2241001231,10.0,3.0,7.0,0.0,1.0,1.3,0.3
2241001266,6.0,0.0,6.0,0.0,2.0,1.0,0.0
2241001282,7.0,5.0,2.0,0.0,1.0,1.7142857142857142,0.7142857142857143
2241001291,13.0,1.0,12.0,0.0,4.0,1.0769230769230769,0.07692307692307693
2241001304,9.0,3.0,6.0,0.0,5.0,1.3333333333333333,0.3333333333333333
2241001347,7.0,3.0,4.0,0.0,2.0,1.4285714285714286,0.42857142857142855
2241001355,7.0,0.0,6.0,1.0,2.0,0.8571428571428571,0.0
2241001371,5.0,0.0,4.0,1.0,3.0,0.8,0.0
2241001428,9.0,5.0,4.0,0.0,1.0,1.5555555555555556,0.5555555555555556
2241001452,8.0,0.0,8.0,0.0,2.0,1.0,0.0
2241001487,6.0,0.0,6.0,0.0,4.0,1.0,0.0
2241001533,12.0,4.0,8.0,0.0,2.0,1.3333333333333333,0.3333333333333333
2241001568,8.0,0.0,8.0,0.0,4.0,1.0,0.0
2241001614,8.0,7.0,1.0,0.0,1.0,1.875,0.875
2241001631,12.0,8.0,4.0,0.0,2.0,1.6666666666666667,0.6666666666666666
2241001649,7.0,6.0,1.0,0.0,5.0,1.8571428571428572,0.8571428571428571
2241001657,6.0,2.0,4.0,0.0,2.0,1.3333333333333333,0.3333333333333333
2241001711,10.0,3.0,7.0,0.0,5.0,1.3,0.3
2241001738,7.0,6.0,0.0,1.0,3.0,1.7142857142857142,0.8571428571428571
2241001762,11.0,5.0,6.0,0.0,3.0,1.4545454545454546,0.45454545454545453
2241001843,7.0,0.0,7.0,0.0,5.0,1.0,0.0
2241001860,7.0,6.0,1.0,0.0,1.0,1.8571428571428572,0.8571428571428571
2241001894,10.0,3.0,6.0,1.0,4.0,1.2,0.3
2241001916,7.0,0.0,5.0,2.0,2.0,0.7142857142857143,0.0
2241001932,13.0,4.0,9.0,0.0,3.0,1.3076923076923077,0.3076923076923077
2241001941,9.0,4.0,5.0,0.0,1.0,1.4444444444444444,0.4444444444444444
2241002017,5.0,4.0,1.0,0.0,2.0,1.8,0.8
2241002025,9.0,8.0,1.0,0.0,4.0,1.8888888888888888,0.8888888888888888
2241002050,8.0,0.0,8.0,0.0,5.0,1.0,0.0
2241002068,6.0,1.0,5.0,0.0,5.0,1.1666666666666667,0.16666666666666666
2241002076,8.0,5.0,3.0,0.0,0.0,1.625,0.625
2241002092,12.0,2.0,10.0,0.0,1.0,1.1666666666666667,0.16666666666666666
2241002122,7.0,0.0,6.0,1.0,2.0,0.8571428571428571,0.0
2241002149,9.0,3.0,6.0,0.0,2.0,1.3333333333333333,0.3333333333333333
2241002165,9.0,4.0,5.0,0.0,2.0,1.4444444444444444,0.4444444444444444
2241002220,6.0,0.0,6.0,0.0,2.0,1.0,0.0
2241002301,12.0,0.0,12.0,0.0,1.0,1.0,0.0
2241002327,8.0,4.0,3.0,1.0,3.0,1.375,0.5
2241002351,10.0,0.0,9.0,1.0,1.0,0.9,0.0
2241002416,6.0,4.0,2.0,0.0,1.0,1.6666666666666667,0.6666666666666666
2241002432,6.0,0.0,6.0,0.0,1.0,1.0,0.0
2241002459,9.0,1.0,8.0,0.0,4.0,1.1111111111111112,0.1111111111111111
2241002483,10.0,0.0,10.0,0.0,2.0,1.0,0.0
2241002611,13.0,2.0,11.0,0.0,2.0,1.1538461538461537,0.15384615384615385
2241002629,8.0,3.0,5.0,0.0,1.0,1.375,0.375
2241002637,10.0,4.0,5.0,1.0,4.0,1.3,0.4
2241002645,3.0,0.0,3.0,0.0,3.0,1.0,0.0
2241002653,6.0,6.0,0.0,0.0,1.0,2.0,1.0
2241002742,9.0,8.0,1.0,0.0,1.0,1.8888888888888888,0.8888888888888888
2241002840,7.0,4.0,3.0,0.0,1.0,1.5714285714285714,0.5714285714285714
2241002904,7.0,5.0,2.0,0.0,1.0,1.7142857142857142,0.7142857142857143
2241002947,8.0,0.0,8.0,0.0,1.0,1.0,0.0
2241003005,9.0,0.0,8.0,1.0,2.0,0.8888888888888888,0.0
2241003030,8.0,0.0,7.0,1.0,2.0,0.875,0.0
2241003129,6.0,1.0,5.0,0.0,0.0,1.1666666666666667,0.16666666666666666
2241003145,11.0,2.0,9.0,0.0,1.0,1.1818181818181819,0.18181818181818182
2241003153,10.0,0.0,9.0,1.0,2.0,0.9,0.0
2241003161,8.0,3.0,5.0,0.0,2.0,1.375,0.375
2241003188,8.0,5.0,3.0,0.0,1.0,1.625,0.625
2241003196,6.0,6.0,0.0,0.0,3.0,2.0,1.0
2241003200,13.0,8.0,5.0,0.0,2.0,1.6153846153846154,0.6153846153846154
2241003226,6.0,0.0,6.0,0.0,1.0,1.0,0.0
2241003285,7.0,0.0,6.0,1.0,2.0,0.8571428571428571,0.0
2241003331,10.0,5.0,5.0,0.0,2.0,1.5,0.5
2241003374,9.0,7.0,2.0,0.0,3.0,1.7777777777777777,0.7777777777777778
2241003391,6.0,1.0,5.0,0.0,3.0,1.1666666666666667,0.16666666666666666
2241003455,14.0,2.0,11.0,1.0,3.0,1.0714285714285714,0.14285714285714285
2241003463,13.0,3.0,10.0,0.0,5.0,1.2307692307692308,0.23076923076923078
2241003471,7.0,0.0,2.0,5.0,1.0,0.2857142857142857,0.0
2241003501,8.0,0.0,8.0,0.0,1.0,1.0,0.0
2241003536,8.0,2.0,6.0,0.0,3.0,1.25,0.25
2241003579,9.0,0.0,9.0,0.0,1.0,1.0,0.0
2241003595,12.0,0.0,12.0,0.0,2.0,1.0,0.0
2241003633,7.0,0.0,7.0,0.0,1.0,1.0,0.0
2241003706,9.0,0.0,7.0,2.0,1.0,0.7777777777777778,0.0
2241003722,12.0,2.0,10.0,0.0,4.0,1.1666666666666667,0.16666666666666666
2241003731,8.0,0.0,8.0,0.0,4.0,1.0,0.0
2241003765,6.0,1.0,5.0,0.0,1.0,1.1666666666666667,0.16666666666666666
2241003811,11.0,2.0,9.0,0.0,5.0,1.1818181818181819,0.18181818181818182
2241003978,9.0,0.0,9.0,0.0,3.0,1.0,0.0
2241003986,7.0,0.0,6.0,1.0,2.0,0.8571428571428571,0.0
2241004044,8.0,0.0,8.0,0.0,2.0,1.0,0.0
2241004052,5.0,0.0,5.0,0.0,3.0,1.0,0.0
2241004095,11.0,5.0,6.0,0.0,3.0,1.4545454545454546,0.45454545454545453
2241004184,5.0,2.0,3.0,0.0,2.0,1.4,0.4
2241004231,10.0,5.0,5.0,0.0,7.0,1.5,0.5
2241004265,12.0,8.0,4.0,0.0,6.0,1.6666666666666667,0.6666666666666666
2241004311,9.0,4.0,4.0,1.0,1.0,1.3333333333333333,0.4444444444444444
2241004320,12.0,0.0,10.0,2.0,2.0,0.8333333333333334,0.0
2241004401,9.0,0.0,9.0,0.0,1.0,1.0,0.0
2241004427,9.0,0.0,9.0,0.0,1.0,1.0,0.0
2241004443,9.0,0.0,9.0,0.0,1.0,1.0,0.0
2241004494,5.0,0.0,5.0,0.0,2.0,1.0,0.0
2241004532,7.0,0.0,7.0,0.0,1.0,1.0,0.0
2241004575,7.0,0.0,7.0,0.0,2.0,1.0,0.0
2241004591,14.0,6.0,8.0,0.0,2.0,1.4285714285714286,0.42857142857142855
2241004605,10.0,3.0,7.0,0.0,2.0,1.3,0.3
2241004613,5.0,1.0,4.0,0.0,1.0,1.2,0.2
2241004729,5.0,0.0,4.0,1.0,3.0,0.8,0.0
2241004745,8.0,0.0,7.0,1.0,1.0,0.875,0.0
2241004753,6.0,0.0,5.0,1.0,2.0,0.8333333333333334,0.0
2241004788,8.0,0.0,8.0,0.0,1.0,1.0,0.0
2241004796,9.0,0.0,8.0,1.0,2.0,0.8888888888888888,0.0
2241004834,7.0,0.0,7.0,0.0,5.0,1.0,0.0
2241004915,8.0,0.0,8.0,0.0,1.0,1.0,0.0
2241005016,5.0,0.0,5.0,0.0,1.0,1.0,0.0
2241005067,11.0,4.0,6.0,1.0,3.0,1.2727272727272727,0.36363636363636365
2241005121,12.0,1.0,11.0,0.0,3.0,1.0833333333333333,0.08333333333333333
2241005130,6.0,0.0,6.0,0.0,2.0,1.0,0.0
2241005156,5.0,1.0,3.0,1.0,3.0,1.0,0.2
2241005318,9.0,6.0,3.0,0.0,3.0,1.6666666666666667,0.6666666666666666
2241005334,6.0,0.0,6.0,0.0,3.0,1.0,0.0
2241005407,7.0,3.0,4.0,0.0,1.0,1.4285714285714286,0.42857142857142855
2241005415,5.0,0.0,5.0,0.0,1.0,1.0,0.0
2241005504,15.0,0.0,13.0,2.0,2.0,0.8666666666666667,0.0
2241005547,11.0,2.0,6.0,3.0,7.0,0.9090909090909091,0.18181818181818182
2241005661,4.0,0.0,4.0,0.0,2.0,1.0,0.0
2241005695,8.0,0.0,8.0,0.0,5.0,1.0,0.0
2241005709,3.0,1.0,2.0,0.0,1.0,1.3333333333333333,0.3333333333333333
2241005725,9.0,0.0,9.0,0.0,5.0,1.0,0.0
2241005733,10.0,3.0,7.0,0.0,1.0,1.3,0.3
2241005768,7.0,1.0,6.0,0.0,2.0,1.1428571428571428,0.14285714285714285
2241005806,6.0,2.0,3.0,1.0,2.0,1.1666666666666667,0.3333333333333333
2241005849,7.0,0.0,7.0,0.0,2.0,1.0,0.0
2241005911,9.0,0.0,9.0,0.0,5.0,1.0,0.0
2241005938,12.0,2.0,10.0,0.0,1.0,1.1666666666666667,0.16666666666666666
2241006004,8.0,1.0,6.0,1.0,1.0,1.0,0.125
2241006012,7.0,0.0,7.0,0.0,2.0,1.0,0.0
2241006098,9.0,1.0,8.0,0.0,6.0,1.1111111111111112,0.1111111111111111
2241006136,7.0,0.0,7.0,0.0,2.0,1.0,0.0
2241006144,9.0,0.0,2.0,7.0,0.0,0.2222222222222222,0.0
2241006152,9.0,1.0,8.0,0.0,2.0,1.1111111111111112,0.1111111111111111
2241006195,8.0,0.0,7.0,1.0,7.0,0.875,0.0
2241006322,9.0,3.0,6.0,0.0,1.0,1.3333333333333333,0.3333333333333333
2241006331,6.0,0.0,6.0,0.0,3.0,1.0,0.0
2241006373,15.0,3.0,12.0,0.0,4.0,1.2,0.2
2241006381,10.0,5.0,5.0,0.0,6.0,1.5,0.5
2241006390,11.0,4.0,7.0,0.0,3.0,1.3636363636363635,0.36363636363636365
2241006420,11.0,0.0,11.0,0.0,8.0,1.0,0.0
2241006454,8.0,0.0,7.0,1.0,0.0,0.875,0.0
2241006471,9.0,0.0,9.0,0.0,6.0,1.0,0.0
2241006497,7.0,0.0,4.0,3.0,1.0,0.5714285714285714,0.0
2241006501,11.0,0.0,11.0,0.0,5.0,1.0,0.0
2241006519,11.0,4.0,7.0,0.0,1.0,1.3636363636363635,0.36363636363636365
2241006608,7.0,4.0,3.0,0.0,1.0,1.5714285714285714,0.5714285714285714
2241006624,7.0,3.0,4.0,0.0,2.0,1.4285714285714286,0.42857142857142855
2241006641,7.0,0.0,6.0,1.0,1.0,0.8571428571428571,0.0
2241006683,12.0,2.0,10.0,0.0,0.0,1.1666666666666667,0.16666666666666666
2241006691,11.0,2.0,9.0,0.0,3.0,1.1818181818181819,0.18181818181818182
2241006756,7.0,0.0,7.0,0.0,3.0,1.0,0.0
2241006764,6.0,1.0,5.0,0.0,3.0,1.1666666666666667,0.16666666666666666
2241006772,9.0,2.0,7.0,0.0,2.0,1.2222222222222223,0.2222222222222222
2241006802,7.0,4.0,3.0,0.0,1.0,1.5714285714285714,0.5714285714285714
2241006977,5.0,1.0,3.0,1.0,2.0,1.0,0.2
2241006993,7.0,4.0,1.0,2.0,1.0,1.2857142857142858,0.5714285714285714
2241007035,12.0,1.0,11.0,0.0,2.0,1.0833333333333333,0.08333333333333333
2241007221,6.0,0.0,6.0,0.0,4.0,1.0,0.0
2241007264,10.0,0.0,10.0,0.0,1.0,1.0,0.0
2241007281,7.0,0.0,6.0,1.0,2.0,0.8571428571428571,0.0
2241007299,14.0,0.0,14.0,0.0,0.0,1.0,0.0
2241007302,4.0,0.0,2.0,2.0,2.0,0.5,0.0
2241007311,8.0,2.0,5.0,1.0,1.0,1.125,0.25
2241007540,10.0,1.0,8.0,1.0,2.0,1.0,0.1
2241007566,9.0,1.0,8.0,0.0,2.0,1.1111111111111112,0.1111111111111111
2241007591,7.0,1.0,6.0,0.0,1.0,1.1428571428571428,0.14285714285714285
2241007604,2.0,0.0,0.0,2.0,1.0,0.0,0.0
2241007612,6.0,0.0,5.0,1.0,1.0,0.8333333333333334,0.0
2241007701,11.0,2.0,8.0,1.0,3.0,1.0909090909090908,0.18181818181818182
2241007736,5.0,0.0,5.0,0.0,3.0,1.0,0.0
2241007787,7.0,0.0,6.0,1.0,3.0,0.8571428571428571,0.0
2251000050,7.0,3.0,4.0,0.0,2.0,1.4285714285714286,0.42857142857142855
2251000084,6.0,0.0,6.0,0.0,3.0,1.0,0.0
2251000114,9.0,0.0,9.0,0.0,5.0,1.0,0.0
2251000165,5.0,0.0,5.0,0.0,0.0,1.0,0.0
2251000181,6.0,1.0,5.0,0.0,1.0,1.1666666666666667,0.16666666666666666
2251000203,9.0,0.0,9.0,0.0,4.0,1.0,0.0
2251000246,5.0,0.0,5.0,0.0,1.0,1.0,0.0
2251000289,12.0,0.0,12.0,0.0,7.0,1.0,0.0
2251000360,5.0,0.0,5.0,0.0,1.0,1.0,0.0
2251000459,7.0,0.0,4.0,3.0,0.0,0.5714285714285714,0.0
2251000467,7.0,1.0,6.0,0.0,1.0,1.1428571428571428,0.14285714285714285
2251000483,7.0,4.0,3.0,0.0,1.0,1.5714285714285714,0.5714285714285714
2251000513,4.0,1.0,3.0,0.0,1.0,1.25,0.25
2251000599,11.0,0.0,11.0,0.0,1.0,1.0,0.0
2251000696,4.0,0.0,4.0,0.0,1.0,1.0,0.0
2251000718,8.0,0.0,8.0,0.0,4.0,1.0,0.0
2251000742,6.0,2.0,4.0,0.0,0.0,1.3333333333333333,0.3333333333333333
2251000785,6.0,0.0,6.0,0.0,0.0,1.0,0.0
2251000840,8.0,1.0,7.0,0.0,1.0,1.125,0.125
2251000866,4.0,1.0,3.0,0.0,1.0,1.25,0.25
2251000963,15.0,0.0,15.0,0.0,4.0,1.0,0.0
2251000998,4.0,0.0,4.0,0.0,0.0,1.0,0.0
2251001013,5.0,0.0,3.0,2.0,1.0,0.6,0.0
2251001048,4.0,2.0,2.0,0.0,1.0,1.5,0.5
2251001056,9.0,1.0,8.0,0.0,2.0,1.1111111111111112,0.1111111111111111
2251001072,6.0,0.0,6.0,0.0,2.0,1.0,0.0
2251001081,6.0,0.0,6.0,0.0,0.0,1.0,0.0
2251001200,8.0,0.0,8.0,0.0,6.0,1.0,0.0
2251001226,11.0,0.0,11.0,0.0,1.0,1.0,0.0
2251001234,10.0,4.0,6.0,0.0,2.0,1.4,0.4
2251001251,6.0,2.0,4.0,0.0,2.0,1.3333333333333333,0.3333333333333333
2251001293,7.0,2.0,5.0,0.0,2.0,1.2857142857142858,0.2857142857142857
2251001340,4.0,1.0,3.0,0.0,1.0,1.25,0.25
2251001366,4.0,1.0,3.0,0.0,1.0,1.25,0.25
2251001382,7.0,0.0,6.0,1.0,7.0,0.8571428571428571,0.0
2251001447,10.0,0.0,10.0,0.0,1.0,1.0,0.0
2251001463,4.0,0.0,4.0,0.0,2.0,1.0,0.0
2251001498,10.0,0.0,10.0,0.0,1.0,1.0,0.0
2251001528,9.0,0.0,9.0,0.0,3.0,1.0,0.0
2251001561,10.0,0.0,10.0,0.0,6.0,1.0,0.0
2251001625,4.0,0.0,4.0,0.0,1.0,1.0,0.0
2251001668,8.0,0.0,8.0,0.0,4.0,1.0,0.0
2251001749,7.0,1.0,6.0,0.0,1.0,1.1428571428571428,0.14285714285714285
2251001811,8.0,3.0,5.0,0.0,0.0,1.375,0.375
2251001846,12.0,0.0,12.0,0.0,4.0,1.0,0.0
2251001862,6.0,0.0,6.0,0.0,0.0,1.0,0.0
2251001871,4.0,0.0,4.0,0.0,1.0,1.0,0.0
2251001889,5.0,0.0,1.0,4.0,0.0,0.2,0.0
2251001919,6.0,1.0,5.0,0.0,3.0,1.1666666666666667,0.16666666666666666
2251001978,6.0,3.0,3.0,0.0,3.0,1.5,0.5
2251001994,6.0,0.0,6.0,0.0,0.0,1.0,0.0
2251002036,6.0,0.0,4.0,2.0,1.0,0.6666666666666666,0.0
2251002095,10.0,0.0,10.0,0.0,6.0,1.0,0.0
2251002109,7.0,1.0,6.0,0.0,1.0,1.1428571428571428,0.14285714285714285
2251002168,8.0,0.0,6.0,2.0,3.0,0.75,0.0
2251002222,12.0,4.0,8.0,0.0,5.0,1.3333333333333333,0.3333333333333333
2251002303,3.0,0.0,3.0,0.0,2.0,1.0,0.0
2251002338,10.0,0.0,10.0,0.0,0.0,1.0,0.0
2251002346,5.0,0.0,5.0,0.0,0.0,1.0,0.0
2251002389,7.0,2.0,5.0,0.0,1.0,1.2857142857142858,0.2857142857142857
2251002397,9.0,0.0,9.0,0.0,8.0,1.0,0.0
2251002419,6.0,0.0,6.0,0.0,1.0,1.0,0.0
2251002451,5.0,2.0,3.0,0.0,1.0,1.4,0.4
2251002532,5.0,0.0,2.0,3.0,2.0,0.4,0.0
2251002567,11.0,0.0,11.0,0.0,2.0,1.0,0.0
2251002605,7.0,0.0,6.0,1.0,2.0,0.8571428571428571,0.0
2251002613,7.0,1.0,6.0,0.0,0.0,1.1428571428571428,0.14285714285714285
2251002630,12.0,0.0,12.0,0.0,8.0,1.0,0.0
2251002656,9.0,0.0,9.0,0.0,2.0,1.0,0.0
2251002711,6.0,0.0,6.0,0.0,6.0,1.0,0.0
2251002745,5.0,1.0,4.0,0.0,1.0,1.2,0.2
2251002753,9.0,0.0,9.0,0.0,1.0,1.0,0.0
2251002761,5.0,1.0,4.0,0.0,4.0,1.2,0.2
2251002770,8.0,1.0,7.0,0.0,2.0,1.125,0.125
2251002923,10.0,0.0,10.0,0.0,2.0,1.0,0.0
2251002982,6.0,0.0,6.0,0.0,1.0,1.0,0.0
2251003024,6.0,1.0,5.0,0.0,0.0,1.1666666666666667,0.16666666666666666
2251003032,6.0,0.0,6.0,0.0,5.0,1.0,0.0
2251003067,12.0,8.0,4.0,0.0,2.0,1.6666666666666667,0.6666666666666666
2251003130,8.0,0.0,8.0,0.0,0.0,1.0,0.0
2251003148,14.0,1.0,13.0,0.0,6.0,1.0714285714285714,0.07142857142857142
2251003181,7.0,0.0,5.0,2.0,1.0,0.7142857142857143,0.0
2251003211,6.0,0.0,5.0,1.0,2.0,0.8333333333333334,0.0
2251003326,6.0,0.0,6.0,0.0,2.0,1.0,0.0
2251003334,7.0,0.0,7.0,0.0,2.0,1.0,0.0
2251003369,12.0,0.0,10.0,2.0,1.0,0.8333333333333334,0.0
2251003431,9.0,0.0,9.0,0.0,0.0,1.0,0.0
2251003458,4.0,0.0,4.0,0.0,1.0,1.0,0.0
2251003474,4.0,0.0,4.0,0.0,2.0,1.0,0.0
2251003491,8.0,0.0,8.0,0.0,3.0,1.0,0.0
2251003547,5.0,1.0,4.0,0.0,0.0,1.2,0.2
2251003636,8.0,0.0,8.0,0.0,1.0,1.0,0.0
2251003709,9.0,2.0,7.0,0.0,1.0,1.2222222222222223,0.2222222222222222
2251003717,12.0,6.0,6.0,0.0,4.0,1.5,0.5
2251003725,7.0,1.0,6.0,0.0,0.0,1.1428571428571428,0.14285714285714285
2251003768,7.0,0.0,6.0,1.0,1.0,0.8571428571428571,0.0
2251003784,6.0,0.0,6.0,0.0,2.0,1.0,0.0
2251003792,11.0,9.0,2.0,0.0,3.0,1.8181818181818181,0.8181818181818182
2251003806,7.0,0.0,7.0,0.0,1.0,1.0,0.0
2251003822,9.0,7.0,2.0,0.0,6.0,1.7777777777777777,0.7777777777777778
2251003849,9.0,0.0,9.0,0.0,3.0,1.0,0.0
2251003857,10.0,0.0,10.0,0.0,7.0,1.0,0.0
2251003890,7.0,0.0,7.0,0.0,1.0,1.0,0.0
2251003962,5.0,0.0,5.0,0.0,1.0,1.0,0.0
2251004055,5.0,1.0,4.0,0.0,2.0,1.2,0.2
2251004179,6.0,0.0,6.0,0.0,2.0,1.0,0.0
2251004187,4.0,0.0,4.0,0.0,3.0,1.0,0.0
2251004209,8.0,0.0,6.0,2.0,7.0,0.75,0.0
2251004292,10.0,0.0,10.0,0.0,1.0,1.0,0.0
2251004306,9.0,3.0,6.0,0.0,2.0,1.3333333333333333,0.3333333333333333
2251004349,4.0,0.0,3.0,1.0,3.0,0.75,0.0
2251004373,4.0,0.0,4.0,0.0,1.0,1.0,0.0
2251004501,11.0,3.0,7.0,1.0,1.0,1.1818181818181819,0.2727272727272727
2251004527,6.0,0.0,6.0,0.0,1.0,1.0,0.0
2251004543,8.0,4.0,4.0,0.0,1.0,1.5,0.5
2251004802,7.0,1.0,6.0,0.0,6.0,1.1428571428571428,0.14285714285714285
2251004845,6.0,1.0,4.0,1.0,4.0,1.0,0.16666666666666666
2251004900,13.0,0.0,13.0,0.0,5.0,1.0,0.0
2251004918,5.0,0.0,4.0,1.0,1.0,0.8,0.0
2251004969,8.0,2.0,6.0,0.0,4.0,1.25,0.25
2251004977,9.0,3.0,6.0,0.0,1.0,1.3333333333333333,0.3333333333333333
2251005019,10.0,3.0,7.0,0.0,2.0,1.3,0.3
2251005027,3.0,0.0,3.0,0.0,1.0,1.0,0.0
2251005078,12.0,0.0,12.0,0.0,3.0,1.0,0.0
2251005124,9.0,2.0,7.0,0.0,1.0,1.2222222222222223,0.2222222222222222
2251005141,11.0,5.0,6.0,0.0,1.0,1.4545454545454546,0.45454545454545453
2251005159,7.0,2.0,5.0,0.0,1.0,1.2857142857142858,0.2857142857142857
2251005183,6.0,4.0,2.0,0.0,2.0,1.6666666666666667,0.6666666666666666
2251005213,5.0,0.0,5.0,0.0,1.0,1.0,0.0
2251005221,11.0,5.0,6.0,0.0,1.0,1.4545454545454546,0.45454545454545453
2251005230,8.0,0.0,8.0,0.0,3.0,1.0,0.0
2251005264,5.0,0.0,5.0,0.0,1.0,1.0,0.0
2251005281,8.0,1.0,7.0,0.0,0.0,1.125,0.125
2251005353,7.0,0.0,6.0,1.0,3.0,0.8571428571428571,0.0
2251005361,9.0,3.0,6.0,0.0,1.0,1.3333333333333333,0.3333333333333333
2251005396,6.0,0.0,5.0,1.0,2.0,0.8333333333333334,0.0
2251005400,8.0,2.0,6.0,0.0,2.0,1.25,0.25
2251005434,3.0,0.0,3.0,0.0,1.0,1.0,0.0
2251005469,5.0,0.0,5.0,0.0,3.0,1.0,0.0
2251005477,8.0,0.0,8.0,0.0,1.0,1.0,0.0
2251005493,9.0,0.0,9.0,0.0,4.0,1.0,0.0
2251005507,5.0,0.0,5.0,0.0,1.0,1.0,0.0
2251005515,11.0,4.0,7.0,0.0,1.0,1.3636363636363635,0.36363636363636365
2251005574,10.0,4.0,6.0,0.0,3.0,1.4,0.4
2251005591,6.0,0.0,5.0,1.0,0.0,0.8333333333333334,0.0
2251005612,9.0,1.0,8.0,0.0,2.0,1.1111111111111112,0.1111111111111111
2251005639,7.0,0.0,7.0,0.0,1.0,1.0,0.0
2251005655,9.0,0.0,9.0,0.0,5.0,1.0,0.0
2251005663,7.0,0.0,5.0,2.0,3.0,0.7142857142857143,0.0
2251005671,3.0,1.0,2.0,0.0,1.0,1.3333333333333333,0.3333333333333333
2251005698,6.0,2.0,4.0,0.0,0.0,1.3333333333333333,0.3333333333333333
2251005744,5.0,0.0,5.0,0.0,3.0,1.0,0.0
2251005787,7.0,1.0,6.0,0.0,1.0,1.1428571428571428,0.14285714285714285
2251005825,6.0,3.0,3.0,0.0,1.0,1.5,0.5
2251005868,4.0,1.0,3.0,0.0,1.0,1.25,0.25
2251005906,8.0,0.0,8.0,0.0,0.0,1.0,0.0
2251006007,8.0,3.0,5.0,0.0,1.0,1.375,0.375
2251006040,9.0,2.0,7.0,0.0,1.0,1.2222222222222223,0.2222222222222222
2251006058,10.0,0.0,10.0,0.0,5.0,1.0,0.0
2251006074,8.0,1.0,7.0,0.0,8.0,1.125,0.125
2251006139,8.0,0.0,8.0,0.0,7.0,1.0,0.0
2251006163,8.0,0.0,8.0,0.0,3.0,1.0,0.0
2251006171,9.0,0.0,9.0,0.0,4.0,1.0,0.0
2251006180,12.0,0.0,12.0,0.0,6.0,1.0,0.0
2251006201,7.0,0.0,7.0,0.0,2.0,1.0,0.0
2251006210,9.0,4.0,5.0,0.0,0.0,1.4444444444444444,0.4444444444444444
2251006228,7.0,0.0,7.0,0.0,1.0,1.0,0.0
2251006252,8.0,0.0,8.0,0.0,2.0,1.0,0.0
2251006261,4.0,0.0,4.0,0.0,0.0,1.0,0.0
2251006279,8.0,0.0,8.0,0.0,0.0,1.0,0.0
2251006333,4.0,0.0,4.0,0.0,0.0,1.0,0.0
2251006341,7.0,0.0,7.0,0.0,1.0,1.0,0.0
2251006350,6.0,1.0,5.0,0.0,1.0,1.1666666666666667,0.16666666666666666
2251006384,12.0,0.0,12.0,0.0,2.0,1.0,0.0
2251006392,8.0,0.0,8.0,0.0,5.0,1.0,0.0
2251006457,4.0,0.0,4.0,0.0,3.0,1.0,0.0
2251006520,5.0,0.0,3.0,2.0,3.0,0.6,0.0
2251006538,7.0,0.0,7.0,0.0,5.0,1.0,0.0
2251006627,9.0,0.0,9.0,0.0,2.0,1.0,0.0
2251006660,6.0,0.0,6.0,0.0,0.0,1.0,0.0
2251006724,6.0,3.0,3.0,0.0,1.0,1.5,0.5
2251006759,5.0,0.0,5.0,0.0,1.0,1.0,0.0
2251006783,6.0,0.0,6.0,0.0,1.0,1.0,0.0
2251006813,6.0,0.0,6.0,0.0,1.0,1.0,0.0
2251006872,6.0,1.0,5.0,0.0,1.0,1.1666666666666667,0.16666666666666666
2251007143,7.0,0.0,7.0,0.0,3.0,1.0,0.0
2251007208,7.0,2.0,5.0,0.0,1.0,1.2857142857142858,0.2857142857142857
2251007241,7.0,0.0,7.0,0.0,2.0,1.0,0.0
2251007259,4.0,1.0,3.0,0.0,3.0,1.25,0.25
2251007348,6.0,0.0,5.0,1.0,2.0,0.8333333333333334,0.0
2251007402,7.0,0.0,7.0,0.0,6.0,1.0,0.0
2251007445,9.0,0.0,9.0,0.0,3.0,1.0,0.0
2251007518,8.0,0.0,8.0,0.0,2.0,1.0,0.0
2251007542,6.0,0.0,6.0,0.0,5.0,1.0,0.0
2251007593,11.0,0.0,10.0,1.0,9.0,0.9090909090909091,0.0
2251007704,8.0,1.0,7.0,0.0,0.0,1.125,0.125
2251007712,5.0,1.0,4.0,0.0,0.0,1.2,0.2
2251007755,9.0,1.0,8.0,0.0,1.0,1.1111111111111112,0.1111111111111111
2251007780,16.0,4.0,12.0,0.0,2.0,1.25,0.25
2271000047,10.0,1.0,9.0,0.0,2.0,1.1,0.1
2271000098,13.0,4.0,9.0,0.0,1.0,1.3076923076923077,0.3076923076923077
2271000101,14.0,8.0,6.0,0.0,1.0,1.5714285714285714,0.5714285714285714
2271000136,6.0,3.0,3.0,0.0,1.0,1.5,0.5
2271000217,7.0,0.0,6.0,1.0,1.0,0.8571428571428571,0.0
2271000292,10.0,4.0,6.0,0.0,3.0,1.4,0.4
2271000357,6.0,1.0,5.0,0.0,1.0,1.1666666666666667,0.16666666666666666
2271000373,9.0,1.0,8.0,0.0,3.0,1.1111111111111112,0.1111111111111111
2271000420,10.0,4.0,6.0,0.0,3.0,1.4,0.4
2271000462,9.0,6.0,3.0,0.0,1.0,1.6666666666666667,0.6666666666666666
2271000489,5.0,0.0,4.0,1.0,3.0,0.8,0.0
2271000624,5.0,0.0,4.0,1.0,2.0,0.8,0.0
2271000705,9.0,0.0,9.0,0.0,1.0,1.0,0.0
2271000799,4.0,0.0,3.0,1.0,1.0,0.75,0.0
2271000802,6.0,3.0,3.0,0.0,1.0,1.5,0.5
2271000853,11.0,7.0,4.0,0.0,3.0,1.6363636363636365,0.6363636363636364
2271000861,5.0,1.0,4.0,0.0,1.0,1.2,0.2
2271001001,6.0,0.0,5.0,1.0,1.0,0.8333333333333334,0.0
2271001060,9.0,2.0,5.0,2.0,1.0,1.0,0.2222222222222222
2271001094,5.0,0.0,4.0,1.0,1.0,0.8,0.0
2271001116,5.0,0.0,4.0,1.0,2.0,0.8,0.0
2271001183,6.0,0.0,4.0,2.0,2.0,0.6666666666666666,0.0
2271001248,10.0,6.0,4.0,0.0,1.0,1.6,0.6
2271001311,8.0,4.0,4.0,0.0,4.0,1.5,0.5
2271001396,8.0,0.0,7.0,1.0,3.0,0.875,0.0
2271001426,6.0,0.0,5.0,1.0,1.0,0.8333333333333334,0.0
2271001477,10.0,6.0,4.0,0.0,4.0,1.6,0.6
2271001507,12.0,3.0,9.0,0.0,2.0,1.25,0.25
2271001515,9.0,3.0,6.0,0.0,4.0,1.3333333333333333,0.3333333333333333
2271001523,5.0,0.0,5.0,0.0,1.0,1.0,0.0
2271001540,9.0,2.0,7.0,0.0,3.0,1.2222222222222223,0.2222222222222222
2271001566,11.0,0.0,10.0,1.0,1.0,0.9090909090909091,0.0
2271001582,8.0,3.0,5.0,0.0,5.0,1.375,0.375
2271001647,11.0,11.0,0.0,0.0,1.0,2.0,1.0
2271001663,8.0,1.0,7.0,0.0,1.0,1.125,0.125
2271001698,11.0,8.0,3.0,0.0,2.0,1.7272727272727273,0.7272727272727273
2271001701,9.0,1.0,8.0,0.0,1.0,1.1111111111111112,0.1111111111111111
2271001736,15.0,0.0,10.0,5.0,1.0,0.6666666666666666,0.0
2271001752,7.0,2.0,5.0,0.0,5.0,1.2857142857142858,0.2857142857142857
2271001787,7.0,0.0,7.0,0.0,2.0,1.0,0.0
2271001809,10.0,0.0,5.0,5.0,2.0,0.5,0.0
2271001876,10.0,0.0,8.0,2.0,1.0,0.8,0.0
2271001906,8.0,3.0,5.0,0.0,1.0,1.375,0.375
2271002015,9.0,0.0,9.0,0.0,7.0,1.0,0.0
2271002066,9.0,3.0,5.0,1.0,1.0,1.2222222222222223,0.3333333333333333
2271002082,7.0,1.0,6.0,0.0,3.0,1.1428571428571428,0.14285714285714285
2271002104,10.0,5.0,5.0,0.0,2.0,1.5,0.5
2271002139,12.0,9.0,3.0,0.0,1.0,1.75,0.75
2271002171,7.0,4.0,3.0,0.0,1.0,1.5714285714285714,0.5714285714285714
2271002309,8.0,0.0,6.0,2.0,1.0,0.75,0.0
2271002317,8.0,6.0,2.0,0.0,1.0,1.75,0.75
2271002376,5.0,0.0,5.0,0.0,1.0,1.0,0.0
2271002414,5.0,3.0,2.0,0.0,1.0,1.6,0.6
2271002473,7.0,1.0,6.0,0.0,1.0,1.1428571428571428,0.14285714285714285
2271002546_cleaned,8.0,0.0,7.0,1.0,2.0,0.875,0.0
2271002601,8.0,4.0,4.0,0.0,3.0,1.5,0.5
2271002708,12.0,0.0,8.0,4.0,2.0,0.6666666666666666,0.0
2271002759,7.0,2.0,5.0,0.0,2.0,1.2857142857142858,0.2857142857142857
2271002783,6.0,0.0,3.0,3.0,2.0,0.5,0.0
2271002805,7.0,3.0,4.0,0.0,1.0,1.4285714285714286,0.42857142857142855
2271002864,8.0,1.0,7.0,0.0,1.0,1.125,0.125
2271002899,6.0,4.0,2.0,0.0,1.0,1.6666666666666667,0.6666666666666666
2271002902,5.0,0.0,4.0,1.0,1.0,0.8,0.0
2271002929,8.0,0.0,7.0,1.0,2.0,0.875,0.0
2271002961,7.0,7.0,0.0,0.0,1.0,2.0,1.0
2271003020,7.0,2.0,5.0,0.0,1.0,1.2857142857142858,0.2857142857142857
2271003038,8.0,0.0,6.0,2.0,3.0,0.75,0.0
2271003046,9.0,4.0,4.0,1.0,1.0,1.3333333333333333,0.4444444444444444
2271003071,7.0,0.0,5.0,2.0,3.0,0.7142857142857143,0.0
2271003224,3.0,0.0,3.0,0.0,0.0,1.0,0.0
2271003232,8.0,0.0,5.0,3.0,1.0,0.625,0.0
2271003241,5.0,1.0,4.0,0.0,1.0,1.2,0.2
2271003313,8.0,1.0,7.0,0.0,2.0,1.125,0.125
2271003429,2.0,0.0,1.0,1.0,1.0,0.5,0.0
2271003526,7.0,0.0,6.0,1.0,1.0,0.8571428571428571,0.0
2271003542,5.0,0.0,5.0,0.0,2.0,1.0,0.0
2271003585,7.0,0.0,7.0,0.0,1.0,1.0,0.0
2271003674,14.0,0.0,12.0,2.0,3.0,0.8571428571428571,0.0
2271003721,8.0,7.0,1.0,0.0,1.0,1.875,0.875
2271003798,12.0,1.0,8.0,3.0,5.0,0.8333333333333334,0.08333333333333333
2271003801,14.0,6.0,8.0,0.0,1.0,1.4285714285714286,0.42857142857142855
2271003844,7.0,6.0,1.0,0.0,5.0,1.8571428571428572,0.8571428571428571
2271003925,8.0,1.0,7.0,0.0,1.0,1.125,0.125
2271003941,6.0,0.0,6.0,0.0,1.0,1.0,0.0
2271003968,12.0,4.0,7.0,1.0,2.0,1.25,0.3333333333333333
2271004107,12.0,1.0,10.0,1.0,4.0,1.0,0.08333333333333333
2271004166,7.0,2.0,5.0,0.0,3.0,1.2857142857142858,0.2857142857142857
2271004191,6.0,0.0,6.0,0.0,3.0,1.0,0.0
2271004239,6.0,0.0,5.0,1.0,0.0,0.8333333333333334,0.0
2271004247,8.0,6.0,2.0,0.0,1.0,1.75,0.75
2271004298,5.0,1.0,4.0,0.0,1.0,1.2,0.2
2271004336,13.0,4.0,9.0,0.0,3.0,1.3076923076923077,0.3076923076923077
2271004387,9.0,0.0,8.0,1.0,1.0,0.8888888888888888,0.0
2271004468,8.0,0.0,8.0,0.0,4.0,1.0,0.0
2271004476,9.0,0.0,9.0,0.0,1.0,1.0,0.0
2271004506,6.0,0.0,4.0,2.0,5.0,0.6666666666666666,0.0
2271004514,9.0,7.0,2.0,0.0,1.0,1.7777777777777777,0.7777777777777778
2271004565,11.0,2.0,9.0,0.0,1.0,1.1818181818181819,0.18181818181818182
2271004573,10.0,1.0,8.0,1.0,3.0,1.0,0.1
2271004603,18.0,8.0,10.0,0.0,1.0,1.4444444444444444,0.4444444444444444
2271004611,8.0,0.0,8.0,0.0,4.0,1.0,0.0
2271004654,10.0,5.0,5.0,0.0,2.0,1.5,0.5
2271004662,5.0,1.0,4.0,0.0,0.0,1.2,0.2
2271004671,9.0,1.0,8.0,0.0,3.0,1.1111111111111112,0.1111111111111111
2271004794,7.0,1.0,5.0,1.0,1.0,1.0,0.14285714285714285
2271004832,21.0,1.0,20.0,0.0,2.0,1.0476190476190477,0.047619047619047616
2271004841,8.0,0.0,7.0,1.0,4.0,0.875,0.0
2271004891,9.0,0.0,9.0,0.0,2.0,1.0,0.0
2271004948,9.0,0.0,9.0,0.0,1.0,1.0,0.0
2271005022,13.0,0.0,13.0,0.0,2.0,1.0,0.0
2271005057,11.0,1.0,9.0,1.0,3.0,1.0,0.09090909090909091
2271005065,9.0,2.0,7.0,0.0,2.0,1.2222222222222223,0.2222222222222222
2271005073,10.0,8.0,2.0,0.0,1.0,1.8,0.8
2271005081,8.0,0.0,8.0,0.0,2.0,1.0,0.0
2271005171,9.0,1.0,8.0,0.0,1.0,1.1111111111111112,0.1111111111111111
2271005235,8.0,3.0,5.0,0.0,1.0,1.375,0.375
2271005278,6.0,0.0,5.0,1.0,1.0,0.8333333333333334,0.0
2271005294,8.0,4.0,4.0,0.0,3.0,1.5,0.5
2271005308,12.0,10.0,2.0,0.0,1.0,1.8333333333333333,0.8333333333333334
2271005341,5.0,0.0,5.0,0.0,2.0,1.0,0.0
2271005367,7.0,0.0,7.0,0.0,1.0,1.0,0.0
2271005391,6.0,0.0,4.0,2.0,3.0,0.6666666666666666,0.0
2271005405,7.0,2.0,5.0,0.0,0.0,1.2857142857142858,0.2857142857142857
2271005456,7.0,1.0,6.0,0.0,1.0,1.1428571428571428,0.14285714285714285
2271005472,8.0,5.0,3.0,0.0,2.0,1.625,0.625
2271005545,4.0,0.0,4.0,0.0,1.0,1.0,0.0
2271005669,6.0,2.0,4.0,0.0,2.0,1.3333333333333333,0.3333333333333333
2271005707,15.0,9.0,6.0,0.0,1.0,1.6,0.6
2271005715,15.0,6.0,9.0,0.0,1.0,1.4,0.4
2271005731,5.0,0.0,5.0,0.0,1.0,1.0,0.0
2271005782,8.0,2.0,6.0,0.0,3.0,1.25,0.25
2271005791,7.0,2.0,5.0,0.0,1.0,1.2857142857142858,0.2857142857142857
2271005821,9.0,0.0,9.0,0.0,3.0,1.0,0.0
2271005898,6.0,1.0,5.0,0.0,3.0,1.1666666666666667,0.16666666666666666
2271005910,18.0,2.0,15.0,1.0,1.0,1.0555555555555556,0.1111111111111111
2271005928,10.0,3.0,7.0,0.0,2.0,1.3,0.3
2271006053,9.0,4.0,5.0,0.0,1.0,1.4444444444444444,0.4444444444444444
2271006061,7.0,0.0,7.0,0.0,1.0,1.0,0.0
2271006088,5.0,0.0,5.0,0.0,1.0,1.0,0.0
2271006118,8.0,0.0,8.0,0.0,2.0,1.0,0.0
2271006142,16.0,2.0,10.0,4.0,4.0,0.875,0.125
2271006304,6.0,3.0,3.0,0.0,1.0,1.5,0.5
2271006312,8.0,2.0,6.0,0.0,2.0,1.25,0.25
2271006355,9.0,2.0,7.0,0.0,3.0,1.2222222222222223,0.2222222222222222
2271006380,16.0,13.0,3.0,0.0,3.0,1.8125,0.8125
2271006401,9.0,0.0,9.0,0.0,1.0,1.0,0.0
2271006461,12.0,0.0,11.0,1.0,1.0,0.9166666666666666,0.0
2271006541,10.0,2.0,7.0,1.0,1.0,1.1,0.2
2271006550,6.0,2.0,4.0,0.0,1.0,1.3333333333333333,0.3333333333333333
2271006606,4.0,0.0,4.0,0.0,1.0,1.0,0.0
2271006631,14.0,0.0,12.0,2.0,4.0,0.8571428571428571,0.0
2271006665,8.0,4.0,4.0,0.0,1.0,1.5,0.5
2271006690,7.0,1.0,6.0,0.0,2.0,1.1428571428571428,0.14285714285714285
2271006711,11.0,0.0,9.0,2.0,3.0,0.8181818181818182,0.0
2271006720,7.0,1.0,6.0,0.0,2.0,1.1428571428571428,0.14285714285714285
2271006746,8.0,0.0,6.0,2.0,1.0,0.75,0.0
2271006754,5.0,1.0,4.0,0.0,1.0,1.2,0.2
2271006797,10.0,0.0,10.0,0.0,2.0,1.0,0.0
2271006941,6.0,0.0,5.0,1.0,1.0,0.8333333333333334,0.0
2271007009,6.0,0.0,5.0,1.0,1.0,0.8333333333333334,0.0
2271007033,4.0,2.0,2.0,0.0,1.0,1.5,0.5
2271007041,6.0,0.0,5.0,1.0,4.0,0.8333333333333334,0.0
2271007076,7.0,2.0,4.0,1.0,1.0,1.1428571428571428,0.2857142857142857
2271007106,10.0,0.0,8.0,2.0,3.0,0.8,0.0
2271007157,10.0,6.0,4.0,0.0,2.0,1.6,0.6
2271007238,4.0,0.0,4.0,0.0,1.0,1.0,0.0
2271007301,7.0,0.0,6.0,1.0,2.0,0.8571428571428571,0.0
2271007327,11.0,2.0,9.0,0.0,4.0,1.1818181818181819,0.18181818181818182
2271007351,6.0,0.0,4.0,2.0,2.0,0.6666666666666666,0.0
2271007360,6.0,0.0,5.0,1.0,1.0,0.8333333333333334,0.0
2271007599,11.0,0.0,11.0,0.0,6.0,1.0,0.0
2271007637,8.0,0.0,8.0,0.0,2.0,1.0,0.0
2271007793,5.0,5.0,0.0,0.0,1.0,2.0,1.0
2311000022,10.0,0.0,10.0,0.0,2.0,1.0,0.0
2311000031,10.0,0.0,10.0,0.0,2.0,1.0,0.0
2311000081,10.0,0.0,10.0,0.0,3.0,1.0,0.0
2311000111,6.0,0.0,6.0,0.0,0.0,1.0,0.0
2311000138,8.0,0.0,8.0,0.0,3.0,1.0,0.0
2311000189,8.0,0.0,7.0,1.0,4.0,0.875,0.0
2311000251,6.0,0.0,6.0,0.0,2.0,1.0,0.0
2311000308,6.0,0.0,6.0,0.0,1.0,1.0,0.0
2311000359,14.0,0.0,14.0,0.0,1.0,1.0,0.0
2311000375,8.0,0.0,8.0,0.0,1.0,1.0,0.0
2311000421,10.0,0.0,10.0,0.0,1.0,1.0,0.0
2311000430,6.0,0.0,6.0,0.0,1.0,1.0,0.0
2311000448,12.0,2.0,10.0,0.0,2.0,1.1666666666666667,0.16666666666666666
2311000499,6.0,0.0,6.0,0.0,1.0,1.0,0.0
2311000502_cleaned,9.0,0.0,9.0,0.0,1.0,1.0,0.0
2311000553,7.0,0.0,7.0,0.0,1.0,1.0,0.0
2311000600,9.0,0.0,8.0,1.0,2.0,0.8888888888888888,0.0
2311000626,9.0,0.0,9.0,0.0,0.0,1.0,0.0
2311000707,5.0,0.0,3.0,2.0,0.0,0.6,0.0
2311000774,6.0,0.0,6.0,0.0,1.0,1.0,0.0
2311000812,11.0,0.0,9.0,2.0,0.0,0.8181818181818182,0.0
2311000847,6.0,0.0,6.0,0.0,1.0,1.0,0.0
2311000855,22.0,0.0,22.0,0.0,4.0,1.0,0.0
2311000898,8.0,0.0,8.0,0.0,0.0,1.0,0.0
2311000901,9.0,8.0,1.0,0.0,3.0,1.8888888888888888,0.8888888888888888
2311000944,7.0,0.0,6.0,1.0,1.0,0.8571428571428571,0.0
2311000961,10.0,4.0,6.0,0.0,1.0,1.4,0.4
2311001053,10.0,0.0,10.0,0.0,2.0,1.0,0.0
2311001096,11.0,6.0,5.0,0.0,2.0,1.5454545454545454,0.5454545454545454
2311001126,8.0,0.0,8.0,0.0,1.0,1.0,0.0
2311001207,6.0,0.0,5.0,1.0,1.0,0.8333333333333334,0.0
2311001258,11.0,0.0,11.0,0.0,2.0,1.0,0.0
2311001282,10.0,1.0,9.0,0.0,1.0,1.1,0.1
2311001321,5.0,0.0,5.0,0.0,1.0,1.0,0.0
2311001347,8.0,0.0,8.0,0.0,2.0,1.0,0.0
2311001363,5.0,0.0,5.0,0.0,1.0,1.0,0.0
2311001380,5.0,0.0,5.0,0.0,1.0,1.0,0.0
2311001398,9.0,0.0,9.0,0.0,2.0,1.0,0.0
2311001452,7.0,0.0,7.0,0.0,1.0,1.0,0.0
2311001479,11.0,0.0,10.0,1.0,1.0,0.9090909090909091,0.0
2311001541,10.0,0.0,10.0,0.0,3.0,1.0,0.0
2311001681,5.0,0.0,5.0,0.0,2.0,1.0,0.0
2311001703,11.0,0.0,10.0,1.0,2.0,0.9090909090909091,0.0
2311001711,11.0,0.0,11.0,0.0,3.0,1.0,0.0
2311001819,10.0,0.0,10.0,0.0,4.0,1.0,0.0
2311001851,9.0,0.0,9.0,0.0,1.0,1.0,0.0
2311001886,4.0,0.0,4.0,0.0,1.0,1.0,0.0
2311001924,11.0,2.0,9.0,0.0,2.0,1.1818181818181819,0.18181818181818182
2311001932,6.0,0.0,6.0,0.0,0.0,1.0,0.0
2311001975,12.0,1.0,11.0,0.0,0.0,1.0833333333333333,0.08333333333333333
2311002041,9.0,0.0,9.0,0.0,3.0,1.0,0.0
2311002050,7.0,0.0,7.0,0.0,1.0,1.0,0.0
2311002106,11.0,0.0,11.0,0.0,1.0,1.0,0.0
2311002114,15.0,0.0,15.0,0.0,2.0,1.0,0.0
2311002131,11.0,0.0,11.0,0.0,1.0,1.0,0.0
2311002181,6.0,0.0,6.0,0.0,1.0,1.0,0.0
2311002220,9.0,0.0,9.0,0.0,3.0,1.0,0.0
2311002238,8.0,0.0,8.0,0.0,4.0,1.0,0.0
2311002271,8.0,0.0,8.0,0.0,2.0,1.0,0.0
2311002289,7.0,0.0,7.0,0.0,1.0,1.0,0.0
2311002319,13.0,0.0,12.0,1.0,1.0,0.9230769230769231,0.0
2311002335,7.0,0.0,7.0,0.0,1.0,1.0,0.0
2311002378,8.0,0.0,8.0,0.0,1.0,1.0,0.0
2311002386,14.0,0.0,14.0,0.0,3.0,1.0,0.0
2311002441,5.0,0.0,5.0,0.0,1.0,1.0,0.0
2311002521,12.0,0.0,12.0,0.0,2.0,1.0,0.0
2311002530,9.0,0.0,9.0,0.0,3.0,1.0,0.0
2311002556,9.0,0.0,9.0,0.0,1.0,1.0,0.0
2311002564,7.0,0.0,7.0,0.0,1.0,1.0,0.0
2311002629,10.0,4.0,6.0,0.0,1.0,1.4,0.4
2311002688,9.0,0.0,9.0,0.0,2.0,1.0,0.0
2311002742,10.0,0.0,10.0,0.0,0.0,1.0,0.0
2311002807,9.0,0.0,9.0,0.0,1.0,1.0,0.0
2311002866,10.0,0.0,10.0,0.0,2.0,1.0,0.0
2311002912,9.0,3.0,6.0,0.0,1.0,1.3333333333333333,0.3333333333333333
2311002980,6.0,0.0,6.0,0.0,2.0,1.0,0.0
2311003013,12.0,1.0,11.0,0.0,2.0,1.0833333333333333,0.08333333333333333
2311003102,7.0,1.0,6.0,0.0,2.0,1.1428571428571428,0.14285714285714285
2311003137,12.0,0.0,10.0,2.0,0.0,0.8333333333333334,0.0
2311003170,14.0,0.0,14.0,0.0,7.0,1.0,0.0
2311003242,10.0,0.0,10.0,0.0,2.0,1.0,0.0
2311003358,8.0,0.0,8.0,0.0,0.0,1.0,0.0
2311003366,7.0,0.0,6.0,1.0,0.0,0.8571428571428571,0.0
2311003382,6.0,0.0,6.0,0.0,0.0,1.0,0.0
2311003463,11.0,0.0,11.0,0.0,4.0,1.0,0.0
2311003498,9.0,0.0,8.0,1.0,0.0,0.8888888888888888,0.0
2311003579,3.0,1.0,2.0,0.0,2.0,1.3333333333333333,0.3333333333333333
2311003617,11.0,1.0,10.0,0.0,1.0,1.0909090909090908,0.09090909090909091
2311003625,8.0,0.0,8.0,0.0,3.0,1.0,0.0
2311003641,7.0,0.0,5.0,2.0,0.0,0.7142857142857143,0.0
2311003684,9.0,0.0,9.0,0.0,1.0,1.0,0.0
2311003706,6.0,0.0,6.0,0.0,1.0,1.0,0.0
2311003714,6.0,0.0,6.0,0.0,1.0,1.0,0.0
2311003757,7.0,0.0,6.0,1.0,1.0,0.8571428571428571,0.0
2311003781,13.0,1.0,11.0,1.0,4.0,1.0,0.07692307692307693
2311003862,11.0,4.0,7.0,0.0,2.0,1.3636363636363635,0.36363636363636365
2311003897,7.0,0.0,7.0,0.0,2.0,1.0,0.0
2311003978,8.0,0.0,8.0,0.0,0.0,1.0,0.0
2311004001,9.0,0.0,9.0,0.0,4.0,1.0,0.0
2311004087,5.0,0.0,5.0,0.0,1.0,1.0,0.0
2311004095,12.0,0.0,12.0,0.0,3.0,1.0,0.0
2311004125,7.0,2.0,5.0,0.0,1.0,1.2857142857142858,0.2857142857142857
2311004141,7.0,0.0,7.0,0.0,3.0,1.0,0.0
2311004222,7.0,0.0,7.0,0.0,2.0,1.0,0.0
2311004249,8.0,1.0,7.0,0.0,1.0,1.125,0.125
2311004257,7.0,0.0,5.0,2.0,1.0,0.7142857142857143,0.0
2311004265,6.0,0.0,6.0,0.0,2.0,1.0,0.0
2311004273,10.0,0.0,10.0,0.0,0.0,1.0,0.0
2311004338,8.0,0.0,8.0,0.0,1.0,1.0,0.0
2311004354,10.0,1.0,9.0,0.0,1.0,1.1,0.1
2311004478,9.0,0.0,9.0,0.0,1.0,1.0,0.0
2311004524,12.0,0.0,11.0,1.0,0.0,0.9166666666666666,0.0
2311004753,8.0,0.0,8.0,0.0,0.0,1.0,0.0
2311004761,13.0,0.0,13.0,0.0,1.0,1.0,0.0
2311004796,8.0,0.0,8.0,0.0,1.0,1.0,0.0
2311004800,9.0,0.0,9.0,0.0,1.0,1.0,0.0
2311004826,13.0,1.0,12.0,0.0,3.0,1.0769230769230769,0.07692307692307693
2311004869,9.0,0.0,8.0,1.0,1.0,0.8888888888888888,0.0
2311004974,6.0,0.0,6.0,0.0,0.0,1.0,0.0
2311005008,9.0,0.0,9.0,0.0,2.0,1.0,0.0
2311005016,8.0,0.0,7.0,1.0,5.0,0.875,0.0
2311005067,7.0,0.0,7.0,0.0,1.0,1.0,0.0
2311005113,12.0,0.0,10.0,2.0,1.0,0.8333333333333334,0.0
2311005148,7.0,0.0,7.0,0.0,1.0,1.0,0.0
2311005199,8.0,0.0,7.0,1.0,1.0,0.875,0.0
2311005202,2.0,0.0,2.0,0.0,1.0,1.0,0.0
2311005211,9.0,0.0,9.0,0.0,1.0,1.0,0.0
2311005296,8.0,0.0,8.0,0.0,2.0,1.0,0.0
2311005300,9.0,0.0,9.0,0.0,1.0,1.0,0.0
2311005326,9.0,0.0,9.0,0.0,3.0,1.0,0.0
2311005351,6.0,0.0,6.0,0.0,1.0,1.0,0.0
2311005407,10.0,0.0,9.0,1.0,2.0,0.9,0.0
2311005415,16.0,1.0,15.0,0.0,3.0,1.0625,0.0625
2311005423,4.0,0.0,3.0,1.0,0.0,0.75,0.0
2311005431,7.0,0.0,7.0,0.0,2.0,1.0,0.0
2311005440,9.0,0.0,9.0,0.0,1.0,1.0,0.0
2311005474,7.0,0.0,7.0,0.0,1.0,1.0,0.0
2311005482,3.0,0.0,3.0,0.0,2.0,1.0,0.0
2311005512,13.0,0.0,11.0,2.0,2.0,0.8461538461538461,0.0
2311005563,11.0,1.0,9.0,1.0,1.0,1.0,0.09090909090909091
2311005661,8.0,0.0,8.0,0.0,5.0,1.0,0.0
2311005725,10.0,2.0,8.0,0.0,3.0,1.2,0.2
2311005814,11.0,1.0,10.0,0.0,1.0,1.0909090909090908,0.09090909090909091
2311005822,9.0,0.0,8.0,1.0,1.0,0.8888888888888888,0.0
2311005831,4.0,0.0,4.0,0.0,1.0,1.0,0.0
2311005873,9.0,0.0,9.0,0.0,1.0,1.0,0.0
2311006012,6.0,0.0,6.0,0.0,1.0,1.0,0.0
2311006063,12.0,3.0,9.0,0.0,2.0,1.25,0.25
2311006071,4.0,0.0,4.0,0.0,0.0,1.0,0.0
2311006128,9.0,1.0,8.0,0.0,2.0,1.1111111111111112,0.1111111111111111
2311006136,10.0,0.0,10.0,0.0,2.0,1.0,0.0
2311006152,7.0,0.0,6.0,1.0,1.0,0.8571428571428571,0.0
2311006195,8.0,0.0,8.0,0.0,1.0,1.0,0.0
2311006250,4.0,0.0,2.0,2.0,1.0,0.5,0.0
2311006306,9.0,1.0,8.0,0.0,1.0,1.1111111111111112,0.1111111111111111
2311006322,5.0,0.0,5.0,0.0,1.0,1.0,0.0
2311006349,9.0,0.0,9.0,0.0,1.0,1.0,0.0
2311006381,7.0,0.0,6.0,1.0,0.0,0.8571428571428571,0.0
2311006403,9.0,0.0,8.0,1.0,1.0,0.8888888888888888,0.0
2311006446,13.0,0.0,12.0,1.0,1.0,0.9230769230769231,0.0
2311006454,10.0,0.0,10.0,0.0,2.0,1.0,0.0
2311006501,11.0,0.0,11.0,0.0,1.0,1.0,0.0
2311006543,7.0,0.0,7.0,0.0,0.0,1.0,0.0
2311006551,13.0,0.0,13.0,0.0,2.0,1.0,0.0
2311006594,6.0,3.0,3.0,0.0,1.0,1.5,0.5
2311006667,10.0,0.0,9.0,1.0,1.0,0.9,0.0
2311006683,13.0,1.0,12.0,0.0,1.0,1.0769230769230769,0.07692307692307693
2311006713,12.0,0.0,12.0,0.0,1.0,1.0,0.0
2311006721,6.0,0.0,6.0,0.0,3.0,1.0,0.0
2311006756,10.0,1.0,8.0,1.0,1.0,1.0,0.1
2311006799,6.0,0.0,6.0,0.0,0.0,1.0,0.0
2311006837,14.0,0.0,14.0,0.0,4.0,1.0,0.0
2311006845,5.0,0.0,5.0,0.0,4.0,1.0,0.0
2311006896,11.0,2.0,9.0,0.0,1.0,1.1818181818181819,0.18181818181818182
2311007086,6.0,0.0,6.0,0.0,1.0,1.0,0.0
2311007108,4.0,0.0,4.0,0.0,1.0,1.0,0.0
2311007141,7.0,0.0,7.0,0.0,4.0,1.0,0.0
2311007167,11.0,4.0,7.0,0.0,1.0,1.3636363636363635,0.36363636363636365
2311007221,7.0,0.0,7.0,0.0,2.0,1.0,0.0
2311007230,7.0,0.0,6.0,1.0,1.0,0.8571428571428571,0.0
2311007256,5.0,0.0,5.0,0.0,1.0,1.0,0.0
2311007264,11.0,2.0,9.0,0.0,2.0,1.1818181818181819,0.18181818181818182
2311007272,11.0,0.0,9.0,2.0,2.0,0.8181818181818182,0.0
2311007281,8.0,0.0,7.0,1.0,1.0,0.875,0.0
2311007299,4.0,0.0,4.0,0.0,3.0,1.0,0.0
2311007329,10.0,0.0,10.0,0.0,3.0,1.0,0.0
2311007426,4.0,0.0,4.0,0.0,2.0,1.0,0.0
2311007485,9.0,0.0,8.0,1.0,1.0,0.8888888888888888,0.0
2311007515,8.0,0.0,8.0,0.0,0.0,1.0,0.0
2311007744,14.0,2.0,12.0,0.0,1.0,1.1428571428571428,0.14285714285714285
2311007787,7.0,0.0,6.0,1.0,2.0,0.8571428571428571,0.0
2311007817,6.0,0.0,6.0,0.0,1.0,1.0,0.0
2311007825,10.0,0.0,9.0,1.0,1.0,0.9,0.0
2421000031,7.0,0.0,7.0,0.0,3.0,1.0,0.0
2421000082,7.0,0.0,7.0,0.0,1.0,1.0,0.0
2421000091,5.0,0.0,5.0,0.0,1.0,1.0,0.0
2421000155,7.0,0.0,7.0,0.0,4.0,1.0,0.0
2421000163,7.0,0.0,7.0,0.0,2.0,1.0,0.0
2421000180,4.0,2.0,2.0,0.0,1.0,1.5,0.5
2421000198,3.0,0.0,2.0,1.0,2.0,0.6666666666666666,0.0
2421000210,7.0,0.0,7.0,0.0,4.0,1.0,0.0
2421000236,6.0,0.0,6.0,0.0,2.0,1.0,0.0
2421000279,4.0,0.0,4.0,0.0,1.0,1.0,0.0
2421000287,7.0,0.0,7.0,0.0,3.0,1.0,0.0
2421000341,10.0,0.0,10.0,0.0,1.0,1.0,0.0
2421000376,8.0,0.0,7.0,1.0,3.0,0.875,0.0
2421000431,9.0,4.0,5.0,0.0,1.0,1.4444444444444444,0.4444444444444444
2421000449,7.0,1.0,6.0,0.0,1.0,1.1428571428571428,0.14285714285714285
2421000457,8.0,5.0,3.0,0.0,1.0,1.625,0.625
2421000465,4.0,0.0,4.0,0.0,3.0,1.0,0.0
2421000481,6.0,0.0,6.0,0.0,1.0,1.0,0.0
2421000520,7.0,0.0,6.0,1.0,4.0,0.8571428571428571,0.0
2421000562,8.0,0.0,8.0,0.0,1.0,1.0,0.0
2421000686,6.0,0.0,6.0,0.0,2.0,1.0,0.0
2421000783,9.0,1.0,7.0,1.0,2.0,1.0,0.1111111111111111
2421000881,5.0,0.0,5.0,0.0,0.0,1.0,0.0
2421000899,9.0,0.0,9.0,0.0,1.0,1.0,0.0
2421001038,11.0,0.0,11.0,0.0,1.0,1.0,0.0
2421001054,4.0,0.0,2.0,2.0,3.0,0.5,0.0
2421001101,7.0,0.0,7.0,0.0,1.0,1.0,0.0
2421001127,10.0,1.0,9.0,0.0,1.0,1.1,0.1
2421001224,12.0,0.0,12.0,0.0,4.0,1.0,0.0
2421001305,8.0,0.0,8.0,0.0,4.0,1.0,0.0
2421001313,7.0,0.0,7.0,0.0,4.0,1.0,0.0
2421001356,11.0,0.0,6.0,5.0,1.0,0.5454545454545454,0.0
2421001372,8.0,0.0,8.0,0.0,0.0,1.0,0.0
2421001453,10.0,7.0,3.0,0.0,5.0,1.7,0.7
2421001461,7.0,3.0,4.0,0.0,5.0,1.4285714285714286,0.42857142857142855
2421001470,9.0,1.0,8.0,0.0,3.0,1.1111111111111112,0.1111111111111111
2421001488,4.0,0.0,4.0,0.0,1.0,1.0,0.0
2421001526,9.0,4.0,5.0,0.0,5.0,1.4444444444444444,0.4444444444444444
2421001542,6.0,0.0,6.0,0.0,3.0,1.0,0.0
2421001551,12.0,4.0,8.0,0.0,4.0,1.3333333333333333,0.3333333333333333
2421001569,11.0,0.0,11.0,0.0,8.0,1.0,0.0
2421001593,7.0,0.0,6.0,1.0,4.0,0.8571428571428571,0.0
2421001615,8.0,3.0,5.0,0.0,1.0,1.375,0.375
2421001631,8.0,0.0,8.0,0.0,5.0,1.0,0.0
2421001640,8.0,0.0,8.0,0.0,2.0,1.0,0.0
2421001674,7.0,4.0,3.0,0.0,2.0,1.5714285714285714,0.5714285714285714
2421001691,6.0,1.0,5.0,0.0,3.0,1.1666666666666667,0.16666666666666666
2421001747,4.0,2.0,2.0,0.0,1.0,1.5,0.5
2421001755,8.0,0.0,8.0,0.0,3.0,1.0,0.0
2421001763,9.0,6.0,3.0,0.0,8.0,1.6666666666666667,0.6666666666666666
2421001780,8.0,3.0,5.0,0.0,3.0,1.375,0.375
2421001810,6.0,0.0,6.0,0.0,3.0,1.0,0.0
2421001828,5.0,1.0,4.0,0.0,4.0,1.2,0.2
2421001861,7.0,0.0,7.0,0.0,2.0,1.0,0.0
2421001887,2.0,0.0,0.0,2.0,0.0,0.0,0.0
2421001895,6.0,0.0,6.0,0.0,3.0,1.0,0.0
2421001909,11.0,1.0,10.0,0.0,5.0,1.0909090909090908,0.09090909090909091
2421001984,4.0,0.0,4.0,0.0,3.0,1.0,0.0
2421001992,3.0,0.0,3.0,0.0,1.0,1.0,0.0
2421002026,6.0,1.0,5.0,0.0,0.0,1.1666666666666667,0.16666666666666666
2421002131,6.0,3.0,3.0,0.0,1.0,1.5,0.5
2421002140,8.0,0.0,7.0,1.0,3.0,0.875,0.0
2421002247,9.0,0.0,9.0,0.0,3.0,1.0,0.0
2421002301,16.0,0.0,13.0,3.0,3.0,0.8125,0.0
2421002352,6.0,0.0,6.0,0.0,2.0,1.0,0.0
2421002395,7.0,0.0,7.0,0.0,0.0,1.0,0.0
2421002409,7.0,0.0,7.0,0.0,2.0,1.0,0.0
2421002441,8.0,0.0,8.0,0.0,5.0,1.0,0.0
2421002492,10.0,0.0,10.0,0.0,4.0,1.0,0.0
2421002824,6.0,1.0,5.0,0.0,2.0,1.1666666666666667,0.16666666666666666
2421002891,9.0,0.0,9.0,0.0,7.0,1.0,0.0
2421002930,11.0,0.0,11.0,0.0,4.0,1.0,0.0
2421003090,3.0,0.0,0.0,3.0,3.0,0.0,0.0
2421003120,10.0,2.0,8.0,0.0,4.0,1.2,0.2
2421003162,9.0,2.0,7.0,0.0,4.0,1.2222222222222223,0.2222222222222222
2421003197,4.0,0.0,4.0,0.0,1.0,1.0,0.0
2421003219,8.0,0.0,8.0,0.0,5.0,1.0,0.0
2421003227,8.0,0.0,8.0,0.0,4.0,1.0,0.0
2421003235,6.0,1.0,5.0,0.0,1.0,1.1666666666666667,0.16666666666666666
2421003243,4.0,0.0,4.0,0.0,0.0,1.0,0.0
2421003251,5.0,0.0,3.0,2.0,1.0,0.6,0.0
2421003324,8.0,0.0,8.0,0.0,5.0,1.0,0.0
2421003332,8.0,0.0,8.0,0.0,1.0,1.0,0.0
2421003341,9.0,4.0,5.0,0.0,4.0,1.4444444444444444,0.4444444444444444
2421003383,6.0,0.0,6.0,0.0,1.0,1.0,0.0
2421003511,4.0,0.0,4.0,0.0,1.0,1.0,0.0
2421003545,9.0,0.0,9.0,0.0,4.0,1.0,0.0
2421003618,6.0,0.0,6.0,0.0,1.0,1.0,0.0
2421003634,7.0,0.0,7.0,0.0,1.0,1.0,0.0
2421003693,8.0,2.0,5.0,1.0,1.0,1.125,0.25
2421003715,7.0,1.0,6.0,0.0,0.0,1.1428571428571428,0.14285714285714285
2421003723,7.0,1.0,6.0,0.0,2.0,1.1428571428571428,0.14285714285714285
2421003791,6.0,2.0,4.0,0.0,3.0,1.3333333333333333,0.3333333333333333
2421003804,10.0,2.0,8.0,0.0,0.0,1.2,0.2
2421003812,9.0,6.0,3.0,0.0,3.0,1.6666666666666667,0.6666666666666666
2421003839,9.0,0.0,9.0,0.0,4.0,1.0,0.0
2421003847,9.0,6.0,3.0,0.0,2.0,1.6666666666666667,0.6666666666666666
2421003910,4.0,0.0,4.0,0.0,2.0,1.0,0.0
2421003936,8.0,0.0,8.0,0.0,3.0,1.0,0.0
2421004002,6.0,0.0,6.0,0.0,2.0,1.0,0.0
2421004011,6.0,0.0,6.0,0.0,2.0,1.0,0.0
2421004045,11.0,0.0,9.0,2.0,4.0,0.8181818181818182,0.0
2421004053,11.0,0.0,11.0,0.0,1.0,1.0,0.0
2421004100,13.0,0.0,13.0,0.0,5.0,1.0,0.0
2421004134,5.0,0.0,5.0,0.0,1.0,1.0,0.0
2421004142,9.0,1.0,8.0,0.0,2.0,1.1111111111111112,0.1111111111111111
2421004151,10.0,2.0,8.0,0.0,2.0,1.2,0.2
2421004312,8.0,0.0,8.0,0.0,3.0,1.0,0.0
2421004347,7.0,0.0,7.0,0.0,1.0,1.0,0.0
2421004363,5.0,2.0,3.0,0.0,4.0,1.4,0.4
2421004371,10.0,4.0,6.0,0.0,1.0,1.4,0.4
2421004461,11.0,3.0,8.0,0.0,2.0,1.2727272727272727,0.2727272727272727
2421004479,6.0,0.0,6.0,0.0,4.0,1.0,0.0
2421004533,5.0,0.0,5.0,0.0,2.0,1.0,0.0
2421004541,4.0,0.0,4.0,0.0,2.0,1.0,0.0
2421004606,7.0,0.0,7.0,0.0,4.0,1.0,0.0
2421004673,6.0,0.0,6.0,0.0,2.0,1.0,0.0
2421004797,4.0,0.0,4.0,0.0,1.0,1.0,0.0
2421004827,7.0,0.0,7.0,0.0,1.0,1.0,0.0
2421004843,7.0,1.0,6.0,0.0,2.0,1.1428571428571428,0.14285714285714285
2421004851,6.0,0.0,6.0,0.0,2.0,1.0,0.0
2421004860,6.0,0.0,6.0,0.0,3.0,1.0,0.0
2421004894,8.0,0.0,8.0,0.0,7.0,1.0,0.0
2421004959,8.0,0.0,8.0,0.0,2.0,1.0,0.0
2421004975,8.0,0.0,8.0,0.0,4.0,1.0,0.0
2421005084,10.0,1.0,9.0,0.0,5.0,1.1,0.1
2421005106,4.0,0.0,4.0,0.0,0.0,1.0,0.0
2421005157,8.0,0.0,8.0,0.0,4.0,1.0,0.0
2421005181,6.0,1.0,5.0,0.0,2.0,1.1666666666666667,0.16666666666666666
2421005271,6.0,0.0,5.0,1.0,3.0,0.8333333333333334,0.0
2421005327,9.0,0.0,9.0,0.0,1.0,1.0,0.0
2421005335,6.0,0.0,6.0,0.0,3.0,1.0,0.0
2421005343,8.0,6.0,2.0,0.0,2.0,1.75,0.75
2421005394,9.0,0.0,9.0,0.0,1.0,1.0,0.0
2421005467,4.0,0.0,4.0,0.0,1.0,1.0,0.0
2421005637,6.0,0.0,6.0,0.0,0.0,1.0,0.0
2421005670,9.0,5.0,4.0,0.0,1.0,1.5555555555555556,0.5555555555555556
2421005696,6.0,1.0,5.0,0.0,1.0,1.1666666666666667,0.16666666666666666
2421005726,10.0,0.0,10.0,0.0,6.0,1.0,0.0
2421005734,7.0,2.0,5.0,0.0,2.0,1.2857142857142858,0.2857142857142857
2421005742,9.0,0.0,9.0,0.0,8.0,1.0,0.0
2421005751,6.0,0.0,6.0,0.0,4.0,1.0,0.0
2421005777,5.0,1.0,3.0,1.0,1.0,1.0,0.2
2421005815,7.0,6.0,1.0,0.0,1.0,1.8571428571428572,0.8571428571428571
2421005858,7.0,0.0,5.0,2.0,4.0,0.7142857142857143,0.0
2421005904,8.0,1.0,7.0,0.0,5.0,1.125,0.125
2421005939,6.0,3.0,3.0,0.0,1.0,1.5,0.5
2421006013,11.0,0.0,11.0,0.0,6.0,1.0,0.0
2421006064,10.0,7.0,3.0,0.0,5.0,1.7,0.7
2421006072,7.0,0.0,7.0,0.0,1.0,1.0,0.0
2421006170,5.0,4.0,1.0,0.0,1.0,1.8,0.8
2421006200,8.0,1.0,7.0,0.0,7.0,1.125,0.125
2421006218,7.0,1.0,6.0,0.0,2.0,1.1428571428571428,0.14285714285714285
2421006293,8.0,1.0,7.0,0.0,3.0,1.125,0.125
2421006323,8.0,0.0,7.0,1.0,3.0,0.875,0.0
2421006391,10.0,1.0,9.0,0.0,3.0,1.1,0.1
2421006412,8.0,0.0,8.0,0.0,6.0,1.0,0.0
2421006463,6.0,1.0,4.0,1.0,1.0,1.0,0.16666666666666666
2421006510,11.0,3.0,8.0,0.0,2.0,1.2727272727272727,0.2727272727272727
2421006561,9.0,1.0,7.0,1.0,3.0,1.0,0.1111111111111111
2421006579,8.0,0.0,8.0,0.0,5.0,1.0,0.0
2421006633,10.0,7.0,3.0,0.0,1.0,1.7,0.7
2421006650,6.0,0.0,5.0,1.0,2.0,0.8333333333333334,0.0
2421006731,11.0,0.0,11.0,0.0,2.0,1.0,0.0
2421006790,10.0,0.0,10.0,0.0,2.0,1.0,0.0
2421006820,6.0,0.0,6.0,0.0,0.0,1.0,0.0
2421007044,9.0,6.0,3.0,0.0,1.0,1.6666666666666667,0.6666666666666666
2421007125,7.0,0.0,7.0,0.0,4.0,1.0,0.0
2421007192,6.0,0.0,6.0,0.0,1.0,1.0,0.0
2421007214,4.0,0.0,3.0,1.0,3.0,0.75,0.0
2421007231,6.0,0.0,6.0,0.0,2.0,1.0,0.0
2421007281,8.0,1.0,7.0,0.0,1.0,1.125,0.125
2421007311,8.0,3.0,5.0,0.0,2.0,1.375,0.375
2421007320,6.0,0.0,5.0,1.0,1.0,0.8333333333333334,0.0
2421007362,6.0,0.0,5.0,1.0,2.0,0.8333333333333334,0.0
2421007427,3.0,0.0,3.0,0.0,2.0,1.0,0.0
2421007451,8.0,1.0,7.0,0.0,3.0,1.125,0.125
2421007494,6.0,0.0,5.0,1.0,2.0,0.8333333333333334,0.0
2421007532,10.0,2.0,7.0,1.0,2.0,1.1,0.2
2421007559,7.0,0.0,6.0,1.0,2.0,0.8571428571428571,0.0
2421007567,8.0,1.0,7.0,0.0,1.0,1.125,0.125
2421007621,9.0,0.0,9.0,0.0,4.0,1.0,0.0
2421007702,5.0,0.0,5.0,0.0,0.0,1.0,0.0
2421007729,7.0,0.0,5.0,2.0,1.0,0.7142857142857143,0.0
2421007737,8.0,0.0,8.0,0.0,1.0,1.0,0.0
2421007761,11.0,1.0,10.0,0.0,3.0,1.0909090909090908,0.09090909090909091
2421007796,8.0,2.0,6.0,0.0,2.0,1.25,0.25
2421007818,8.0,1.0,6.0,1.0,3.0,1.0,0.125
2421007834,6.0,0.0,6.0,0.0,2.0,1.0,0.0
2431000034,6.0,0.0,5.0,1.0,1.0,0.8333333333333334,0.0
2431000051,11.0,0.0,10.0,1.0,1.0,0.9090909090909091,0.0
2431000123,6.0,0.0,6.0,0.0,1.0,1.0,0.0
2431000174,7.0,0.0,7.0,0.0,1.0,1.0,0.0
2431000191,8.0,0.0,8.0,0.0,1.0,1.0,0.0
2431000280,12.0,0.0,10.0,2.0,2.0,0.8333333333333334,0.0
2431000344,7.0,0.0,7.0,0.0,1.0,1.0,0.0
2431000387,7.0,0.0,7.0,0.0,1.0,1.0,0.0
2431000468,9.0,0.0,9.0,0.0,0.0,1.0,0.0
2431000581,8.0,0.0,8.0,0.0,1.0,1.0,0.0
2431000611,7.0,0.0,6.0,1.0,2.0,0.8571428571428571,0.0
2431000620,11.0,0.0,11.0,0.0,0.0,1.0,0.0
2431000654,8.0,0.0,8.0,0.0,3.0,1.0,0.0
2431000689,6.0,0.0,6.0,0.0,0.0,1.0,0.0
2431000697,7.0,0.0,7.0,0.0,3.0,1.0,0.0
2431000727,8.0,1.0,7.0,0.0,1.0,1.125,0.125
2431000735,5.0,0.0,4.0,1.0,1.0,0.8,0.0
2431000832,11.0,0.0,10.0,1.0,2.0,0.9090909090909091,0.0
2431000859,12.0,2.0,10.0,0.0,0.0,1.1666666666666667,0.16666666666666666
2431000875,7.0,0.0,6.0,1.0,1.0,0.8571428571428571,0.0
2431000921_cleaned,13.0,11.0,2.0,0.0,1.0,1.8461538461538463,0.8461538461538461
2431000981,10.0,0.0,8.0,2.0,7.0,0.8,0.0
2431001006,9.0,0.0,8.0,1.0,2.0,0.8888888888888888,0.0
2431001031,6.0,0.0,6.0,0.0,4.0,1.0,0.0
2431001057,9.0,0.0,9.0,0.0,1.0,1.0,0.0
2431001065,10.0,2.0,8.0,0.0,4.0,1.2,0.2
2431001081,11.0,0.0,11.0,0.0,2.0,1.0,0.0
2431001251,9.0,0.0,9.0,0.0,1.0,1.0,0.0
2431001294,6.0,0.0,6.0,0.0,2.0,1.0,0.0
2431001308,12.0,3.0,9.0,0.0,1.0,1.25,0.25
2431001341,6.0,0.0,6.0,0.0,2.0,1.0,0.0
2431001367,10.0,0.0,10.0,0.0,1.0,1.0,0.0
2431001413,6.0,0.0,6.0,0.0,3.0,1.0,0.0
2431001448,11.0,0.0,11.0,0.0,1.0,1.0,0.0
2431001472,13.0,0.0,13.0,0.0,5.0,1.0,0.0
2431001499,10.0,0.0,10.0,0.0,1.0,1.0,0.0
2431001570,9.0,0.0,9.0,0.0,1.0,1.0,0.0
2431001618,12.0,1.0,11.0,0.0,1.0,1.0833333333333333,0.08333333333333333
2431001626,5.0,0.0,5.0,0.0,2.0,1.0,0.0
2431001766,12.0,0.0,11.0,1.0,5.0,0.9166666666666666,0.0
2431001863,11.0,0.0,11.0,0.0,1.0,1.0,0.0
2431001871,12.0,5.0,7.0,0.0,3.0,1.4166666666666667,0.4166666666666667
2431001898,7.0,0.0,6.0,1.0,2.0,0.8571428571428571,0.0
2431001944,9.0,0.0,9.0,0.0,2.0,1.0,0.0
2431002011,10.0,1.0,9.0,0.0,4.0,1.1,0.1
2431002045,8.0,0.0,8.0,0.0,1.0,1.0,0.0
2431002061,7.0,0.0,7.0,0.0,2.0,1.0,0.0
2431002070,14.0,2.0,12.0,0.0,4.0,1.1428571428571428,0.14285714285714285
2431002151,8.0,1.0,7.0,0.0,1.0,1.125,0.125
2431002177,12.0,1.0,11.0,0.0,2.0,1.0833333333333333,0.08333333333333333
2431002240,2.0,0.0,2.0,0.0,1.0,1.0,0.0
2431002258,8.0,0.0,8.0,0.0,0.0,1.0,0.0
2431002274,10.0,2.0,8.0,0.0,2.0,1.2,0.2
2431002312,8.0,0.0,8.0,0.0,1.0,1.0,0.0
2431002339,4.0,0.0,4.0,0.0,1.0,1.0,0.0
2431002355,7.0,0.0,6.0,1.0,4.0,0.8571428571428571,0.0
2431002479,8.0,0.0,6.0,2.0,1.0,0.75,0.0
2431002495,7.0,0.0,7.0,0.0,1.0,1.0,0.0
2431002509,11.0,0.0,11.0,0.0,1.0,1.0,0.0
2431002525,5.0,0.0,4.0,1.0,0.0,0.8,0.0
2431002533,10.0,0.0,10.0,0.0,3.0,1.0,0.0
2431002550,5.0,0.0,5.0,0.0,1.0,1.0,0.0
2431002738,8.0,0.0,8.0,0.0,3.0,1.0,0.0
2431002771,9.0,1.0,8.0,0.0,1.0,1.1111111111111112,0.1111111111111111
2431002851,7.0,0.0,7.0,0.0,2.0,1.0,0.0
2431002886,6.0,0.0,5.0,1.0,1.0,0.8333333333333334,0.0
2431002932,12.0,0.0,12.0,0.0,1.0,1.0,0.0
2431002941,10.0,0.0,10.0,0.0,2.0,1.0,0.0
2431002959,11.0,0.0,10.0,1.0,4.0,0.9090909090909091,0.0
2431003092,9.0,0.0,9.0,0.0,2.0,1.0,0.0
2431003131,10.0,0.0,10.0,0.0,2.0,1.0,0.0
2431003246,9.0,0.0,9.0,0.0,1.0,1.0,0.0
2431003262,7.0,0.0,7.0,0.0,1.0,1.0,0.0
2431003301,11.0,0.0,9.0,2.0,5.0,0.8181818181818182,0.0
2431003386,6.0,0.0,6.0,0.0,1.0,1.0,0.0
2431003441,7.0,0.0,7.0,0.0,2.0,1.0,0.0
2431003491,9.0,3.0,6.0,0.0,1.0,1.3333333333333333,0.3333333333333333
2431003564,6.0,0.0,6.0,0.0,1.0,1.0,0.0
2431003572,8.0,0.0,7.0,1.0,0.0,0.875,0.0
2431003599,10.0,0.0,9.0,1.0,2.0,0.9,0.0
2431003602,6.0,0.0,6.0,0.0,2.0,1.0,0.0
2431003611,16.0,0.0,16.0,0.0,7.0,1.0,0.0
2431003653,4.0,0.0,4.0,0.0,3.0,1.0,0.0
2431003807,12.0,4.0,8.0,0.0,1.0,1.3333333333333333,0.3333333333333333
2431003815,11.0,3.0,8.0,0.0,1.0,1.2727272727272727,0.2727272727272727
2431003831,8.0,0.0,8.0,0.0,1.0,1.0,0.0
2431003904,12.0,12.0,0.0,0.0,2.0,2.0,1.0
2431003912,11.0,0.0,11.0,0.0,3.0,1.0,0.0
2431003947,13.0,0.0,12.0,1.0,1.0,0.9230769230769231,0.0
2431004064,6.0,0.0,6.0,0.0,1.0,1.0,0.0
2431004111,8.0,0.0,8.0,0.0,2.0,1.0,0.0
2431004200,9.0,1.0,8.0,0.0,1.0,1.1111111111111112,0.1111111111111111
2431004226,10.0,0.0,10.0,0.0,1.0,1.0,0.0
2431004234,5.0,1.0,4.0,0.0,2.0,1.2,0.2
2431004251,10.0,0.0,10.0,0.0,1.0,1.0,0.0
2431004315,6.0,1.0,5.0,0.0,2.0,1.1666666666666667,0.16666666666666666
2431004323,10.0,0.0,10.0,0.0,1.0,1.0,0.0
2431004331,10.0,0.0,9.0,1.0,2.0,0.9,0.0
2431004340,5.0,0.0,5.0,0.0,1.0,1.0,0.0
2431004374,7.0,0.0,7.0,0.0,1.0,1.0,0.0
2431004382,11.0,0.0,11.0,0.0,1.0,1.0,0.0
2431004404,6.0,0.0,6.0,0.0,1.0,1.0,0.0
2431004447,10.0,0.0,8.0,2.0,1.0,0.8,0.0
2431004480,6.0,0.0,6.0,0.0,2.0,1.0,0.0
2431004501,6.0,0.0,5.0,1.0,1.0,0.8333333333333334,0.0
2431004528,6.0,0.0,6.0,0.0,1.0,1.0,0.0
2431004625,4.0,0.0,3.0,1.0,0.0,0.75,0.0
2431004714,8.0,0.0,8.0,0.0,1.0,1.0,0.0
2431004773,8.0,0.0,7.0,1.0,0.0,0.875,0.0
2431004781,8.0,0.0,8.0,0.0,1.0,1.0,0.0
2431004820,13.0,0.0,13.0,0.0,1.0,1.0,0.0
2431004854,11.0,0.0,11.0,0.0,0.0,1.0,0.0
2431004919,11.0,0.0,11.0,0.0,2.0,1.0,0.0
2431004935,5.0,0.0,5.0,0.0,1.0,1.0,0.0
2431004951,11.0,2.0,9.0,0.0,0.0,1.1818181818181819,0.18181818181818182
2431004960,11.0,0.0,11.0,0.0,1.0,1.0,0.0
2431005028,4.0,0.0,3.0,1.0,3.0,0.75,0.0
2431005036,11.0,0.0,11.0,0.0,1.0,1.0,0.0
2431005095,7.0,0.0,7.0,0.0,0.0,1.0,0.0
2431005117,2.0,0.0,0.0,2.0,0.0,0.0,0.0
2431005168,6.0,0.0,6.0,0.0,1.0,1.0,0.0
2431005273,6.0,0.0,6.0,0.0,0.0,1.0,0.0
2431005320,16.0,6.0,10.0,0.0,2.0,1.375,0.375
2431005346,5.0,0.0,5.0,0.0,1.0,1.0,0.0
2431005354,6.0,0.0,5.0,1.0,1.0,0.8333333333333334,0.0
2431005371,8.0,0.0,8.0,0.0,2.0,1.0,0.0
2431005401,8.0,1.0,7.0,0.0,2.0,1.125,0.125
2431005460,8.0,0.0,8.0,0.0,3.0,1.0,0.0
2431005478,7.0,0.0,7.0,0.0,2.0,1.0,0.0
2431005508,9.0,1.0,8.0,0.0,0.0,1.1111111111111112,0.1111111111111111
2431005541,7.0,0.0,7.0,0.0,1.0,1.0,0.0
2431005575,6.0,0.0,6.0,0.0,1.0,1.0,0.0
2431005613,5.0,0.0,5.0,0.0,1.0,1.0,0.0
2431005630,11.0,0.0,11.0,0.0,1.0,1.0,0.0
2431005672,7.0,0.0,7.0,0.0,1.0,1.0,0.0
2431005699,8.0,0.0,8.0,0.0,1.0,1.0,0.0
2431005737,9.0,0.0,9.0,0.0,1.0,1.0,0.0
2431005745,5.0,0.0,2.0,3.0,1.0,0.4,0.0
2431005796,7.0,0.0,4.0,3.0,1.0,0.5714285714285714,0.0
2431005800,4.0,0.0,4.0,0.0,2.0,1.0,0.0
2431005834,2.0,0.0,2.0,0.0,1.0,1.0,0.0
2431005842,8.0,5.0,3.0,0.0,0.0,1.625,0.625
2431005869,9.0,0.0,9.0,0.0,0.0,1.0,0.0
2431005877,7.0,0.0,7.0,0.0,1.0,1.0,0.0
2431005915,8.0,0.0,8.0,0.0,0.0,1.0,0.0
2431006016,6.0,0.0,6.0,0.0,2.0,1.0,0.0
2431006075,12.0,0.0,12.0,0.0,1.0,1.0,0.0
2431006083,9.0,2.0,7.0,0.0,2.0,1.2222222222222223,0.2222222222222222
2431006156,10.0,0.0,10.0,0.0,1.0,1.0,0.0
2431006181,6.0,0.0,6.0,0.0,1.0,1.0,0.0
2431006211,9.0,0.0,9.0,0.0,1.0,1.0,0.0
2431006229,14.0,0.0,14.0,0.0,2.0,1.0,0.0
2431006296,13.0,0.0,13.0,0.0,2.0,1.0,0.0
2431006318,8.0,0.0,8.0,0.0,0.0,1.0,0.0
2431006369,7.0,0.0,7.0,0.0,1.0,1.0,0.0
2431006393,7.0,0.0,6.0,1.0,1.0,0.8571428571428571,0.0
2431006415,15.0,1.0,14.0,0.0,1.0,1.0666666666666667,0.06666666666666667
2431006431,6.0,0.0,6.0,0.0,3.0,1.0,0.0
2431006466,9.0,2.0,7.0,0.0,1.0,1.2222222222222223,0.2222222222222222
2431006491,9.0,0.0,9.0,0.0,1.0,1.0,0.0
2431006504,6.0,0.0,6.0,0.0,1.0,1.0,0.0
2431006547,8.0,0.0,8.0,0.0,1.0,1.0,0.0
2431006601,6.0,1.0,5.0,0.0,2.0,1.1666666666666667,0.16666666666666666
2431006610,10.0,0.0,10.0,0.0,1.0,1.0,0.0
2431006636,5.0,0.0,4.0,1.0,1.0,0.8,0.0
2431006687,10.0,0.0,10.0,0.0,1.0,1.0,0.0
2431006717,10.0,0.0,7.0,3.0,3.0,0.7,0.0
2431006792,9.0,0.0,8.0,1.0,1.0,0.8888888888888888,0.0
2431006806,7.0,4.0,3.0,0.0,1.0,1.5714285714285714,0.5714285714285714
2431006911,12.0,6.0,6.0,0.0,2.0,1.5,0.5
2431006920,10.0,0.0,10.0,0.0,0.0,1.0,0.0
2431006946,8.0,0.0,7.0,1.0,1.0,0.875,0.0
2431007012,12.0,0.0,11.0,1.0,2.0,0.9166666666666666,0.0
2431007047,11.0,0.0,9.0,2.0,0.0,0.8181818181818182,0.0
2431007063,10.0,0.0,10.0,0.0,1.0,1.0,0.0
2431007071,8.0,0.0,7.0,1.0,3.0,0.875,0.0
2431007179,12.0,1.0,10.0,1.0,2.0,1.0,0.08333333333333333
2431007322,8.0,1.0,7.0,0.0,0.0,1.125,0.125
2431007373,6.0,0.0,5.0,1.0,3.0,0.8333333333333334,0.0
2431007381,6.0,0.0,6.0,0.0,1.0,1.0,0.0
2431007446,8.0,1.0,7.0,0.0,1.0,1.125,0.125
2431007519,10.0,0.0,10.0,0.0,1.0,1.0,0.0
2431007594,11.0,1.0,10.0,0.0,2.0,1.0909090909090908,0.09090909090909091
2431007705,5.0,0.0,5.0,0.0,1.0,1.0,0.0
2431007730,14.0,0.0,13.0,1.0,0.0,0.9285714285714286,0.0
2431007764,10.0,0.0,6.0,4.0,1.0,0.6,0.0
2431007772,7.0,0.0,7.0,0.0,1.0,1.0,0.0
2431007799,7.0,0.0,7.0,0.0,1.0,1.0,0.0
2431007802,13.0,0.0,13.0,0.0,1.0,1.0,0.0
2431007837,8.0,0.0,6.0,2.0,0.0,0.75,0.0
3.83538E+12,9.0,1.0,8.0,0.0,1.0,1.1111111111111112,0.1111111111111111
3.86018E+12,7.0,0.0,7.0,0.0,0.0,1.0,0.0
4.2349E+12,9.0,2.0,7.0,0.0,1.0,1.2222222222222223,0.2222222222222222
4.27006E+12,10.0,2.0,8.0,0.0,2.0,1.2,0.2
4.27326E+12,7.0,0.0,7.0,0.0,1.0,1.0,0.0
4.28022E+12,9.0,1.0,8.0,0.0,0.0,1.1111111111111112,0.1111111111111111
4.28762E+12,8.0,1.0,7.0,0.0,1.0,1.125,0.125
4.30378E+12,11.0,3.0,8.0,0.0,1.0,1.2727272727272727,0.2727272727272727
4.30516E+12,6.0,0.0,6.0,0.0,1.0,1.0,0.0
4.31036E+12,12.0,5.0,7.0,0.0,0.0,1.4166666666666667,0.4166666666666667
4.32701E+12,8.0,1.0,7.0,0.0,1.0,1.125,0.125
4.34341E+12,9.0,6.0,3.0,0.0,1.0,1.6666666666666667,0.6666666666666666
4.41026E+12,12.0,0.0,10.0,2.0,1.0,0.8333333333333334,0.0
4.4222E+12,10.0,0.0,10.0,0.0,1.0,1.0,0.0
4.45502E+12,9.0,0.0,9.0,0.0,1.0,1.0,0.0
4.51948E+12,8.0,2.0,6.0,0.0,0.0,1.25,0.25
4.52938E+12,5.0,0.0,5.0,0.0,1.0,1.0,0.0
4.55022E+12,6.0,0.0,6.0,0.0,1.0,1.0,0.0
4.57012E+12,6.0,2.0,4.0,0.0,0.0,1.3333333333333333,0.3333333333333333
4.57401E+12,8.0,1.0,7.0,0.0,1.0,1.125,0.125
4.60236E+12,9.0,2.0,7.0,0.0,1.0,1.2222222222222223,0.2222222222222222
4.63525E+12,12.0,1.0,11.0,0.0,1.0,1.0833333333333333,0.08333333333333333
4.64031E+12,6.0,0.0,6.0,0.0,1.0,1.0,0.0
4.64072E+12,8.0,0.0,8.0,0.0,1.0,1.0,0.0
4.64123E+12,7.0,0.0,7.0,0.0,0.0,1.0,0.0
4.64475E+12,12.0,2.0,10.0,0.0,0.0,1.1666666666666667,0.16666666666666666
4.65401E+12,12.0,2.0,10.0,0.0,1.0,1.1666666666666667,0.16666666666666666
4.65822E+12,9.0,2.0,6.0,1.0,0.0,1.1111111111111112,0.2222222222222222
4.66253E+12,13.0,0.0,13.0,0.0,2.0,1.0,0.0
4.67537E+12,10.0,0.0,10.0,0.0,1.0,1.0,0.0
4.67804E+12,11.0,4.0,7.0,0.0,1.0,1.3636363636363635,0.36363636363636365
4.67918E+12,11.0,2.0,8.0,1.0,2.0,1.0909090909090908,0.18181818181818182
4.68009E+12,9.0,1.0,8.0,0.0,0.0,1.1111111111111112,0.1111111111111111
4.68504E+12,6.0,3.0,3.0,0.0,3.0,1.5,0.5
4.68829E+12,11.0,2.0,9.0,0.0,1.0,1.1818181818181819,0.18181818181818182
4.68851E+12,9.0,1.0,8.0,0.0,1.0,1.1111111111111112,0.1111111111111111
4.69393E+12,11.0,1.0,10.0,0.0,1.0,1.0909090909090908,0.09090909090909091
4.69521E+12,12.0,11.0,1.0,0.0,3.0,1.9166666666666667,0.9166666666666666
4.69806E+12,10.0,1.0,9.0,0.0,1.0,1.1,0.1
4.70133E+12,8.0,0.0,8.0,0.0,2.0,1.0,0.0
4.70314E+12,9.0,0.0,9.0,0.0,1.0,1.0,0.0
4.71836E+12,11.0,11.0,0.0,0.0,1.0,2.0,1.0
4.71869E+12,6.0,0.0,6.0,0.0,0.0,1.0,0.0
4.72492E+12,9.0,4.0,5.0,0.0,0.0,1.4444444444444444,0.4444444444444444
4.74703E+12,7.0,1.0,6.0,0.0,1.0,1.1428571428571428,0.14285714285714285
4.74937E+12,14.0,0.0,14.0,0.0,1.0,1.0,0.0
4.77232E+12,9.0,1.0,8.0,0.0,2.0,1.1111111111111112,0.1111111111111111
4.77234E+12,7.0,0.0,6.0,1.0,0.0,0.8571428571428571,0.0
4.80247E+12,11.0,0.0,11.0,0.0,0.0,1.0,0.0
4.81214E+12,11.0,1.0,10.0,0.0,1.0,1.0909090909090908,0.09090909090909091
4.81597E+12,5.0,1.0,4.0,0.0,0.0,1.2,0.2
4.82347E+12,6.0,0.0,6.0,0.0,0.0,1.0,0.0
4.83455E+12,4.0,0.0,3.0,1.0,0.0,0.75,0.0
4.83537E+12,9.0,0.0,9.0,0.0,1.0,1.0,0.0
4.83578E+12,11.0,0.0,11.0,0.0,2.0,1.0,0.0
4.84092E+12,9.0,1.0,8.0,0.0,1.0,1.1111111111111112,0.1111111111111111
4.84513E+12,7.0,3.0,4.0,0.0,1.0,1.4285714285714286,0.42857142857142855
4.85264E+12,9.0,1.0,8.0,0.0,3.0,1.1111111111111112,0.1111111111111111
4.85554E+12,11.0,1.0,10.0,0.0,1.0,1.0909090909090908,0.09090909090909091
4.85864E+12,9.0,2.0,7.0,0.0,1.0,1.2222222222222223,0.2222222222222222
4.85871E+12,11.0,0.0,11.0,0.0,0.0,1.0,0.0
4.86022E+12,10.0,3.0,7.0,0.0,3.0,1.3,0.3
4.87475E+12,5.0,1.0,4.0,0.0,1.0,1.2,0.2
4.88419E+12,17.0,9.0,8.0,0.0,1.0,1.5294117647058822,0.5294117647058824
4.8912E+12,12.0,0.0,12.0,0.0,1.0,1.0,0.0
4.90472E+12,10.0,3.0,6.0,1.0,3.0,1.2,0.3
4.90828E+12,7.0,0.0,7.0,0.0,2.0,1.0,0.0
4.90845E+12,10.0,2.0,8.0,0.0,1.0,1.2,0.2
4.91241E+12,14.0,1.0,13.0,0.0,4.0,1.0714285714285714,0.07142857142857142
4.91342E+12,10.0,0.0,10.0,0.0,1.0,1.0,0.0
4.91818E+12,11.0,2.0,8.0,1.0,1.0,1.0909090909090908,0.18181818181818182
4.9221E+12,10.0,2.0,7.0,1.0,0.0,1.1,0.2
4.92656E+12,9.0,2.0,6.0,1.0,0.0,1.1111111111111112,0.2222222222222222
4.9315E+12,9.0,4.0,5.0,0.0,2.0,1.4444444444444444,0.4444444444444444
4.93292E+12,11.0,1.0,9.0,1.0,1.0,1.0,0.09090909090909091
4.93323E+12,9.0,0.0,9.0,0.0,1.0,1.0,0.0
4.93764E+12,7.0,1.0,6.0,0.0,2.0,1.1428571428571428,0.14285714285714285
4.94155E+12,7.0,0.0,7.0,0.0,1.0,1.0,0.0
4.94871E+12,11.0,0.0,11.0,0.0,4.0,1.0,0.0
4.95485E+12,8.0,0.0,8.0,0.0,0.0,1.0,0.0
4.96473E+12,3.0,0.0,3.0,0.0,0.0,1.0,0.0
4.9703E+12,9.0,3.0,6.0,0.0,1.0,1.3333333333333333,0.3333333333333333
4.98073E+12,14.0,3.0,11.0,0.0,3.0,1.2142857142857142,0.21428571428571427
4.98323E+12,12.0,4.0,8.0,0.0,0.0,1.3333333333333333,0.3333333333333333
4.98698E+12,9.0,1.0,8.0,0.0,1.0,1.1111111111111112,0.1111111111111111
4.98934E+12,10.0,0.0,10.0,0.0,1.0,1.0,0.0
4.99102E+11,6.0,0.0,6.0,0.0,2.0,1.0,0.0
4.99102E+12,7.0,0.0,7.0,0.0,1.0,1.0,0.0
4.99605E+12,9.0,1.0,8.0,0.0,1.0,1.1111111111111112,0.1111111111111111
492182115212610thLitB,13.0,0.0,13.0,0.0,2.0,1.0,0.0
497776115212610thLitB,18.0,8.0,10.0,0.0,0.0,1.4444444444444444,0.4444444444444444
5.00255E+12,7.0,3.0,4.0,0.0,0.0,1.4285714285714286,0.42857142857142855
5.00417E+12,8.0,3.0,5.0,0.0,0.0,1.375,0.375
5.00435E+12,7.0,1.0,6.0,0.0,0.0,1.1428571428571428,0.14285714285714285
5.02051E+12,11.0,5.0,6.0,0.0,1.0,1.4545454545454546,0.45454545454545453
5.02255E+12,8.0,1.0,7.0,0.0,4.0,1.125,0.125
5.02914E+12,14.0,1.0,11.0,2.0,2.0,0.9285714285714286,0.07142857142857142
5.04604E+12,9.0,1.0,8.0,0.0,0.0,1.1111111111111112,0.1111111111111111
5.05228E+12,13.0,6.0,7.0,0.0,0.0,1.4615384615384615,0.46153846153846156
5.05654E+12,5.0,0.0,5.0,0.0,1.0,1.0,0.0
5.05883E+12,7.0,1.0,6.0,0.0,1.0,1.1428571428571428,0.14285714285714285
5.06006E+12,12.0,0.0,12.0,0.0,0.0,1.0,0.0
5.06134E+12,7.0,0.0,7.0,0.0,1.0,1.0,0.0
5.06399E+12,10.0,1.0,9.0,0.0,4.0,1.1,0.1
5.06423E+12,6.0,0.0,6.0,0.0,1.0,1.0,0.0
5.06439E+12,10.0,5.0,5.0,0.0,1.0,1.5,0.5
5.06481E+12,9.0,0.0,9.0,0.0,1.0,1.0,0.0
5.06484E+12,12.0,0.0,12.0,0.0,1.0,1.0,0.0
5.06512E+12,9.0,1.0,8.0,0.0,1.0,1.1111111111111112,0.1111111111111111
5.06522E+12,9.0,6.0,3.0,0.0,4.0,1.6666666666666667,0.6666666666666666
5.06775E+12,7.0,0.0,7.0,0.0,1.0,1.0,0.0
5.07177E+12,12.0,2.0,10.0,0.0,1.0,1.1666666666666667,0.16666666666666666
5.07282E+12,9.0,1.0,8.0,0.0,1.0,1.1111111111111112,0.1111111111111111
5.07357E+12,19.0,5.0,14.0,0.0,4.0,1.263157894736842,0.2631578947368421
5.07456E+12,9.0,3.0,6.0,0.0,4.0,1.3333333333333333,0.3333333333333333
5.07504E+12,8.0,1.0,7.0,0.0,0.0,1.125,0.125
5.07515E+12,9.0,6.0,3.0,0.0,0.0,1.6666666666666667,0.6666666666666666
5.0757E+12,8.0,0.0,8.0,0.0,3.0,1.0,0.0
5.07804E+12,10.0,1.0,9.0,0.0,1.0,1.1,0.1
5.07817E+12,7.0,0.0,7.0,0.0,1.0,1.0,0.0
5.07917E+12,11.0,7.0,4.0,0.0,2.0,1.6363636363636365,0.6363636363636364
5.07943E+12,11.0,5.0,6.0,0.0,0.0,1.4545454545454546,0.45454545454545453
5.08238E+12,6.0,0.0,6.0,0.0,1.0,1.0,0.0
5.08274E+12,12.0,1.0,11.0,0.0,1.0,1.0833333333333333,0.08333333333333333
5.08342E+12,7.0,0.0,7.0,0.0,0.0,1.0,0.0
5.0842E+12,7.0,0.0,7.0,0.0,1.0,1.0,0.0
5.08904E+12,7.0,1.0,6.0,0.0,0.0,1.1428571428571428,0.14285714285714285
5.08982E+12,9.0,3.0,6.0,0.0,1.0,1.3333333333333333,0.3333333333333333
5.09116E+12,16.0,1.0,15.0,0.0,2.0,1.0625,0.0625
5.09268E+12,10.0,0.0,8.0,2.0,3.0,0.8,0.0
5.09272E+12,11.0,5.0,6.0,0.0,3.0,1.4545454545454546,0.45454545454545453
5.09602E+12,14.0,10.0,4.0,0.0,0.0,1.7142857142857142,0.7142857142857143
5.09614E+12,11.0,1.0,10.0,0.0,0.0,1.0909090909090908,0.09090909090909091
5.09745E+12,7.0,1.0,6.0,0.0,1.0,1.1428571428571428,0.14285714285714285
5.10297E+12,7.0,0.0,7.0,0.0,0.0,1.0,0.0
5.10611E+12,10.0,4.0,6.0,0.0,1.0,1.4,0.4
5.10758E+12,8.0,0.0,8.0,0.0,3.0,1.0,0.0
5.11314E+12,11.0,6.0,5.0,0.0,1.0,1.5454545454545454,0.5454545454545454
5.11379E+12,10.0,1.0,9.0,0.0,1.0,1.1,0.1
5.11443E+12,10.0,0.0,10.0,0.0,1.0,1.0,0.0
5.11945E+12,8.0,0.0,8.0,0.0,1.0,1.0,0.0
5.12022E+12,9.0,0.0,9.0,0.0,0.0,1.0,0.0
5.12319E+12,5.0,2.0,3.0,0.0,1.0,1.4,0.4
5.12519E+12,8.0,2.0,6.0,0.0,2.0,1.25,0.25
5.12595E+12,10.0,2.0,8.0,0.0,0.0,1.2,0.2
5.12917E+12,8.0,1.0,7.0,0.0,0.0,1.125,0.125
5.12997E+12,12.0,1.0,11.0,0.0,2.0,1.0833333333333333,0.08333333333333333
5.13227E+12,6.0,2.0,4.0,0.0,1.0,1.3333333333333333,0.3333333333333333
5.14405E+12,8.0,0.0,8.0,0.0,0.0,1.0,0.0
5.14507E+12,10.0,0.0,10.0,0.0,1.0,1.0,0.0
5.14559E+12,12.0,1.0,11.0,0.0,1.0,1.0833333333333333,0.08333333333333333
5.15292E+12,4.0,1.0,3.0,0.0,1.0,1.25,0.25
5.15485E+12,6.0,0.0,6.0,0.0,0.0,1.0,0.0
5.15539E+12,13.0,0.0,13.0,0.0,2.0,1.0,0.0
5.16006E+12,14.0,1.0,13.0,0.0,0.0,1.0714285714285714,0.07142857142857142
5.1601E+12,8.0,1.0,7.0,0.0,1.0,1.125,0.125
5.16164E+12,12.0,7.0,5.0,0.0,1.0,1.5833333333333333,0.5833333333333334
5.16411E+12,11.0,3.0,8.0,0.0,2.0,1.2727272727272727,0.2727272727272727
5.17271E+12,9.0,2.0,7.0,0.0,2.0,1.2222222222222223,0.2222222222222222
5.17563E+12,13.0,4.0,9.0,0.0,2.0,1.3076923076923077,0.3076923076923077
5.18632E+12,7.0,0.0,7.0,0.0,1.0,1.0,0.0
5.18952E+12,7.0,0.0,7.0,0.0,0.0,1.0,0.0
5.1925E+12,11.0,3.0,8.0,0.0,2.0,1.2727272727272727,0.2727272727272727
5.19271E+12,10.0,0.0,10.0,0.0,1.0,1.0,0.0
5.21866E+12,11.0,3.0,8.0,0.0,1.0,1.2727272727272727,0.2727272727272727
5.22529E+12,15.0,6.0,9.0,0.0,0.0,1.4,0.4
5.22543E+12,8.0,0.0,8.0,0.0,1.0,1.0,0.0
5.22797E+12,10.0,0.0,10.0,0.0,1.0,1.0,0.0
5.23303E+12,6.0,0.0,6.0,0.0,2.0,1.0,0.0
5.23358E+12,7.0,0.0,7.0,0.0,0.0,1.0,0.0
5.23413E+12,12.0,0.0,12.0,0.0,0.0,1.0,0.0
5.23585E+12,8.0,0.0,8.0,0.0,0.0,1.0,0.0
5.239E+12,7.0,1.0,6.0,0.0,1.0,1.1428571428571428,0.14285714285714285
5.24249E+12,7.0,0.0,7.0,0.0,1.0,1.0,0.0
5.24416E+12,12.0,4.0,8.0,0.0,1.0,1.3333333333333333,0.3333333333333333
5.24436E+12,8.0,0.0,8.0,0.0,1.0,1.0,0.0
5.24813E+12,12.0,5.0,7.0,0.0,1.0,1.4166666666666667,0.4166666666666667
5.25264E+12,9.0,0.0,9.0,0.0,0.0,1.0,0.0
5.25282E+12,10.0,0.0,10.0,0.0,0.0,1.0,0.0
5.25405E+12,7.0,0.0,7.0,0.0,2.0,1.0,0.0
5.25464E+12,10.0,0.0,10.0,0.0,0.0,1.0,0.0
5.25742E+12,6.0,1.0,5.0,0.0,2.0,1.1666666666666667,0.16666666666666666
5.25867E+12,7.0,0.0,7.0,0.0,1.0,1.0,0.0
5.25893E+12,8.0,1.0,7.0,0.0,1.0,1.125,0.125
5.25902E+12,5.0,0.0,5.0,0.0,1.0,1.0,0.0
5.26016E+12,6.0,0.0,6.0,0.0,1.0,1.0,0.0
5.26044E+12,9.0,0.0,9.0,0.0,1.0,1.0,0.0
5.26171E+12,12.0,0.0,12.0,0.0,0.0,1.0,0.0
5.26214E+12,5.0,1.0,4.0,0.0,0.0,1.2,0.2
5.26244E+12,6.0,0.0,6.0,0.0,0.0,1.0,0.0
5.26252E+12,8.0,0.0,8.0,0.0,1.0,1.0,0.0
5.2654E+12,7.0,0.0,7.0,0.0,3.0,1.0,0.0
5.2655E+12,10.0,0.0,10.0,0.0,1.0,1.0,0.0
5.27158E+12,10.0,0.0,10.0,0.0,1.0,1.0,0.0
5.27179E+12,13.0,3.0,10.0,0.0,2.0,1.2307692307692308,0.23076923076923078
5.2727E+12,14.0,0.0,14.0,0.0,1.0,1.0,0.0
5.27296E+12,10.0,0.0,10.0,0.0,1.0,1.0,0.0
5.27724E+12,8.0,0.0,8.0,0.0,0.0,1.0,0.0
5.27972E+12,6.0,0.0,6.0,0.0,1.0,1.0,0.0
5.28961E+12,16.0,11.0,5.0,0.0,1.0,1.6875,0.6875
5.29887E+12,7.0,0.0,7.0,0.0,3.0,1.0,0.0
5.30183E+12,7.0,1.0,6.0,0.0,1.0,1.1428571428571428,0.14285714285714285
5.30193E+12,7.0,0.0,7.0,0.0,0.0,1.0,0.0
5.30426E+12,8.0,1.0,7.0,0.0,0.0,1.125,0.125
5.30593E+12,9.0,2.0,7.0,0.0,0.0,1.2222222222222223,0.2222222222222222
5.30648E+12,10.0,1.0,9.0,0.0,2.0,1.1,0.1
5.30818E+12,4.0,1.0,3.0,0.0,1.0,1.25,0.25
5.30901E+12,7.0,2.0,5.0,0.0,1.0,1.2857142857142858,0.2857142857142857
5.30911E+12,12.0,1.0,11.0,0.0,2.0,1.0833333333333333,0.08333333333333333
5.30939E+12,12.0,2.0,10.0,0.0,2.0,1.1666666666666667,0.16666666666666666
5.31268E+12,10.0,1.0,9.0,0.0,1.0,1.1,0.1
5.31318E+12,11.0,0.0,9.0,2.0,0.0,0.8181818181818182,0.0
5.31322E+12,7.0,1.0,6.0,0.0,2.0,1.1428571428571428,0.14285714285714285
5.31669E+12,10.0,0.0,10.0,0.0,0.0,1.0,0.0
5.31974E+12,8.0,0.0,7.0,1.0,1.0,0.875,0.0
5.32016E+12,12.0,0.0,12.0,0.0,2.0,1.0,0.0
5.32019E+12,6.0,0.0,6.0,0.0,1.0,1.0,0.0
5.32034E+12,12.0,0.0,12.0,0.0,1.0,1.0,0.0
5.32044E+12,10.0,1.0,9.0,0.0,1.0,1.1,0.1
5.32046E+12,11.0,1.0,10.0,0.0,0.0,1.0909090909090908,0.09090909090909091
5.32078E+12,7.0,1.0,6.0,0.0,1.0,1.1428571428571428,0.14285714285714285
5.32125E+12,7.0,0.0,7.0,0.0,1.0,1.0,0.0
5.32239E+12,7.0,0.0,7.0,0.0,1.0,1.0,0.0
5.32397E+12,11.0,5.0,6.0,0.0,0.0,1.4545454545454546,0.45454545454545453
5.32398E+12,8.0,1.0,7.0,0.0,0.0,1.125,0.125
5.32415E+12,9.0,0.0,9.0,0.0,2.0,1.0,0.0
5.32541E+12,12.0,7.0,5.0,0.0,1.0,1.5833333333333333,0.5833333333333334
5.32562E+12,10.0,0.0,10.0,0.0,0.0,1.0,0.0
5.32795E+12,7.0,0.0,6.0,1.0,1.0,0.8571428571428571,0.0
5.32799E+12,8.0,0.0,8.0,0.0,3.0,1.0,0.0
5.33023E+12,8.0,3.0,5.0,0.0,1.0,1.375,0.375
5.33037E+12,6.0,1.0,5.0,0.0,1.0,1.1666666666666667,0.16666666666666666
5.3303E+12,11.0,0.0,11.0,0.0,2.0,1.0,0.0
5.33041E+12,5.0,1.0,4.0,0.0,2.0,1.2,0.2
5.33054E+12,8.0,0.0,6.0,2.0,3.0,0.75,0.0
5.33066E+12,11.0,5.0,6.0,0.0,1.0,1.4545454545454546,0.45454545454545453
5.33069E+12,9.0,0.0,9.0,0.0,1.0,1.0,0.0
5.33124E+12,10.0,4.0,6.0,0.0,1.0,1.4,0.4
5.33202E+12,8.0,1.0,7.0,0.0,0.0,1.125,0.125
5.33403E+12,9.0,0.0,9.0,0.0,1.0,1.0,0.0
5.33735E+12,12.0,0.0,12.0,0.0,0.0,1.0,0.0
5.33738E+12,4.0,1.0,3.0,0.0,0.0,1.25,0.25
5.33783E+12,9.0,0.0,9.0,0.0,1.0,1.0,0.0
5.33792E+12,9.0,0.0,9.0,0.0,1.0,1.0,0.0
5.3389E+12,6.0,0.0,6.0,0.0,1.0,1.0,0.0
5.33932E+12,12.0,0.0,12.0,0.0,0.0,1.0,0.0
5.33934E+12,9.0,0.0,9.0,0.0,1.0,1.0,0.0
5.33942E+12,9.0,1.0,8.0,0.0,0.0,1.1111111111111112,0.1111111111111111
5.3396E+12,11.0,2.0,9.0,0.0,0.0,1.1818181818181819,0.18181818181818182
5.33976E+12,9.0,1.0,8.0,0.0,1.0,1.1111111111111112,0.1111111111111111
5.34057E+12,5.0,3.0,2.0,0.0,1.0,1.6,0.6
5.34088E+12,7.0,2.0,5.0,0.0,1.0,1.2857142857142858,0.2857142857142857
5.34113E+12,7.0,0.0,7.0,0.0,0.0,1.0,0.0
5.34115E+12,6.0,3.0,3.0,0.0,1.0,1.5,0.5
5.34123E+12,12.0,0.0,12.0,0.0,3.0,1.0,0.0
5.34346E+12,12.0,6.0,6.0,0.0,0.0,1.5,0.5
5.34352E+12,9.0,3.0,6.0,0.0,1.0,1.3333333333333333,0.3333333333333333
5.34402E+12,10.0,6.0,4.0,0.0,3.0,1.6,0.6
5.34515E+12,7.0,0.0,7.0,0.0,1.0,1.0,0.0
5.34623E+12,10.0,5.0,5.0,0.0,0.0,1.5,0.5
5.34632E+12,8.0,0.0,8.0,0.0,0.0,1.0,0.0
5.34676E+12,6.0,0.0,6.0,0.0,0.0,1.0,0.0
5.34827E+12,7.0,0.0,7.0,0.0,3.0,1.0,0.0
5.34894E+12,14.0,1.0,12.0,1.0,6.0,1.0,0.07142857142857142
5.34956E+12,9.0,1.0,8.0,0.0,0.0,1.1111111111111112,0.1111111111111111
5.35027E+12,5.0,0.0,5.0,0.0,1.0,1.0,0.0
5.35378E+12,10.0,0.0,5.0,5.0,5.0,0.5,0.0
5.35424E+12,7.0,0.0,7.0,0.0,1.0,1.0,0.0
5.35593E+12,11.0,7.0,4.0,0.0,1.0,1.6363636363636365,0.6363636363636364
5.35667E+12,6.0,0.0,6.0,0.0,1.0,1.0,0.0
5.35847E+12,7.0,0.0,7.0,0.0,0.0,1.0,0.0
5.36026E+12,15.0,0.0,15.0,0.0,1.0,1.0,0.0
5.3667E+12,7.0,1.0,6.0,0.0,1.0,1.1428571428571428,0.14285714285714285
5.36681E+12,11.0,3.0,8.0,0.0,1.0,1.2727272727272727,0.2727272727272727
5.36788E+12,13.0,1.0,12.0,0.0,0.0,1.0769230769230769,0.07692307692307693
5.36843E+12,5.0,0.0,5.0,0.0,1.0,1.0,0.0
5.37192E+12,11.0,3.0,8.0,0.0,3.0,1.2727272727272727,0.2727272727272727
5.37258E+12,14.0,0.0,14.0,0.0,0.0,1.0,0.0
5.37417E+12,7.0,0.0,7.0,0.0,0.0,1.0,0.0
5.37442E+12,5.0,0.0,4.0,1.0,0.0,0.8,0.0
5.37539E+12,11.0,0.0,11.0,0.0,1.0,1.0,0.0
5.37622E+12,9.0,6.0,3.0,0.0,2.0,1.6666666666666667,0.6666666666666666
5.37697E+12,12.0,1.0,11.0,0.0,2.0,1.0833333333333333,0.08333333333333333
5.37724E+12,13.0,3.0,10.0,0.0,2.0,1.2307692307692308,0.23076923076923078
5.38129E+12,8.0,0.0,8.0,0.0,2.0,1.0,0.0
5.3814E+12,7.0,3.0,4.0,0.0,1.0,1.4285714285714286,0.42857142857142855
5.38186E+12,12.0,0.0,12.0,0.0,12.0,1.0,0.0
5.38327E+12,9.0,1.0,8.0,0.0,0.0,1.1111111111111112,0.1111111111111111
5.38448E+12,12.0,2.0,10.0,0.0,2.0,1.1666666666666667,0.16666666666666666
5.38583E+12,8.0,0.0,8.0,0.0,0.0,1.0,0.0
5.38595E+12,9.0,0.0,9.0,0.0,0.0,1.0,0.0
5.38716E+12,6.0,0.0,6.0,0.0,0.0,1.0,0.0
5.38732E+12,12.0,2.0,10.0,0.0,0.0,1.1666666666666667,0.16666666666666666
5.3883E+12,9.0,0.0,8.0,1.0,3.0,0.8888888888888888,0.0
5.39157E+12,8.0,0.0,8.0,0.0,1.0,1.0,0.0
5.39266E+12,10.0,4.0,6.0,0.0,1.0,1.4,0.4
5.39386E+12,7.0,0.0,7.0,0.0,0.0,1.0,0.0
5.39515E+12,9.0,1.0,8.0,0.0,1.0,1.1111111111111112,0.1111111111111111
5.39596E+12,7.0,0.0,7.0,0.0,2.0,1.0,0.0
5.39688E+12,11.0,0.0,8.0,3.0,2.0,0.7272727272727273,0.0
5.39914E+12,11.0,0.0,11.0,0.0,0.0,1.0,0.0
5.39957E+12,9.0,5.0,4.0,0.0,1.0,1.5555555555555556,0.5555555555555556
5.39967E+12,10.0,3.0,7.0,0.0,2.0,1.3,0.3
5.40322E+12,13.0,0.0,13.0,0.0,0.0,1.0,0.0
5.40336E+12,8.0,1.0,7.0,0.0,1.0,1.125,0.125
5.4033E+12,5.0,0.0,5.0,0.0,2.0,1.0,0.0
5.40343E+12,9.0,0.0,9.0,0.0,3.0,1.0,0.0
5.40408E+12,10.0,1.0,9.0,0.0,0.0,1.1,0.1
5.40489E+12,9.0,2.0,7.0,0.0,1.0,1.2222222222222223,0.2222222222222222
5.40577E+12,16.0,0.0,16.0,0.0,3.0,1.0,0.0
5.40623E+12,9.0,0.0,9.0,0.0,0.0,1.0,0.0
5.4064E+12,8.0,1.0,7.0,0.0,0.0,1.125,0.125
5.40879E+12,7.0,1.0,6.0,0.0,1.0,1.1428571428571428,0.14285714285714285
5.40889E+12,10.0,0.0,9.0,1.0,1.0,0.9,0.0
5.40953E+12,13.0,1.0,12.0,0.0,1.0,1.0769230769230769,0.07692307692307693
5.41213E+12,14.0,1.0,13.0,0.0,1.0,1.0714285714285714,0.07142857142857142
5.4129E+12,15.0,1.0,14.0,0.0,3.0,1.0666666666666667,0.06666666666666667
5.41386E+12,9.0,1.0,8.0,0.0,1.0,1.1111111111111112,0.1111111111111111
5.41411E+12,12.0,0.0,12.0,0.0,1.0,1.0,0.0
5.4141E+12,18.0,0.0,17.0,1.0,1.0,0.9444444444444444,0.0
5.4162E+12,14.0,3.0,11.0,0.0,0.0,1.2142857142857142,0.21428571428571427
5.41693E+12,15.0,2.0,13.0,0.0,2.0,1.1333333333333333,0.13333333333333333
5.41727E+12,9.0,0.0,8.0,1.0,2.0,0.8888888888888888,0.0
5.41744E+12,10.0,0.0,10.0,0.0,1.0,1.0,0.0
5.41841E+12,9.0,0.0,9.0,0.0,1.0,1.0,0.0
5.41842E+12,8.0,1.0,7.0,0.0,1.0,1.125,0.125
5.41867E+12,11.0,0.0,11.0,0.0,2.0,1.0,0.0
5.41889E+12,10.0,0.0,10.0,0.0,0.0,1.0,0.0
5.41998E+12,8.0,0.0,8.0,0.0,1.0,1.0,0.0
5.42102E+12,6.0,0.0,5.0,1.0,0.0,0.8333333333333334,0.0
5.42358E+12,8.0,1.0,7.0,0.0,0.0,1.125,0.125
5.42625E+12,12.0,0.0,12.0,0.0,3.0,1.0,0.0
5.42678E+12,8.0,1.0,7.0,0.0,1.0,1.125,0.125
5.42693E+12,7.0,0.0,6.0,1.0,1.0,0.8571428571428571,0.0
5.42745E+12,11.0,0.0,10.0,1.0,1.0,0.9090909090909091,0.0
5.42834E+12,13.0,6.0,7.0,0.0,1.0,1.4615384615384615,0.46153846153846156
5.42858E+12,11.0,2.0,9.0,0.0,1.0,1.1818181818181819,0.18181818181818182
5.42891E+12,8.0,0.0,8.0,0.0,3.0,1.0,0.0
5.42915E+12,13.0,2.0,11.0,0.0,1.0,1.1538461538461537,0.15384615384615385
5.42923E+12,7.0,0.0,7.0,0.0,2.0,1.0,0.0
5.43137E+12,5.0,0.0,5.0,0.0,2.0,1.0,0.0
5.43179E+12,12.0,0.0,12.0,0.0,1.0,1.0,0.0
5.43207E+12,7.0,0.0,7.0,0.0,1.0,1.0,0.0
5.43237E+12,9.0,0.0,9.0,0.0,1.0,1.0,0.0
5.43463E+12,9.0,0.0,9.0,0.0,1.0,1.0,0.0
5.43806E+12,11.0,1.0,10.0,0.0,3.0,1.0909090909090908,0.09090909090909091
5.43807E+12,7.0,0.0,7.0,0.0,1.0,1.0,0.0
5.44841E+12,15.0,5.0,10.0,0.0,1.0,1.3333333333333333,0.3333333333333333
5.45113E+12,7.0,2.0,5.0,0.0,2.0,1.2857142857142858,0.2857142857142857
5.45149E+12,9.0,0.0,9.0,0.0,3.0,1.0,0.0
5.45526E+12,6.0,0.0,6.0,0.0,0.0,1.0,0.0
5.45908E+12,9.0,0.0,8.0,1.0,1.0,0.8888888888888888,0.0
5.46398E+12,10.0,0.0,10.0,0.0,0.0,1.0,0.0
5.46553E+12,8.0,1.0,7.0,0.0,1.0,1.125,0.125
5.46867E+12,9.0,1.0,8.0,0.0,1.0,1.1111111111111112,0.1111111111111111
5.46919E+12,6.0,0.0,6.0,0.0,2.0,1.0,0.0
5.47197E+12,8.0,6.0,2.0,0.0,2.0,1.75,0.75
5.47198E+12,16.0,0.0,16.0,0.0,2.0,1.0,0.0
5.47201E+12,14.0,3.0,11.0,0.0,0.0,1.2142857142857142,0.21428571428571427
5.47218E+12,9.0,0.0,4.0,5.0,3.0,0.4444444444444444,0.0
5.47484E+12,7.0,4.0,3.0,0.0,2.0,1.5714285714285714,0.5714285714285714
5.47555E+12,8.0,3.0,5.0,0.0,1.0,1.375,0.375
5.47556E+12,12.0,0.0,12.0,0.0,2.0,1.0,0.0
5.4756E+12,9.0,0.0,9.0,0.0,1.0,1.0,0.0
5.47613E+12,9.0,1.0,8.0,0.0,0.0,1.1111111111111112,0.1111111111111111
5.47675E+12,9.0,1.0,8.0,0.0,1.0,1.1111111111111112,0.1111111111111111
5.47707E+12,9.0,0.0,9.0,0.0,2.0,1.0,0.0
5.47949E+12,7.0,3.0,4.0,0.0,0.0,1.4285714285714286,0.42857142857142855
5.47994E+12,10.0,2.0,8.0,0.0,1.0,1.2,0.2
5.48158E+12,6.0,0.0,6.0,0.0,0.0,1.0,0.0
5.48168E+12,9.0,0.0,9.0,0.0,2.0,1.0,0.0
5.4825E+12,9.0,0.0,9.0,0.0,0.0,1.0,0.0
5.48389E+12,11.0,0.0,11.0,0.0,2.0,1.0,0.0
5.48778E+12,9.0,0.0,9.0,0.0,1.0,1.0,0.0
5.48852E+12,9.0,0.0,8.0,1.0,0.0,0.8888888888888888,0.0
5.49057E+12,9.0,2.0,7.0,0.0,1.0,1.2222222222222223,0.2222222222222222
5.49242E+12,7.0,2.0,5.0,0.0,1.0,1.2857142857142858,0.2857142857142857
5.49577E+12,13.0,0.0,13.0,0.0,3.0,1.0,0.0
5.4959E+12,10.0,1.0,9.0,0.0,1.0,1.1,0.1
5.49717E+12,9.0,6.0,3.0,0.0,3.0,1.6666666666666667,0.6666666666666666
5.49822E+12,8.0,0.0,8.0,0.0,0.0,1.0,0.0
5.49829E+12,9.0,0.0,9.0,0.0,2.0,1.0,0.0
5.49928E+12,10.0,1.0,9.0,0.0,1.0,1.1,0.1
5.49985E+12,10.0,1.0,9.0,0.0,1.0,1.1,0.1
5.50064E+12,7.0,0.0,6.0,1.0,1.0,0.8571428571428571,0.0
5.50184E+12,11.0,0.0,10.0,1.0,1.0,0.9090909090909091,0.0
5.50305E+12,12.0,1.0,11.0,0.0,0.0,1.0833333333333333,0.08333333333333333
5.50309E+12,15.0,4.0,11.0,0.0,1.0,1.2666666666666666,0.26666666666666666
5.50342E+12,5.0,0.0,5.0,0.0,1.0,1.0,0.0
5.50594E+12,10.0,3.0,7.0,0.0,1.0,1.3,0.3
5.50743E+12,11.0,1.0,10.0,0.0,1.0,1.0909090909090908,0.09090909090909091
5.50917E+12,10.0,0.0,10.0,0.0,6.0,1.0,0.0
5.51008E+12,10.0,3.0,7.0,0.0,0.0,1.3,0.3
5.51086E+12,9.0,4.0,5.0,0.0,2.0,1.4444444444444444,0.4444444444444444
5.51328E+12,12.0,0.0,12.0,0.0,1.0,1.0,0.0
5.51574E+12,8.0,6.0,2.0,0.0,0.0,1.75,0.75
5.51683E+12,12.0,0.0,12.0,0.0,1.0,1.0,0.0
5.52276E+12,5.0,1.0,4.0,0.0,0.0,1.2,0.2
5.52597E+12,7.0,0.0,7.0,0.0,0.0,1.0,0.0
5.52739E+12,13.0,1.0,12.0,0.0,1.0,1.0769230769230769,0.07692307692307693
5.52779E+12,11.0,2.0,9.0,0.0,0.0,1.1818181818181819,0.18181818181818182
5.52935E+12,13.0,0.0,13.0,0.0,0.0,1.0,0.0
5.53202E+12,12.0,6.0,6.0,0.0,2.0,1.5,0.5
5.53385E+12,10.0,3.0,7.0,0.0,2.0,1.3,0.3
5.53409E+12,8.0,1.0,7.0,0.0,2.0,1.125,0.125
5.53443E+12,8.0,5.0,3.0,0.0,1.0,1.625,0.625
5.53747E+12,14.0,4.0,10.0,0.0,5.0,1.2857142857142858,0.2857142857142857
5.5387E+12,4.0,0.0,3.0,1.0,1.0,0.75,0.0
5.53979E+12,9.0,4.0,5.0,0.0,1.0,1.4444444444444444,0.4444444444444444
5.53992E+12,9.0,4.0,5.0,0.0,2.0,1.4444444444444444,0.4444444444444444
5.5415E+12,8.0,0.0,8.0,0.0,1.0,1.0,0.0
5.54193E+12,13.0,5.0,8.0,0.0,0.0,1.3846153846153846,0.38461538461538464
5.54259E+12,9.0,0.0,9.0,0.0,1.0,1.0,0.0
5.54267E+12,8.0,0.0,8.0,0.0,1.0,1.0,0.0
5.54692E+12,11.0,6.0,5.0,0.0,1.0,1.5454545454545454,0.5454545454545454
5.5491E+12,9.0,0.0,9.0,0.0,1.0,1.0,0.0
5.54932E+12,7.0,0.0,7.0,0.0,1.0,1.0,0.0
5.55024E+12,9.0,2.0,7.0,0.0,1.0,1.2222222222222223,0.2222222222222222
5.55361E+12,10.0,3.0,6.0,1.0,1.0,1.2,0.3
5.55573E+12,12.0,2.0,10.0,0.0,0.0,1.1666666666666667,0.16666666666666666
5.56095E+12,13.0,5.0,8.0,0.0,2.0,1.3846153846153846,0.38461538461538464
5.56149E+12,10.0,0.0,8.0,2.0,2.0,0.8,0.0
5.56241E+12,7.0,3.0,4.0,0.0,1.0,1.4285714285714286,0.42857142857142855
5.56555E+12,14.0,7.0,7.0,0.0,1.0,1.5,0.5
5.56649E+12,9.0,6.0,3.0,0.0,0.0,1.6666666666666667,0.6666666666666666
5.56757E+12,9.0,3.0,5.0,1.0,2.0,1.2222222222222223,0.3333333333333333
5.57397E+12,9.0,0.0,9.0,0.0,1.0,1.0,0.0
5.57617E+12,10.0,4.0,6.0,0.0,2.0,1.4,0.4
5.57777E+12,12.0,0.0,12.0,0.0,0.0,1.0,0.0
5.58499E+12,4.0,0.0,4.0,0.0,2.0,1.0,0.0
5.58501E+12,11.0,6.0,5.0,0.0,0.0,1.5454545454545454,0.5454545454545454
5.58506E+12,9.0,0.0,9.0,0.0,1.0,1.0,0.0
5.58735E+12,10.0,1.0,9.0,0.0,2.0,1.1,0.1
5.58784E+12,8.0,0.0,7.0,1.0,1.0,0.875,0.0
5.59321E+12,7.0,2.0,5.0,0.0,1.0,1.2857142857142858,0.2857142857142857
5.59929E+12,7.0,2.0,5.0,0.0,1.0,1.2857142857142858,0.2857142857142857
5.60207E+12,12.0,4.0,8.0,0.0,0.0,1.3333333333333333,0.3333333333333333
5.60315E+12,11.0,4.0,7.0,0.0,1.0,1.3636363636363635,0.36363636363636365
5.6031E+12,7.0,1.0,6.0,0.0,1.0,1.1428571428571428,0.14285714285714285
5.60751E+12,11.0,0.0,11.0,0.0,0.0,1.0,0.0
5.61333E+12,12.0,0.0,12.0,0.0,0.0,1.0,0.0
5.62032E+12,12.0,7.0,5.0,0.0,1.0,1.5833333333333333,0.5833333333333334
5.62768E+12,15.0,9.0,6.0,0.0,3.0,1.6,0.6
5.62811E+12,12.0,0.0,11.0,1.0,1.0,0.9166666666666666,0.0
5.63154E+12,16.0,0.0,16.0,0.0,1.0,1.0,0.0
5.63408E+12,11.0,0.0,11.0,0.0,1.0,1.0,0.0
5.63463E+12,11.0,0.0,11.0,0.0,0.0,1.0,0.0
5.63465E+12,9.0,1.0,8.0,0.0,3.0,1.1111111111111112,0.1111111111111111
5.63631E+12,9.0,0.0,9.0,0.0,0.0,1.0,0.0
5.63856E+12,12.0,3.0,9.0,0.0,4.0,1.25,0.25
5.64166E+12,10.0,0.0,10.0,0.0,0.0,1.0,0.0
5.64178E+12,9.0,0.0,9.0,0.0,1.0,1.0,0.0
5.64181E+12,9.0,3.0,6.0,0.0,2.0,1.3333333333333333,0.3333333333333333
5.64198E+12,13.0,1.0,12.0,0.0,0.0,1.0769230769230769,0.07692307692307693
5.64213E+12,9.0,0.0,9.0,0.0,1.0,1.0,0.0
5.64401E+12,9.0,4.0,5.0,0.0,1.0,1.4444444444444444,0.4444444444444444
5.64413E+12,9.0,0.0,9.0,0.0,0.0,1.0,0.0
5.6503E+12,9.0,0.0,9.0,0.0,1.0,1.0,0.0
5.65423E+12,12.0,4.0,8.0,0.0,2.0,1.3333333333333333,0.3333333333333333
5.65497E+12,9.0,0.0,9.0,0.0,1.0,1.0,0.0
5.65522E+12,9.0,8.0,1.0,0.0,1.0,1.8888888888888888,0.8888888888888888
5.65547E+12,8.0,0.0,8.0,0.0,0.0,1.0,0.0
5.65724E+12,12.0,4.0,8.0,0.0,2.0,1.3333333333333333,0.3333333333333333
5.65822E+12,8.0,0.0,8.0,0.0,1.0,1.0,0.0
5.65826E+12,10.0,2.0,8.0,0.0,2.0,1.2,0.2
5.65861E+12,13.0,5.0,8.0,0.0,2.0,1.3846153846153846,0.38461538461538464
5.65867E+12,13.0,0.0,13.0,0.0,1.0,1.0,0.0
5.65991E+12,7.0,2.0,5.0,0.0,0.0,1.2857142857142858,0.2857142857142857
5.65992E+12,6.0,3.0,3.0,0.0,0.0,1.5,0.5
5.65997E+12,7.0,1.0,6.0,0.0,1.0,1.1428571428571428,0.14285714285714285
5.66224E+12,4.0,0.0,4.0,0.0,1.0,1.0,0.0
5.66259E+12,6.0,0.0,5.0,1.0,1.0,0.8333333333333334,0.0
5.66335E+12,7.0,0.0,7.0,0.0,2.0,1.0,0.0
5.66386E+12,12.0,0.0,11.0,1.0,1.0,0.9166666666666666,0.0
5.66666E+12,9.0,2.0,7.0,0.0,2.0,1.2222222222222223,0.2222222222222222
5.66689E+12,6.0,0.0,6.0,0.0,1.0,1.0,0.0
5.67135E+12,7.0,2.0,5.0,0.0,0.0,1.2857142857142858,0.2857142857142857
5.67172E+12,12.0,3.0,9.0,0.0,4.0,1.25,0.25
5.67194E+12,6.0,0.0,5.0,1.0,0.0,0.8333333333333334,0.0
5.67226E+12,10.0,2.0,8.0,0.0,3.0,1.2,0.2
5.6724E+12,11.0,3.0,8.0,0.0,2.0,1.2727272727272727,0.2727272727272727
5.6727E+12,10.0,4.0,6.0,0.0,2.0,1.4,0.4
5.67376E+12,7.0,0.0,7.0,0.0,1.0,1.0,0.0
5.6742E+12,7.0,1.0,6.0,0.0,1.0,1.1428571428571428,0.14285714285714285
5.67527E+12,8.0,1.0,7.0,0.0,3.0,1.125,0.125
5.67825E+12,11.0,2.0,9.0,0.0,1.0,1.1818181818181819,0.18181818181818182
5.67832E+12,9.0,1.0,8.0,0.0,0.0,1.1111111111111112,0.1111111111111111
5.67902E+12,12.0,0.0,12.0,0.0,0.0,1.0,0.0
5.67915E+12,9.0,0.0,9.0,0.0,0.0,1.0,0.0
5.68098E+12,4.0,0.0,4.0,0.0,1.0,1.0,0.0
5.68171E+12,8.0,0.0,8.0,0.0,1.0,1.0,0.0
5.68672E+12,7.0,1.0,6.0,0.0,1.0,1.1428571428571428,0.14285714285714285
5.69482E+12,13.0,2.0,11.0,0.0,4.0,1.1538461538461537,0.15384615384615385
5.71429E+12,13.0,0.0,13.0,0.0,2.0,1.0,0.0
5.71454E+12,9.0,3.0,6.0,0.0,1.0,1.3333333333333333,0.3333333333333333
5.71647E+12,15.0,10.0,5.0,0.0,1.0,1.6666666666666667,0.6666666666666666
5.72033E+12,5.0,1.0,4.0,0.0,0.0,1.2,0.2
5.72047E+12,5.0,1.0,4.0,0.0,1.0,1.2,0.2
5.7204E+12,11.0,0.0,10.0,1.0,0.0,0.9090909090909091,0.0
5.72312E+12,9.0,6.0,3.0,0.0,2.0,1.6666666666666667,0.6666666666666666
5.72403E+12,4.0,0.0,4.0,0.0,0.0,1.0,0.0
5.72578E+12,9.0,0.0,9.0,0.0,1.0,1.0,0.0
5.72679E+12,10.0,2.0,8.0,0.0,1.0,1.2,0.2
5.72685E+12,11.0,4.0,7.0,0.0,1.0,1.3636363636363635,0.36363636363636365
5.7271E+12,15.0,3.0,12.0,0.0,6.0,1.2,0.2
5.72735E+12,7.0,0.0,7.0,0.0,0.0,1.0,0.0
5.72763E+12,16.0,3.0,13.0,0.0,1.0,1.1875,0.1875
5.73194E+12,15.0,2.0,13.0,0.0,1.0,1.1333333333333333,0.13333333333333333
5.73473E+12,14.0,3.0,11.0,0.0,1.0,1.2142857142857142,0.21428571428571427
5.73499E+12,11.0,3.0,8.0,0.0,2.0,1.2727272727272727,0.2727272727272727
5.73509E+12,9.0,2.0,7.0,0.0,1.0,1.2222222222222223,0.2222222222222222
5.73548E+12,6.0,0.0,6.0,0.0,1.0,1.0,0.0
5.73584E+12,18.0,2.0,16.0,0.0,1.0,1.1111111111111112,0.1111111111111111
5.73588E+12,11.0,7.0,4.0,0.0,1.0,1.6363636363636365,0.6363636363636364
5.73595E+12,9.0,4.0,5.0,0.0,1.0,1.4444444444444444,0.4444444444444444
5.73682E+12,7.0,0.0,7.0,0.0,1.0,1.0,0.0
5.73749E+12,12.0,0.0,12.0,0.0,1.0,1.0,0.0
5.73839E+12,7.0,0.0,7.0,0.0,0.0,1.0,0.0
5.7399E+12,3.0,1.0,2.0,0.0,1.0,1.3333333333333333,0.3333333333333333
5.74004E+12,6.0,0.0,6.0,0.0,3.0,1.0,0.0
5.74083E+12,8.0,2.0,6.0,0.0,0.0,1.25,0.25
5.74087E+12,8.0,0.0,8.0,0.0,1.0,1.0,0.0
5.74229E+12,9.0,4.0,5.0,0.0,0.0,1.4444444444444444,0.4444444444444444
5.74246E+12,10.0,0.0,10.0,0.0,0.0,1.0,0.0
5.74267E+12,12.0,1.0,11.0,0.0,0.0,1.0833333333333333,0.08333333333333333
5.74325E+12,6.0,0.0,6.0,0.0,1.0,1.0,0.0
5.74339E+12,11.0,4.0,7.0,0.0,3.0,1.3636363636363635,0.36363636363636365
5.74434E+12,15.0,6.0,9.0,0.0,1.0,1.4,0.4
5.74436E+12,11.0,4.0,7.0,0.0,0.0,1.3636363636363635,0.36363636363636365
5.7446E+12,10.0,5.0,5.0,0.0,0.0,1.5,0.5
5.74523E+12,7.0,0.0,7.0,0.0,0.0,1.0,0.0
5.74696E+12,6.0,0.0,6.0,0.0,1.0,1.0,0.0
5.74698E+12,9.0,4.0,5.0,0.0,0.0,1.4444444444444444,0.4444444444444444
5.74719E+12,8.0,0.0,8.0,0.0,1.0,1.0,0.0
5.7472E+12,9.0,0.0,9.0,0.0,2.0,1.0,0.0
5.74742E+12,7.0,0.0,7.0,0.0,1.0,1.0,0.0
5.74864E+12,6.0,0.0,6.0,0.0,1.0,1.0,0.0
5.75004E+12,7.0,0.0,7.0,0.0,0.0,1.0,0.0
5.7516E+12,12.0,0.0,12.0,0.0,0.0,1.0,0.0
5.75176E+12,7.0,2.0,5.0,0.0,1.0,1.2857142857142858,0.2857142857142857
5.75372E+12,5.0,0.0,5.0,0.0,1.0,1.0,0.0
5.75427E+12,5.0,0.0,5.0,0.0,1.0,1.0,0.0
5.75498E+12,9.0,4.0,5.0,0.0,1.0,1.4444444444444444,0.4444444444444444
5.75544E+12,9.0,0.0,9.0,0.0,1.0,1.0,0.0
5.75803E+12,8.0,2.0,6.0,0.0,2.0,1.25,0.25
5.75885E+12,4.0,0.0,3.0,1.0,0.0,0.75,0.0
5.76154E+12,7.0,0.0,7.0,0.0,0.0,1.0,0.0
5.76161E+12,9.0,1.0,8.0,0.0,4.0,1.1111111111111112,0.1111111111111111
5.76191E+12,8.0,1.0,7.0,0.0,1.0,1.125,0.125
5.76205E+12,6.0,1.0,5.0,0.0,1.0,1.1666666666666667,0.16666666666666666
5.76217E+12,11.0,0.0,11.0,0.0,1.0,1.0,0.0
5.76295E+12,12.0,3.0,9.0,0.0,1.0,1.25,0.25
5.76469E+12,8.0,1.0,7.0,0.0,2.0,1.125,0.125
5.76482E+12,10.0,0.0,10.0,0.0,1.0,1.0,0.0
5.76576E+12,12.0,0.0,12.0,0.0,1.0,1.0,0.0
5.7659E+12,5.0,0.0,5.0,0.0,1.0,1.0,0.0
5.76756E+12,10.0,3.0,7.0,0.0,1.0,1.3,0.3
5.77097E+12,11.0,11.0,0.0,0.0,0.0,2.0,1.0
5.77327E+12,8.0,0.0,7.0,1.0,2.0,0.875,0.0
5.77352E+12,10.0,3.0,7.0,0.0,1.0,1.3,0.3
5.77448E+12,10.0,0.0,8.0,2.0,0.0,0.8,0.0
5.77698E+12,7.0,1.0,6.0,0.0,0.0,1.1428571428571428,0.14285714285714285
5.78256E+12,11.0,0.0,11.0,0.0,1.0,1.0,0.0
5.78372E+12,6.0,0.0,5.0,1.0,2.0,0.8333333333333334,0.0
5.7843E+12,6.0,0.0,6.0,0.0,1.0,1.0,0.0
5.78717E+12,6.0,1.0,5.0,0.0,1.0,1.1666666666666667,0.16666666666666666
5.78837E+12,7.0,0.0,7.0,0.0,2.0,1.0,0.0
5.78838E+12,6.0,0.0,6.0,0.0,2.0,1.0,0.0
5.78893E+12,13.0,0.0,13.0,0.0,2.0,1.0,0.0
5.78953E+12,15.0,3.0,12.0,0.0,2.0,1.2,0.2
5.79082E+12,11.0,4.0,7.0,0.0,1.0,1.3636363636363635,0.36363636363636365
5.79156E+12,11.0,4.0,7.0,0.0,1.0,1.3636363636363635,0.36363636363636365
5.79185E+12,10.0,0.0,10.0,0.0,1.0,1.0,0.0
5.79269E+12,8.0,0.0,8.0,0.0,2.0,1.0,0.0
5.79369E+12,9.0,0.0,9.0,0.0,1.0,1.0,0.0
5.79557E+12,12.0,0.0,12.0,0.0,2.0,1.0,0.0
5.79776E+12,9.0,3.0,6.0,0.0,0.0,1.3333333333333333,0.3333333333333333
5.79784E+12,10.0,0.0,10.0,0.0,3.0,1.0,0.0
5.80013E+12,11.0,0.0,11.0,0.0,1.0,1.0,0.0
5.80054E+12,10.0,0.0,10.0,0.0,3.0,1.0,0.0
5.80126E+12,9.0,2.0,7.0,0.0,0.0,1.2222222222222223,0.2222222222222222
5.80328E+12,9.0,5.0,4.0,0.0,1.0,1.5555555555555556,0.5555555555555556
5.80341E+12,10.0,0.0,10.0,0.0,1.0,1.0,0.0
5.80382E+12,13.0,7.0,6.0,0.0,1.0,1.5384615384615385,0.5384615384615384
5.8047E+12,11.0,3.0,8.0,0.0,2.0,1.2727272727272727,0.2727272727272727
5.80491E+12,7.0,0.0,7.0,0.0,3.0,1.0,0.0
5.81041E+12,18.0,4.0,14.0,0.0,4.0,1.2222222222222223,0.2222222222222222
5.81264E+12,12.0,0.0,12.0,0.0,2.0,1.0,0.0
5.8132E+12,15.0,9.0,6.0,0.0,3.0,1.6,0.6
5.81569E+12,9.0,3.0,6.0,0.0,1.0,1.3333333333333333,0.3333333333333333
5.81707E+12,17.0,0.0,17.0,0.0,2.0,1.0,0.0
5.81838E+12,9.0,0.0,9.0,0.0,1.0,1.0,0.0
5.82143E+12,13.0,2.0,11.0,0.0,2.0,1.1538461538461537,0.15384615384615385
5.82159E+12,7.0,0.0,7.0,0.0,1.0,1.0,0.0
5.82164E+12,10.0,8.0,2.0,0.0,0.0,1.8,0.8
5.8248E+12,13.0,2.0,11.0,0.0,0.0,1.1538461538461537,0.15384615384615385
5.82744E+12,10.0,0.0,10.0,0.0,1.0,1.0,0.0
5.82813E+12,14.0,4.0,10.0,0.0,2.0,1.2857142857142858,0.2857142857142857
5.82999E+12,7.0,0.0,7.0,0.0,1.0,1.0,0.0
5.83124E+12,16.0,1.0,15.0,0.0,3.0,1.0625,0.0625
5.83138E+12,11.0,0.0,11.0,0.0,3.0,1.0,0.0
5.8318E+12,9.0,0.0,9.0,0.0,1.0,1.0,0.0
5.83503E+12,7.0,1.0,6.0,0.0,2.0,1.1428571428571428,0.14285714285714285
5.83534E+12,7.0,0.0,7.0,0.0,0.0,1.0,0.0
5.83594E+12,9.0,0.0,9.0,0.0,0.0,1.0,0.0
5.83832E+12,12.0,0.0,12.0,0.0,3.0,1.0,0.0
5.83882E+12,9.0,0.0,9.0,0.0,1.0,1.0,0.0
5.84237E+12,7.0,0.0,7.0,0.0,2.0,1.0,0.0
5.85822E+12,9.0,4.0,5.0,0.0,1.0,1.4444444444444444,0.4444444444444444
5.86298E+12,11.0,0.0,10.0,1.0,2.0,0.9090909090909091,0.0
5.86309E+12,11.0,0.0,11.0,0.0,1.0,1.0,0.0
5.86327E+12,8.0,0.0,8.0,0.0,0.0,1.0,0.0
5.86389E+12,10.0,1.0,9.0,0.0,1.0,1.1,0.1
5.86399E+12,7.0,2.0,5.0,0.0,1.0,1.2857142857142858,0.2857142857142857
5.86528E+12,8.0,0.0,8.0,0.0,0.0,1.0,0.0
5.86611E+12,13.0,1.0,12.0,0.0,0.0,1.0769230769230769,0.07692307692307693
5.86666E+12,11.0,0.0,11.0,0.0,2.0,1.0,0.0
5.86914E+12,9.0,0.0,8.0,1.0,1.0,0.8888888888888888,0.0
5.87431E+12,7.0,0.0,7.0,0.0,1.0,1.0,0.0
5.87524E+12,7.0,0.0,7.0,0.0,1.0,1.0,0.0
5.88194E+12,22.0,4.0,18.0,0.0,2.0,1.1818181818181819,0.18181818181818182
5.88266E+12,10.0,1.0,9.0,0.0,2.0,1.1,0.1
5.88473E+12,12.0,5.0,7.0,0.0,0.0,1.4166666666666667,0.4166666666666667
5.88558E+12,9.0,0.0,9.0,0.0,1.0,1.0,0.0
5.8887E+12,9.0,1.0,8.0,0.0,1.0,1.1111111111111112,0.1111111111111111
5.889E+12,7.0,0.0,7.0,0.0,0.0,1.0,0.0
5.89602E+12,12.0,7.0,5.0,0.0,1.0,1.5833333333333333,0.5833333333333334
5.89646E+12,9.0,0.0,8.0,1.0,1.0,0.8888888888888888,0.0
5.90796E+12,5.0,0.0,5.0,0.0,1.0,1.0,0.0
5.91385E+12,9.0,1.0,8.0,0.0,1.0,1.1111111111111112,0.1111111111111111
5.91397E+12,11.0,4.0,7.0,0.0,1.0,1.3636363636363635,0.36363636363636365
5.91423E+12,9.0,0.0,9.0,0.0,0.0,1.0,0.0
5.92557E+12,8.0,4.0,4.0,0.0,3.0,1.5,0.5
5.92842E+12,10.0,4.0,6.0,0.0,0.0,1.4,0.4
5.92901E+12,9.0,0.0,9.0,0.0,1.0,1.0,0.0
5.9295E+12,8.0,0.0,8.0,0.0,1.0,1.0,0.0
5.93196E+12,6.0,2.0,4.0,0.0,1.0,1.3333333333333333,0.3333333333333333
5.93413E+12,4.0,1.0,3.0,0.0,1.0,1.25,0.25
5.93645E+12,14.0,3.0,11.0,0.0,1.0,1.2142857142857142,0.21428571428571427
5.94222E+12,6.0,0.0,6.0,0.0,0.0,1.0,0.0
5.94683E+12,7.0,0.0,7.0,0.0,1.0,1.0,0.0
5.94763E+12,7.0,0.0,7.0,0.0,0.0,1.0,0.0
5.95832E+12,11.0,0.0,11.0,0.0,0.0,1.0,0.0
5.95959E+12,11.0,7.0,4.0,0.0,1.0,1.6363636363636365,0.6363636363636364
5.96633E+12,12.0,3.0,9.0,0.0,2.0,1.25,0.25
5.98728E+12,12.0,4.0,8.0,0.0,1.0,1.3333333333333333,0.3333333333333333
5.98894E+12,11.0,1.0,10.0,0.0,1.0,1.0909090909090908,0.09090909090909091
5.99189E+12,13.0,11.0,2.0,0.0,0.0,1.8461538461538463,0.8461538461538461
5.99671E+12,12.0,1.0,11.0,0.0,1.0,1.0833333333333333,0.08333333333333333
5.99709E+12,17.0,1.0,16.0,0.0,2.0,1.0588235294117647,0.058823529411764705
5.99738E+12,9.0,0.0,9.0,0.0,2.0,1.0,0.0
5.99743E+12,12.0,3.0,9.0,0.0,2.0,1.25,0.25
5.99832E+12,7.0,0.0,7.0,0.0,0.0,1.0,0.0
5.99999E+12,9.0,0.0,9.0,0.0,2.0,1.0,0.0
5022018,7.0,0.0,7.0,0.0,2.0,1.0,0.0
5022023,6.0,0.0,3.0,3.0,2.0,0.5,0.0
5022045,12.0,3.0,7.0,2.0,2.0,1.0833333333333333,0.25
5022092,8.0,3.0,5.0,0.0,2.0,1.375,0.375
5022135,8.0,3.0,5.0,0.0,1.0,1.375,0.375
5022232,16.0,5.0,10.0,1.0,0.0,1.25,0.3125
5022355,12.0,5.0,7.0,0.0,3.0,1.4166666666666667,0.4166666666666667
5022366,10.0,6.0,4.0,0.0,1.0,1.6,0.6
5022423,18.0,17.0,1.0,0.0,6.0,1.9444444444444444,0.9444444444444444
5022443,10.0,6.0,4.0,0.0,2.0,1.6,0.6
5022456,6.0,0.0,2.0,4.0,0.0,0.3333333333333333,0.0
5022481,7.0,4.0,3.0,0.0,5.0,1.5714285714285714,0.5714285714285714
5022553,12.0,0.0,10.0,2.0,6.0,0.8333333333333334,0.0
5022721,12.0,5.0,7.0,0.0,4.0,1.4166666666666667,0.4166666666666667
5022777,9.0,5.0,4.0,0.0,3.0,1.5555555555555556,0.5555555555555556
5022872,8.0,2.0,6.0,0.0,0.0,1.25,0.25
5022883,12.0,1.0,10.0,1.0,3.0,1.0,0.08333333333333333
5022903,11.0,5.0,6.0,0.0,2.0,1.4545454545454546,0.45454545454545453
5022909,5.0,1.0,3.0,1.0,0.0,1.0,0.2
5022973,10.0,4.0,6.0,0.0,0.0,1.4,0.4
5023045,8.0,1.0,6.0,1.0,1.0,1.0,0.125
5023057,11.0,0.0,5.0,6.0,4.0,0.45454545454545453,0.0
5023133,8.0,0.0,8.0,0.0,0.0,1.0,0.0
5023156,12.0,2.0,10.0,0.0,3.0,1.1666666666666667,0.16666666666666666
5023193,12.0,0.0,12.0,0.0,4.0,1.0,0.0
5023361,10.0,0.0,8.0,2.0,0.0,0.8,0.0
5023364,9.0,2.0,7.0,0.0,0.0,1.2222222222222223,0.2222222222222222
5023401,8.0,0.0,5.0,3.0,0.0,0.625,0.0
5023475,8.0,0.0,8.0,0.0,2.0,1.0,0.0
5023480,8.0,1.0,4.0,3.0,5.0,0.75,0.125
5023496,11.0,1.0,10.0,0.0,3.0,1.0909090909090908,0.09090909090909091
5023506,13.0,0.0,0.0,13.0,2.0,0.0,0.0
5023512,9.0,8.0,1.0,0.0,4.0,1.8888888888888888,0.8888888888888888
5023515,13.0,8.0,5.0,0.0,1.0,1.6153846153846154,0.6153846153846154
5023519,10.0,0.0,9.0,1.0,0.0,0.9,0.0
5023527,13.0,0.0,13.0,0.0,1.0,1.0,0.0
5023555,15.0,0.0,12.0,3.0,8.0,0.8,0.0
5023557,9.0,2.0,7.0,0.0,1.0,1.2222222222222223,0.2222222222222222
5023561,7.0,3.0,4.0,0.0,2.0,1.4285714285714286,0.42857142857142855
5023601,8.0,0.0,7.0,1.0,2.0,0.875,0.0
5023604,13.0,12.0,1.0,0.0,1.0,1.9230769230769231,0.9230769230769231
5023631,10.0,0.0,10.0,0.0,4.0,1.0,0.0
5023642,9.0,2.0,7.0,0.0,5.0,1.2222222222222223,0.2222222222222222
5023659,11.0,3.0,7.0,1.0,3.0,1.1818181818181819,0.2727272727272727
5023713,11.0,0.0,10.0,1.0,7.0,0.9090909090909091,0.0
5023800_cleaned,8.0,4.0,4.0,0.0,2.0,1.5,0.5
5023806,9.0,1.0,7.0,1.0,2.0,1.0,0.1111111111111111
5023845,5.0,0.0,4.0,1.0,1.0,0.8,0.0
5023854,10.0,1.0,9.0,0.0,5.0,1.1,0.1
5023916,7.0,1.0,6.0,0.0,0.0,1.1428571428571428,0.14285714285714285
5024030,9.0,0.0,9.0,0.0,1.0,1.0,0.0
5024045,11.0,2.0,9.0,0.0,5.0,1.1818181818181819,0.18181818181818182
5024066,12.0,0.0,10.0,2.0,0.0,0.8333333333333334,0.0
5024135,10.0,1.0,9.0,0.0,0.0,1.1,0.1
5024156,10.0,0.0,9.0,1.0,4.0,0.9,0.0
5024169,13.0,4.0,9.0,0.0,5.0,1.3076923076923077,0.3076923076923077
5024193,9.0,0.0,9.0,0.0,1.0,1.0,0.0
5024200,7.0,0.0,7.0,0.0,0.0,1.0,0.0
5024225_cleaned,10.0,0.0,8.0,2.0,4.0,0.8,0.0
5024232,9.0,0.0,9.0,0.0,2.0,1.0,0.0
5024257,13.0,0.0,12.0,1.0,2.0,0.9230769230769231,0.0
5024269,11.0,1.0,10.0,0.0,1.0,1.0909090909090908,0.09090909090909091
5024295,9.0,5.0,4.0,0.0,0.0,1.5555555555555556,0.5555555555555556
5024322,11.0,6.0,4.0,1.0,0.0,1.4545454545454546,0.5454545454545454
5024346,10.0,0.0,10.0,0.0,1.0,1.0,0.0
5024800,7.0,0.0,5.0,2.0,1.0,0.7142857142857143,0.0
5024940,11.0,0.0,11.0,0.0,0.0,1.0,0.0
5024974,7.0,0.0,6.0,1.0,1.0,0.8571428571428571,0.0
5024988,10.0,0.0,10.0,0.0,4.0,1.0,0.0
5025025,11.0,0.0,6.0,5.0,0.0,0.5454545454545454,0.0
5025086,4.0,0.0,4.0,0.0,1.0,1.0,0.0
5025115,10.0,0.0,10.0,0.0,1.0,1.0,0.0
5025124,8.0,0.0,6.0,2.0,1.0,0.75,0.0
5025141,12.0,4.0,8.0,0.0,1.0,1.3333333333333333,0.3333333333333333
5025143,10.0,6.0,4.0,0.0,1.0,1.6,0.6
5025155,11.0,0.0,11.0,0.0,8.0,1.0,0.0
5025339,1.0,0.0,0.0,1.0,0.0,0.0,0.0
5025356,9.0,0.0,7.0,2.0,6.0,0.7777777777777778,0.0
5025494,7.0,0.0,7.0,0.0,4.0,1.0,0.0
5025502,9.0,3.0,6.0,0.0,2.0,1.3333333333333333,0.3333333333333333
5025570,8.0,0.0,8.0,0.0,2.0,1.0,0.0
5025575,8.0,0.0,4.0,4.0,0.0,0.5,0.0
5025578,7.0,1.0,6.0,0.0,1.0,1.1428571428571428,0.14285714285714285
5025583,9.0,8.0,1.0,0.0,0.0,1.8888888888888888,0.8888888888888888
5025587,7.0,0.0,7.0,0.0,1.0,1.0,0.0
5025588,7.0,0.0,7.0,0.0,2.0,1.0,0.0
5025612,8.0,0.0,8.0,0.0,1.0,1.0,0.0
5025615,12.0,5.0,6.0,1.0,2.0,1.3333333333333333,0.4166666666666667
5025629,13.0,2.0,10.0,1.0,2.0,1.0769230769230769,0.15384615384615385
5025668,6.0,0.0,4.0,2.0,1.0,0.6666666666666666,0.0
5025705,14.0,2.0,12.0,0.0,0.0,1.1428571428571428,0.14285714285714285
5025711,9.0,0.0,9.0,0.0,2.0,1.0,0.0
5025717,10.0,5.0,5.0,0.0,0.0,1.5,0.5
5025727_cleaned,7.0,0.0,7.0,0.0,2.0,1.0,0.0
5025740,9.0,1.0,8.0,0.0,2.0,1.1111111111111112,0.1111111111111111
5025771,12.0,6.0,6.0,0.0,0.0,1.5,0.5
5025824,7.0,0.0,6.0,1.0,1.0,0.8571428571428571,0.0
5025932,5.0,0.0,5.0,0.0,1.0,1.0,0.0
5025987,11.0,5.0,5.0,1.0,1.0,1.3636363636363635,0.45454545454545453
5025995,11.0,1.0,9.0,1.0,2.0,1.0,0.09090909090909091
5026026,6.0,0.0,6.0,0.0,1.0,1.0,0.0
5026051,14.0,6.0,8.0,0.0,2.0,1.4285714285714286,0.42857142857142855
5026054,9.0,1.0,7.0,1.0,2.0,1.0,0.1111111111111111
5026055,11.0,0.0,11.0,0.0,2.0,1.0,0.0
5026120,9.0,0.0,8.0,1.0,0.0,0.8888888888888888,0.0
5026132,10.0,4.0,6.0,0.0,1.0,1.4,0.4
5026142,11.0,1.0,10.0,0.0,5.0,1.0909090909090908,0.09090909090909091
5026143,9.0,0.0,8.0,1.0,0.0,0.8888888888888888,0.0
5026154,11.0,0.0,10.0,1.0,2.0,0.9090909090909091,0.0
5026168,5.0,2.0,1.0,2.0,1.0,1.0,0.4
5026222,7.0,2.0,5.0,0.0,4.0,1.2857142857142858,0.2857142857142857
5026223,11.0,2.0,9.0,0.0,0.0,1.1818181818181819,0.18181818181818182
5026224,11.0,1.0,10.0,0.0,2.0,1.0909090909090908,0.09090909090909091
5026241,11.0,1.0,10.0,0.0,2.0,1.0909090909090908,0.09090909090909091
5026252,7.0,0.0,7.0,0.0,0.0,1.0,0.0
5026266,9.0,8.0,1.0,0.0,2.0,1.8888888888888888,0.8888888888888888
5026275,7.0,1.0,6.0,0.0,1.0,1.1428571428571428,0.14285714285714285
5026290,9.0,2.0,7.0,0.0,1.0,1.2222222222222223,0.2222222222222222
5026309,9.0,0.0,8.0,1.0,2.0,0.8888888888888888,0.0
5026317,10.0,0.0,10.0,0.0,4.0,1.0,0.0
5026322,8.0,3.0,4.0,1.0,3.0,1.25,0.375
5026332,13.0,0.0,13.0,0.0,1.0,1.0,0.0
5026338,9.0,3.0,6.0,0.0,2.0,1.3333333333333333,0.3333333333333333
5026389,9.0,0.0,9.0,0.0,2.0,1.0,0.0
5026392,7.0,1.0,6.0,0.0,1.0,1.1428571428571428,0.14285714285714285
5026614,9.0,3.0,6.0,0.0,0.0,1.3333333333333333,0.3333333333333333
5026786,9.0,2.0,7.0,0.0,2.0,1.2222222222222223,0.2222222222222222
5026828,8.0,1.0,7.0,0.0,5.0,1.125,0.125
5026830,7.0,0.0,7.0,0.0,1.0,1.0,0.0
5026854,12.0,7.0,5.0,0.0,3.0,1.5833333333333333,0.5833333333333334
5026940,13.0,6.0,7.0,0.0,3.0,1.4615384615384615,0.46153846153846156
5027063,11.0,9.0,2.0,0.0,0.0,1.8181818181818181,0.8181818181818182
5027371,8.0,0.0,8.0,0.0,2.0,1.0,0.0
5027379,13.0,0.0,12.0,1.0,3.0,0.9230769230769231,0.0
5027581,8.0,1.0,7.0,0.0,4.0,1.125,0.125
5027605,6.0,0.0,6.0,0.0,1.0,1.0,0.0
5027621,14.0,3.0,11.0,0.0,3.0,1.2142857142857142,0.21428571428571427
5027653,9.0,0.0,9.0,0.0,2.0,1.0,0.0
5027654,12.0,0.0,12.0,0.0,6.0,1.0,0.0
5027669,12.0,1.0,11.0,0.0,0.0,1.0833333333333333,0.08333333333333333
5027671,10.0,1.0,9.0,0.0,0.0,1.1,0.1
5027688,6.0,1.0,5.0,0.0,4.0,1.1666666666666667,0.16666666666666666
5027721,13.0,10.0,3.0,0.0,3.0,1.7692307692307692,0.7692307692307693
5027723,14.0,2.0,12.0,0.0,2.0,1.1428571428571428,0.14285714285714285
5027741,10.0,0.0,9.0,1.0,0.0,0.9,0.0
5027754,6.0,6.0,0.0,0.0,0.0,2.0,1.0
5027755,7.0,1.0,4.0,2.0,3.0,0.8571428571428571,0.14285714285714285
5027761,12.0,0.0,12.0,0.0,4.0,1.0,0.0
5027771,11.0,0.0,9.0,2.0,5.0,0.8181818181818182,0.0
5027773,10.0,4.0,6.0,0.0,0.0,1.4,0.4
5027777,12.0,1.0,11.0,0.0,2.0,1.0833333333333333,0.08333333333333333
5027802,14.0,7.0,7.0,0.0,6.0,1.5,0.5
5027823,11.0,10.0,1.0,0.0,1.0,1.9090909090909092,0.9090909090909091
5027879,12.0,0.0,12.0,0.0,7.0,1.0,0.0
5027895,9.0,4.0,5.0,0.0,0.0,1.4444444444444444,0.4444444444444444
5027898,6.0,1.0,5.0,0.0,1.0,1.1666666666666667,0.16666666666666666
5027923,7.0,0.0,7.0,0.0,4.0,1.0,0.0
5027925,9.0,0.0,9.0,0.0,4.0,1.0,0.0
5027930,8.0,0.0,8.0,0.0,6.0,1.0,0.0
5027943,10.0,1.0,9.0,0.0,3.0,1.1,0.1
5027955,9.0,5.0,4.0,0.0,2.0,1.5555555555555556,0.5555555555555556
5027956,7.0,0.0,4.0,3.0,3.0,0.5714285714285714,0.0
5027978,13.0,3.0,10.0,0.0,2.0,1.2307692307692308,0.23076923076923078
5027989,8.0,3.0,5.0,0.0,3.0,1.375,0.375
5027997,8.0,4.0,4.0,0.0,0.0,1.5,0.5
5028019,12.0,1.0,11.0,0.0,1.0,1.0833333333333333,0.08333333333333333
5028055,11.0,0.0,11.0,0.0,1.0,1.0,0.0
5028070,10.0,2.0,4.0,4.0,0.0,0.8,0.2
5028106,6.0,1.0,5.0,0.0,4.0,1.1666666666666667,0.16666666666666666
5028117,8.0,0.0,8.0,0.0,4.0,1.0,0.0
5028178_cleaned,7.0,3.0,4.0,0.0,1.0,1.4285714285714286,0.42857142857142855
5028194,16.0,3.0,13.0,0.0,1.0,1.1875,0.1875
5028205,8.0,1.0,7.0,0.0,2.0,1.125,0.125
5028224,11.0,1.0,10.0,0.0,0.0,1.0909090909090908,0.09090909090909091
5028231,4.0,1.0,3.0,0.0,0.0,1.25,0.25
5028266,13.0,0.0,11.0,2.0,1.0,0.8461538461538461,0.0
5028292,11.0,0.0,4.0,7.0,2.0,0.36363636363636365,0.0
5028293,17.0,6.0,11.0,0.0,0.0,1.3529411764705883,0.35294117647058826
5028326,9.0,8.0,1.0,0.0,1.0,1.8888888888888888,0.8888888888888888
5028378_cleaned,10.0,1.0,9.0,0.0,2.0,1.1,0.1
5028410,7.0,0.0,6.0,1.0,2.0,0.8571428571428571,0.0
5028420,7.0,3.0,4.0,0.0,3.0,1.4285714285714286,0.42857142857142855
5028432,6.0,1.0,5.0,0.0,2.0,1.1666666666666667,0.16666666666666666
5028435,11.0,0.0,11.0,0.0,5.0,1.0,0.0
5028466,13.0,0.0,13.0,0.0,2.0,1.0,0.0
5028477,10.0,0.0,8.0,2.0,1.0,0.8,0.0
5028543,10.0,2.0,8.0,0.0,0.0,1.2,0.2
5028551,9.0,8.0,1.0,0.0,1.0,1.8888888888888888,0.8888888888888888
5028572,3.0,0.0,3.0,0.0,1.0,1.0,0.0
5028594,9.0,2.0,7.0,0.0,1.0,1.2222222222222223,0.2222222222222222
5028611,12.0,2.0,10.0,0.0,1.0,1.1666666666666667,0.16666666666666666
5028628,13.0,2.0,11.0,0.0,5.0,1.1538461538461537,0.15384615384615385
5028639,9.0,0.0,9.0,0.0,0.0,1.0,0.0
5028675,10.0,2.0,8.0,0.0,0.0,1.2,0.2
5028683,12.0,3.0,9.0,0.0,5.0,1.25,0.25
5028727,3.0,0.0,2.0,1.0,0.0,0.6666666666666666,0.0
5028738,9.0,0.0,8.0,1.0,4.0,0.8888888888888888,0.0
5028749,14.0,2.0,12.0,0.0,0.0,1.1428571428571428,0.14285714285714285
5028784,8.0,0.0,7.0,1.0,2.0,0.875,0.0
5028800,7.0,0.0,7.0,0.0,1.0,1.0,0.0
5028809,9.0,1.0,8.0,0.0,1.0,1.1111111111111112,0.1111111111111111
5028845,9.0,3.0,6.0,0.0,1.0,1.3333333333333333,0.3333333333333333
5028865,12.0,0.0,12.0,0.0,6.0,1.0,0.0
5028870,13.0,10.0,3.0,0.0,3.0,1.7692307692307692,0.7692307692307693
5028889,10.0,0.0,6.0,4.0,2.0,0.6,0.0
5028904,5.0,0.0,1.0,4.0,1.0,0.2,0.0
5028913,6.0,0.0,5.0,1.0,0.0,0.8333333333333334,0.0
5028935,9.0,0.0,9.0,0.0,2.0,1.0,0.0
5028936,7.0,0.0,5.0,2.0,1.0,0.7142857142857143,0.0
5028940,8.0,1.0,6.0,1.0,1.0,1.0,0.125
5029013,7.0,0.0,7.0,0.0,2.0,1.0,0.0
5029016,8.0,0.0,5.0,3.0,3.0,0.625,0.0
5029038,5.0,0.0,0.0,5.0,0.0,0.0,0.0
5029089,8.0,1.0,7.0,0.0,2.0,1.125,0.125
5029100,7.0,1.0,6.0,0.0,4.0,1.1428571428571428,0.14285714285714285
5029150,14.0,6.0,8.0,0.0,1.0,1.4285714285714286,0.42857142857142855
5029159,1.0,0.0,0.0,1.0,0.0,0.0,0.0
5029262,8.0,0.0,2.0,6.0,3.0,0.25,0.0
5029286,11.0,0.0,11.0,0.0,9.0,1.0,0.0
5029287,6.0,0.0,6.0,0.0,1.0,1.0,0.0
5029304,7.0,0.0,7.0,0.0,1.0,1.0,0.0
5029377,9.0,0.0,9.0,0.0,3.0,1.0,0.0
5029544,5.0,0.0,4.0,1.0,1.0,0.8,0.0
5029630,3.0,0.0,3.0,0.0,0.0,1.0,0.0
5029694,8.0,3.0,5.0,0.0,1.0,1.375,0.375
5029699,11.0,1.0,10.0,0.0,3.0,1.0909090909090908,0.09090909090909091
5029705,18.0,1.0,12.0,5.0,1.0,0.7777777777777778,0.05555555555555555
5029716,8.0,4.0,4.0,0.0,0.0,1.5,0.5
5029720,7.0,0.0,7.0,0.0,2.0,1.0,0.0
5029743,6.0,0.0,4.0,2.0,2.0,0.6666666666666666,0.0
5029751,12.0,2.0,10.0,0.0,2.0,1.1666666666666667,0.16666666666666666
5029757,9.0,1.0,8.0,0.0,1.0,1.1111111111111112,0.1111111111111111
5029760,11.0,5.0,6.0,0.0,1.0,1.4545454545454546,0.45454545454545453
5029768,11.0,4.0,7.0,0.0,3.0,1.3636363636363635,0.36363636363636365
5029872,10.0,3.0,7.0,0.0,4.0,1.3,0.3
5029894,7.0,0.0,7.0,0.0,1.0,1.0,0.0
5029937,6.0,0.0,1.0,5.0,0.0,0.16666666666666666,0.0
5029943,6.0,0.0,6.0,0.0,2.0,1.0,0.0
5029961,8.0,0.0,8.0,0.0,1.0,1.0,0.0
5030008,7.0,3.0,4.0,0.0,4.0,1.4285714285714286,0.42857142857142855
5030046,6.0,1.0,5.0,0.0,2.0,1.1666666666666667,0.16666666666666666
5030058,6.0,0.0,6.0,0.0,2.0,1.0,0.0
5030067,17.0,0.0,17.0,0.0,6.0,1.0,0.0
5030069,12.0,0.0,12.0,0.0,2.0,1.0,0.0
5030080,12.0,0.0,12.0,0.0,5.0,1.0,0.0
5030097,7.0,1.0,6.0,0.0,0.0,1.1428571428571428,0.14285714285714285
5030125,8.0,6.0,2.0,0.0,3.0,1.75,0.75
5030127,12.0,0.0,12.0,0.0,5.0,1.0,0.0
5030159,16.0,8.0,8.0,0.0,1.0,1.5,0.5
5030194,4.0,0.0,2.0,2.0,1.0,0.5,0.0
5030243,8.0,2.0,6.0,0.0,1.0,1.25,0.25
5030250,11.0,1.0,10.0,0.0,2.0,1.0909090909090908,0.09090909090909091
5030263,8.0,3.0,5.0,0.0,3.0,1.375,0.375
5030291,9.0,0.0,9.0,0.0,2.0,1.0,0.0
5030294,11.0,0.0,11.0,0.0,5.0,1.0,0.0
5030306,7.0,0.0,7.0,0.0,2.0,1.0,0.0
5030310,12.0,1.0,11.0,0.0,7.0,1.0833333333333333,0.08333333333333333
5030352,9.0,1.0,8.0,0.0,1.0,1.1111111111111112,0.1111111111111111
5030366,13.0,4.0,7.0,2.0,3.0,1.1538461538461537,0.3076923076923077
5030436_cleaned,12.0,0.0,12.0,0.0,2.0,1.0,0.0
5030456,7.0,6.0,1.0,0.0,1.0,1.8571428571428572,0.8571428571428571
5030474,8.0,5.0,3.0,0.0,2.0,1.625,0.625
5030488,10.0,0.0,10.0,0.0,0.0,1.0,0.0
5030494,7.0,1.0,6.0,0.0,0.0,1.1428571428571428,0.14285714285714285
5030509,8.0,0.0,7.0,1.0,2.0,0.875,0.0
5030524,9.0,0.0,9.0,0.0,3.0,1.0,0.0
5030541,13.0,1.0,12.0,0.0,3.0,1.0769230769230769,0.07692307692307693
5030570,6.0,0.0,6.0,0.0,2.0,1.0,0.0
5030608,10.0,6.0,4.0,0.0,0.0,1.6,0.6
5030622,8.0,0.0,3.0,5.0,0.0,0.375,0.0
5030671,12.0,0.0,12.0,0.0,2.0,1.0,0.0
5030680,8.0,0.0,8.0,0.0,0.0,1.0,0.0
5030684,9.0,0.0,6.0,3.0,0.0,0.6666666666666666,0.0
5030685,10.0,1.0,9.0,0.0,0.0,1.1,0.1
5030686,9.0,6.0,3.0,0.0,1.0,1.6666666666666667,0.6666666666666666
5030699,11.0,7.0,4.0,0.0,1.0,1.6363636363636365,0.6363636363636364
5030704,9.0,0.0,7.0,2.0,3.0,0.7777777777777778,0.0
5030710,9.0,3.0,6.0,0.0,1.0,1.3333333333333333,0.3333333333333333
5030714_cleaned,8.0,0.0,6.0,2.0,1.0,0.75,0.0
5030718,10.0,0.0,10.0,0.0,1.0,1.0,0.0
5030722,4.0,0.0,2.0,2.0,0.0,0.5,0.0
5030725,12.0,0.0,11.0,1.0,4.0,0.9166666666666666,0.0
5030743,10.0,2.0,8.0,0.0,4.0,1.2,0.2
5030765,10.0,0.0,7.0,3.0,4.0,0.7,0.0
5030773,12.0,10.0,2.0,0.0,3.0,1.8333333333333333,0.8333333333333334
5030819,8.0,0.0,8.0,0.0,1.0,1.0,0.0
5030859,10.0,1.0,8.0,1.0,2.0,1.0,0.1
5030888,12.0,0.0,11.0,1.0,1.0,0.9166666666666666,0.0
5030894,10.0,2.0,8.0,0.0,0.0,1.2,0.2
5030896,7.0,2.0,4.0,1.0,0.0,1.1428571428571428,0.2857142857142857
5030948,13.0,0.0,11.0,2.0,1.0,0.8461538461538461,0.0
5030977,8.0,0.0,8.0,0.0,0.0,1.0,0.0
5030983,8.0,6.0,2.0,0.0,1.0,1.75,0.75
5030997,10.0,4.0,6.0,0.0,3.0,1.4,0.4
5031000,12.0,2.0,9.0,1.0,6.0,1.0833333333333333,0.16666666666666666
5031002,10.0,0.0,8.0,2.0,5.0,0.8,0.0
5031009,12.0,2.0,9.0,1.0,2.0,1.0833333333333333,0.16666666666666666
5031011,9.0,4.0,5.0,0.0,4.0,1.4444444444444444,0.4444444444444444
5031022,10.0,0.0,10.0,0.0,3.0,1.0,0.0
5031047,9.0,0.0,6.0,3.0,4.0,0.6666666666666666,0.0
5031072,9.0,3.0,6.0,0.0,1.0,1.3333333333333333,0.3333333333333333
5031073,9.0,0.0,7.0,2.0,2.0,0.7777777777777778,0.0
5031146,11.0,1.0,10.0,0.0,1.0,1.0909090909090908,0.09090909090909091
5031181,15.0,1.0,10.0,4.0,1.0,0.8,0.06666666666666667
5031224,7.0,3.0,4.0,0.0,2.0,1.4285714285714286,0.42857142857142855
5031268,9.0,0.0,9.0,0.0,2.0,1.0,0.0
5031277,8.0,6.0,2.0,0.0,2.0,1.75,0.75
5031306,8.0,0.0,6.0,2.0,3.0,0.75,0.0
5031318,12.0,1.0,11.0,0.0,1.0,1.0833333333333333,0.08333333333333333
5031341,14.0,1.0,13.0,0.0,1.0,1.0714285714285714,0.07142857142857142
5031399,7.0,4.0,3.0,0.0,4.0,1.5714285714285714,0.5714285714285714
5031403,7.0,5.0,2.0,0.0,2.0,1.7142857142857142,0.7142857142857143
5031449,8.0,1.0,4.0,3.0,0.0,0.75,0.125
5031458,6.0,0.0,3.0,3.0,2.0,0.5,0.0
5031513,9.0,2.0,7.0,0.0,0.0,1.2222222222222223,0.2222222222222222
5031514,7.0,0.0,3.0,4.0,0.0,0.42857142857142855,0.0
5031583,2.0,0.0,0.0,2.0,0.0,0.0,0.0
5031598,10.0,3.0,7.0,0.0,4.0,1.3,0.3
5031609,8.0,0.0,8.0,0.0,2.0,1.0,0.0
5031707,7.0,0.0,7.0,0.0,0.0,1.0,0.0
5031736,7.0,0.0,6.0,1.0,1.0,0.8571428571428571,0.0
5031739,3.0,0.0,3.0,0.0,0.0,1.0,0.0
5031741,9.0,0.0,9.0,0.0,2.0,1.0,0.0
5031823,9.0,0.0,9.0,0.0,4.0,1.0,0.0
5031880,3.0,0.0,3.0,0.0,0.0,1.0,0.0
5032025,7.0,0.0,6.0,1.0,1.0,0.8571428571428571,0.0
5032086,17.0,4.0,13.0,0.0,6.0,1.2352941176470589,0.23529411764705882
5032153,9.0,2.0,7.0,0.0,0.0,1.2222222222222223,0.2222222222222222
5032158,11.0,3.0,8.0,0.0,2.0,1.2727272727272727,0.2727272727272727
5032166,7.0,3.0,4.0,0.0,0.0,1.4285714285714286,0.42857142857142855
5032231,11.0,0.0,11.0,0.0,2.0,1.0,0.0
5032246,10.0,0.0,10.0,0.0,0.0,1.0,0.0
5032293,7.0,1.0,4.0,2.0,1.0,0.8571428571428571,0.14285714285714285
5032295,14.0,2.0,12.0,0.0,5.0,1.1428571428571428,0.14285714285714285
5032391,7.0,1.0,6.0,0.0,5.0,1.1428571428571428,0.14285714285714285
5034196,9.0,1.0,8.0,0.0,2.0,1.1111111111111112,0.1111111111111111
5034908,13.0,4.0,9.0,0.0,4.0,1.3076923076923077,0.3076923076923077
5035062,5.0,0.0,5.0,0.0,0.0,1.0,0.0
5035086,9.0,0.0,3.0,6.0,0.0,0.3333333333333333,0.0
5035236,8.0,2.0,6.0,0.0,2.0,1.25,0.25
5035472,8.0,2.0,6.0,0.0,0.0,1.25,0.25
5035499,4.0,0.0,2.0,2.0,0.0,0.5,0.0
5035571,6.0,0.0,4.0,2.0,1.0,0.6666666666666666,0.0
5035631,8.0,0.0,7.0,1.0,0.0,0.875,0.0
5053745,8.0,0.0,5.0,3.0,0.0,0.625,0.0
5053764,7.0,0.0,6.0,1.0,4.0,0.8571428571428571,0.0
5053766,6.0,0.0,5.0,1.0,2.0,0.8333333333333334,0.0
5053768_cleaned,8.0,4.0,4.0,0.0,1.0,1.5,0.5
5053780,12.0,4.0,8.0,0.0,3.0,1.3333333333333333,0.3333333333333333
5053818,14.0,1.0,13.0,0.0,3.0,1.0714285714285714,0.07142857142857142
5053863,10.0,0.0,10.0,0.0,1.0,1.0,0.0
5053875,8.0,0.0,6.0,2.0,1.0,0.75,0.0
5053894,8.0,0.0,5.0,3.0,4.0,0.625,0.0
5053923_cleaned,11.0,0.0,9.0,2.0,1.0,0.8181818181818182,0.0
5053944,7.0,0.0,7.0,0.0,0.0,1.0,0.0
5053960,9.0,9.0,0.0,0.0,2.0,2.0,1.0
5053989,9.0,0.0,9.0,0.0,1.0,1.0,0.0
5053999,9.0,0.0,5.0,4.0,2.0,0.5555555555555556,0.0
5054020,14.0,3.0,11.0,0.0,3.0,1.2142857142857142,0.21428571428571427
5054024,11.0,0.0,11.0,0.0,1.0,1.0,0.0
5054046,8.0,3.0,5.0,0.0,0.0,1.375,0.375
5054059,8.0,0.0,8.0,0.0,1.0,1.0,0.0
5054061,12.0,0.0,12.0,0.0,3.0,1.0,0.0
5054064,9.0,1.0,5.0,3.0,2.0,0.7777777777777778,0.1111111111111111
5054079,8.0,4.0,4.0,0.0,1.0,1.5,0.5
5054080,5.0,0.0,5.0,0.0,1.0,1.0,0.0
5054135,9.0,0.0,5.0,4.0,0.0,0.5555555555555556,0.0
5054148,2.0,0.0,0.0,2.0,0.0,0.0,0.0
5054166_cleaned,10.0,0.0,9.0,1.0,2.0,0.9,0.0
5054169,5.0,0.0,3.0,2.0,0.0,0.6,0.0
5054171,8.0,0.0,4.0,4.0,2.0,0.5,0.0
5054175,9.0,0.0,8.0,1.0,1.0,0.8888888888888888,0.0
5054247,8.0,2.0,5.0,1.0,0.0,1.125,0.25
5054253,10.0,3.0,7.0,0.0,0.0,1.3,0.3
5054259,10.0,0.0,10.0,0.0,1.0,1.0,0.0
5054277,12.0,0.0,12.0,0.0,3.0,1.0,0.0
5054284,9.0,2.0,7.0,0.0,8.0,1.2222222222222223,0.2222222222222222
5054317,1.0,0.0,0.0,1.0,1.0,0.0,0.0
5054327,7.0,0.0,7.0,0.0,2.0,1.0,0.0
5054382,11.0,0.0,11.0,0.0,0.0,1.0,0.0
5054431,3.0,0.0,2.0,1.0,1.0,0.6666666666666666,0.0
5054435,11.0,0.0,11.0,0.0,1.0,1.0,0.0
5054514,9.0,0.0,9.0,0.0,7.0,1.0,0.0
5054551,7.0,0.0,7.0,0.0,2.0,1.0,0.0
5056641_cleaned,10.0,3.0,7.0,0.0,3.0,1.3,0.3
5056843,11.0,6.0,5.0,0.0,0.0,1.5454545454545454,0.5454545454545454
5056870,8.0,2.0,5.0,1.0,1.0,1.125,0.25
5056878,8.0,0.0,4.0,4.0,1.0,0.5,0.0
5056889,6.0,0.0,4.0,2.0,2.0,0.6666666666666666,0.0
5056904,6.0,5.0,1.0,0.0,2.0,1.8333333333333333,0.8333333333333334
5056906,9.0,0.0,9.0,0.0,2.0,1.0,0.0
5056919,14.0,0.0,14.0,0.0,1.0,1.0,0.0
5056926,15.0,1.0,6.0,8.0,5.0,0.5333333333333333,0.06666666666666667
5056968,13.0,0.0,9.0,4.0,0.0,0.6923076923076923,0.0
5056984,12.0,5.0,7.0,0.0,5.0,1.4166666666666667,0.4166666666666667
5056990,9.0,0.0,5.0,4.0,1.0,0.5555555555555556,0.0
5057027,15.0,0.0,11.0,4.0,5.0,0.7333333333333333,0.0
5057028,8.0,0.0,1.0,7.0,0.0,0.125,0.0
5057054,7.0,0.0,4.0,3.0,2.0,0.5714285714285714,0.0
5057064,7.0,0.0,7.0,0.0,2.0,1.0,0.0
5057092,6.0,5.0,1.0,0.0,3.0,1.8333333333333333,0.8333333333333334
5057102,9.0,0.0,9.0,0.0,3.0,1.0,0.0
5057136,10.0,0.0,5.0,5.0,1.0,0.5,0.0
5057138,5.0,0.0,2.0,3.0,0.0,0.4,0.0
5057158,6.0,0.0,5.0,1.0,0.0,0.8333333333333334,0.0
5057163_cleaned,4.0,0.0,1.0,3.0,2.0,0.25,0.0
5057166,8.0,0.0,5.0,3.0,0.0,0.625,0.0
5057207,14.0,0.0,14.0,0.0,5.0,1.0,0.0
5057232,9.0,1.0,7.0,1.0,1.0,1.0,0.1111111111111111
5057247,7.0,0.0,7.0,0.0,0.0,1.0,0.0
5057258,6.0,0.0,5.0,1.0,2.0,0.8333333333333334,0.0
5057259_cleaned,9.0,1.0,8.0,0.0,5.0,1.1111111111111112,0.1111111111111111
5057274,9.0,0.0,7.0,2.0,1.0,0.7777777777777778,0.0
5057363,10.0,0.0,10.0,0.0,5.0,1.0,0.0
5057402,5.0,1.0,4.0,0.0,1.0,1.2,0.2
5057451,6.0,0.0,6.0,0.0,1.0,1.0,0.0
5057483,7.0,0.0,7.0,0.0,0.0,1.0,0.0
5057535,4.0,0.0,2.0,2.0,1.0,0.5,0.0
5057618,9.0,0.0,9.0,0.0,1.0,1.0,0.0
5057624,5.0,0.0,4.0,1.0,0.0,0.8,0.0
5057780,9.0,4.0,5.0,0.0,2.0,1.4444444444444444,0.4444444444444444
5057802,9.0,1.0,8.0,0.0,0.0,1.1111111111111112,0.1111111111111111
5057845,10.0,2.0,8.0,0.0,0.0,1.2,0.2
5057880,3.0,1.0,1.0,1.0,0.0,1.0,0.3333333333333333
5057892,9.0,2.0,7.0,0.0,3.0,1.2222222222222223,0.2222222222222222
5057996,6.0,0.0,6.0,0.0,2.0,1.0,0.0
5058061,9.0,0.0,8.0,1.0,1.0,0.8888888888888888,0.0
5058093,1.0,0.0,0.0,1.0,0.0,0.0,0.0
5058375,10.0,0.0,10.0,0.0,7.0,1.0,0.0
5058379,4.0,0.0,1.0,3.0,1.0,0.25,0.0
5058492,6.0,1.0,5.0,0.0,1.0,1.1666666666666667,0.16666666666666666
5058680,10.0,0.0,10.0,0.0,1.0,1.0,0.0
5058710,1.0,0.0,0.0,1.0,0.0,0.0,0.0
5058731,9.0,5.0,4.0,0.0,0.0,1.5555555555555556,0.5555555555555556
5058732,3.0,0.0,3.0,0.0,0.0,1.0,0.0
5058953,11.0,0.0,11.0,0.0,4.0,1.0,0.0
5058970,9.0,6.0,3.0,0.0,4.0,1.6666666666666667,0.6666666666666666
5059106,9.0,0.0,9.0,0.0,3.0,1.0,0.0
5059139,9.0,0.0,4.0,5.0,1.0,0.4444444444444444,0.0
5059170,16.0,3.0,13.0,0.0,4.0,1.1875,0.1875
5059210,13.0,0.0,7.0,6.0,5.0,0.5384615384615384,0.0
5059223,9.0,0.0,8.0,1.0,5.0,0.8888888888888888,0.0
5059288,8.0,1.0,7.0,0.0,3.0,1.125,0.125
5059303,12.0,0.0,12.0,0.0,6.0,1.0,0.0
5059386,5.0,0.0,3.0,2.0,1.0,0.6,0.0
5059402,9.0,0.0,8.0,1.0,0.0,0.8888888888888888,0.0
5059663,7.0,1.0,4.0,2.0,3.0,0.8571428571428571,0.14285714285714285
5059742,9.0,0.0,8.0,1.0,7.0,0.8888888888888888,0.0
5059788,15.0,6.0,9.0,0.0,2.0,1.4,0.4
5059874,12.0,0.0,10.0,2.0,7.0,0.8333333333333334,0.0
5059984,7.0,0.0,7.0,0.0,1.0,1.0,0.0
5060019,6.0,0.0,5.0,1.0,1.0,0.8333333333333334,0.0
5060077,5.0,0.0,5.0,0.0,1.0,1.0,0.0
5060092,7.0,1.0,6.0,0.0,0.0,1.1428571428571428,0.14285714285714285
5060102,7.0,1.0,5.0,1.0,0.0,1.0,0.14285714285714285
5060131,3.0,0.0,1.0,2.0,2.0,0.3333333333333333,0.0
5060192,10.0,0.0,10.0,0.0,2.0,1.0,0.0
5060201,7.0,0.0,5.0,2.0,0.0,0.7142857142857143,0.0
5060205,11.0,0.0,2.0,9.0,0.0,0.18181818181818182,0.0
5060209,10.0,2.0,8.0,0.0,3.0,1.2,0.2
5060248,12.0,0.0,12.0,0.0,1.0,1.0,0.0
5060316,8.0,0.0,8.0,0.0,2.0,1.0,0.0
5060344_cleaned,2.0,0.0,1.0,1.0,0.0,0.5,0.0
5060363,6.0,1.0,5.0,0.0,0.0,1.1666666666666667,0.16666666666666666
5060439,8.0,0.0,8.0,0.0,2.0,1.0,0.0
5060546,7.0,0.0,7.0,0.0,5.0,1.0,0.0
5060587,10.0,0.0,9.0,1.0,0.0,0.9,0.0
5060598,8.0,0.0,5.0,3.0,2.0,0.625,0.0
5060609,13.0,0.0,12.0,1.0,4.0,0.9230769230769231,0.0
5060659,7.0,2.0,5.0,0.0,2.0,1.2857142857142858,0.2857142857142857
5060665,5.0,0.0,4.0,1.0,2.0,0.8,0.0
5060705,7.0,0.0,2.0,5.0,1.0,0.2857142857142857,0.0
5060760,4.0,0.0,3.0,1.0,0.0,0.75,0.0
5060764,8.0,1.0,7.0,0.0,1.0,1.125,0.125
5060822,8.0,0.0,8.0,0.0,3.0,1.0,0.0
5060863,10.0,1.0,9.0,0.0,4.0,1.1,0.1
5060918,9.0,2.0,7.0,0.0,6.0,1.2222222222222223,0.2222222222222222
5060930,12.0,0.0,12.0,0.0,4.0,1.0,0.0
5060965,4.0,2.0,2.0,0.0,0.0,1.5,0.5
5060987,12.0,0.0,10.0,2.0,4.0,0.8333333333333334,0.0
5060991,4.0,0.0,4.0,0.0,1.0,1.0,0.0
5060997,10.0,0.0,10.0,0.0,6.0,1.0,0.0
5061077,8.0,0.0,8.0,0.0,2.0,1.0,0.0
5061108,5.0,0.0,2.0,3.0,0.0,0.4,0.0
5061109,8.0,3.0,5.0,0.0,7.0,1.375,0.375
5061122,9.0,0.0,9.0,0.0,0.0,1.0,0.0
5061145,6.0,0.0,4.0,2.0,0.0,0.6666666666666666,0.0
5061211,8.0,0.0,7.0,1.0,1.0,0.875,0.0
5061280,9.0,0.0,9.0,0.0,2.0,1.0,0.0
5061353,11.0,0.0,10.0,1.0,6.0,0.9090909090909091,0.0
5061390,11.0,2.0,9.0,0.0,1.0,1.1818181818181819,0.18181818181818182
5061403,4.0,0.0,1.0,3.0,1.0,0.25,0.0
5061406,9.0,1.0,8.0,0.0,1.0,1.1111111111111112,0.1111111111111111
5061444,5.0,0.0,3.0,2.0,1.0,0.6,0.0
5061546,7.0,6.0,1.0,0.0,3.0,1.8571428571428572,0.8571428571428571
5061787,6.0,0.0,2.0,4.0,1.0,0.3333333333333333,0.0
5061836,9.0,3.0,5.0,1.0,0.0,1.2222222222222223,0.3333333333333333
5061843,9.0,0.0,8.0,1.0,2.0,0.8888888888888888,0.0
5061910,10.0,10.0,0.0,0.0,4.0,2.0,1.0
5061932,2.0,0.0,0.0,2.0,0.0,0.0,0.0
5061941,6.0,0.0,1.0,5.0,0.0,0.16666666666666666,0.0
5061947,12.0,5.0,7.0,0.0,2.0,1.4166666666666667,0.4166666666666667
5061948,9.0,0.0,9.0,0.0,1.0,1.0,0.0
5061950,7.0,0.0,5.0,2.0,1.0,0.7142857142857143,0.0
5061984,12.0,0.0,9.0,3.0,0.0,0.75,0.0
5061998,9.0,0.0,9.0,0.0,1.0,1.0,0.0
5061999,10.0,5.0,5.0,0.0,0.0,1.5,0.5
5062010,12.0,4.0,6.0,2.0,2.0,1.1666666666666667,0.3333333333333333
5062019,10.0,4.0,6.0,0.0,1.0,1.4,0.4
5062043,9.0,0.0,5.0,4.0,0.0,0.5555555555555556,0.0
5062086,8.0,1.0,5.0,2.0,1.0,0.875,0.125
5062109,5.0,0.0,5.0,0.0,0.0,1.0,0.0
5062117,16.0,10.0,6.0,0.0,1.0,1.625,0.625
5062189,11.0,11.0,0.0,0.0,0.0,2.0,1.0
5062208,8.0,0.0,4.0,4.0,3.0,0.5,0.0
5062273,6.0,0.0,4.0,2.0,2.0,0.6666666666666666,0.0
5062301,7.0,6.0,1.0,0.0,2.0,1.8571428571428572,0.8571428571428571
5062339,7.0,0.0,4.0,3.0,2.0,0.5714285714285714,0.0
5062415,9.0,0.0,9.0,0.0,2.0,1.0,0.0
5062428,8.0,1.0,7.0,0.0,1.0,1.125,0.125
5062454,14.0,0.0,8.0,6.0,1.0,0.5714285714285714,0.0
5062497,7.0,1.0,4.0,2.0,1.0,0.8571428571428571,0.14285714285714285
5062524,8.0,1.0,7.0,0.0,4.0,1.125,0.125
5062551,9.0,0.0,1.0,8.0,0.0,0.1111111111111111,0.0
5062559,9.0,4.0,5.0,0.0,0.0,1.4444444444444444,0.4444444444444444
5062561,9.0,0.0,9.0,0.0,1.0,1.0,0.0
5062578,12.0,0.0,12.0,0.0,3.0,1.0,0.0
5062636,3.0,1.0,1.0,1.0,1.0,1.0,0.3333333333333333
5062683,3.0,1.0,0.0,2.0,0.0,0.6666666666666666,0.3333333333333333
5062733,7.0,1.0,6.0,0.0,1.0,1.1428571428571428,0.14285714285714285
5062801_cleaned,8.0,0.0,6.0,2.0,1.0,0.75,0.0
5062838,5.0,1.0,2.0,2.0,2.0,0.8,0.2
5062953,9.0,0.0,8.0,1.0,1.0,0.8888888888888888,0.0
5063177,12.0,1.0,11.0,0.0,4.0,1.0833333333333333,0.08333333333333333
5063882,14.0,2.0,11.0,1.0,5.0,1.0714285714285714,0.14285714285714285
5063992,14.0,13.0,1.0,0.0,3.0,1.9285714285714286,0.9285714285714286
5064333,12.0,0.0,12.0,0.0,0.0,1.0,0.0
5064713,9.0,3.0,6.0,0.0,1.0,1.3333333333333333,0.3333333333333333
5064858,7.0,1.0,6.0,0.0,5.0,1.1428571428571428,0.14285714285714285
5065548,9.0,1.0,7.0,1.0,0.0,1.0,0.1111111111111111
5066536,2.0,0.0,1.0,1.0,0.0,0.5,0.0
5066739,1.0,0.0,0.0,1.0,0.0,0.0,0.0
5067541,4.0,0.0,3.0,1.0,2.0,0.75,0.0
5068168,7.0,1.0,5.0,1.0,0.0,1.0,0.14285714285714285
5068475,13.0,3.0,10.0,0.0,4.0,1.2307692307692308,0.23076923076923078
5068506,14.0,1.0,13.0,0.0,2.0,1.0714285714285714,0.07142857142857142
5069238,11.0,0.0,10.0,1.0,3.0,0.9090909090909091,0.0
5069341,6.0,0.0,4.0,2.0,0.0,0.6666666666666666,0.0
5069372,11.0,0.0,11.0,0.0,1.0,1.0,0.0
5069437,9.0,0.0,9.0,0.0,0.0,1.0,0.0
5069869,8.0,0.0,8.0,0.0,3.0,1.0,0.0
5069889,6.0,0.0,5.0,1.0,4.0,0.8333333333333334,0.0
5069957,3.0,0.0,1.0,2.0,2.0,0.3333333333333333,0.0
5070935,10.0,2.0,8.0,0.0,1.0,1.2,0.2
5071017,10.0,1.0,9.0,0.0,2.0,1.1,0.1
5071314,6.0,0.0,5.0,1.0,1.0,0.8333333333333334,0.0
5071385,7.0,0.0,6.0,1.0,1.0,0.8571428571428571,0.0
5071742,15.0,0.0,15.0,0.0,8.0,1.0,0.0
5071748,4.0,0.0,0.0,4.0,2.0,0.0,0.0
5071847,12.0,0.0,5.0,7.0,1.0,0.4166666666666667,0.0
5071905,8.0,2.0,6.0,0.0,1.0,1.25,0.25
5071958,11.0,2.0,9.0,0.0,0.0,1.1818181818181819,0.18181818181818182
5072005,7.0,1.0,6.0,0.0,3.0,1.1428571428571428,0.14285714285714285
5072492,12.0,7.0,5.0,0.0,0.0,1.5833333333333333,0.5833333333333334
5072512,5.0,1.0,3.0,1.0,0.0,1.0,0.2
5072554,9.0,7.0,2.0,0.0,5.0,1.7777777777777777,0.7777777777777778
5072654,10.0,0.0,10.0,0.0,2.0,1.0,0.0
5072772,6.0,0.0,6.0,0.0,0.0,1.0,0.0
5072827,10.0,4.0,6.0,0.0,3.0,1.4,0.4
5072845,2.0,0.0,2.0,0.0,0.0,1.0,0.0
5072880,9.0,0.0,9.0,0.0,2.0,1.0,0.0
5072940,18.0,1.0,15.0,2.0,5.0,0.9444444444444444,0.05555555555555555
5073156,7.0,0.0,7.0,0.0,3.0,1.0,0.0
5073227,8.0,1.0,7.0,0.0,3.0,1.125,0.125
5073686,4.0,0.0,4.0,0.0,1.0,1.0,0.0
5073746,2.0,0.0,0.0,2.0,0.0,0.0,0.0
5074073,12.0,1.0,11.0,0.0,1.0,1.0833333333333333,0.08333333333333333
5074188,7.0,4.0,3.0,0.0,1.0,1.5714285714285714,0.5714285714285714
5074440,7.0,2.0,5.0,0.0,1.0,1.2857142857142858,0.2857142857142857
5074475,8.0,1.0,7.0,0.0,2.0,1.125,0.125
5074482,15.0,9.0,6.0,0.0,5.0,1.6,0.6
5074545,7.0,0.0,6.0,1.0,1.0,0.8571428571428571,0.0
5074547,6.0,0.0,4.0,2.0,4.0,0.6666666666666666,0.0
5074557,8.0,0.0,4.0,4.0,1.0,0.5,0.0
5074563,10.0,3.0,7.0,0.0,0.0,1.3,0.3
5074590,3.0,0.0,0.0,3.0,2.0,0.0,0.0
5074621,9.0,1.0,8.0,0.0,0.0,1.1111111111111112,0.1111111111111111
5074631,2.0,0.0,0.0,2.0,2.0,0.0,0.0
5074640,10.0,0.0,8.0,2.0,2.0,0.8,0.0
5074653,5.0,1.0,4.0,0.0,1.0,1.2,0.2
5074681,8.0,0.0,7.0,1.0,2.0,0.875,0.0
5074688,8.0,0.0,1.0,7.0,1.0,0.125,0.0
5074693,7.0,2.0,5.0,0.0,2.0,1.2857142857142858,0.2857142857142857
5074726,6.0,0.0,4.0,2.0,1.0,0.6666666666666666,0.0
5074756,12.0,0.0,10.0,2.0,0.0,0.8333333333333334,0.0
5074764,9.0,0.0,9.0,0.0,2.0,1.0,0.0
5074776,7.0,1.0,5.0,1.0,3.0,1.0,0.14285714285714285
5074788,7.0,0.0,5.0,2.0,0.0,0.7142857142857143,0.0
5074833,6.0,0.0,5.0,1.0,2.0,0.8333333333333334,0.0
5074859,11.0,0.0,11.0,0.0,1.0,1.0,0.0
5074868,7.0,1.0,6.0,0.0,0.0,1.1428571428571428,0.14285714285714285
5074873,7.0,2.0,5.0,0.0,3.0,1.2857142857142858,0.2857142857142857
5074884,7.0,2.0,5.0,0.0,0.0,1.2857142857142858,0.2857142857142857
5074899,9.0,0.0,9.0,0.0,5.0,1.0,0.0
5074902,6.0,0.0,5.0,1.0,1.0,0.8333333333333334,0.0
5074914,8.0,0.0,8.0,0.0,3.0,1.0,0.0
5074960,10.0,0.0,10.0,0.0,1.0,1.0,0.0
5074965,8.0,0.0,8.0,0.0,4.0,1.0,0.0
5074983,4.0,0.0,0.0,4.0,0.0,0.0,0.0
5075042,1.0,0.0,0.0,1.0,0.0,0.0,0.0
5075063,3.0,0.0,3.0,0.0,0.0,1.0,0.0
5075127,7.0,0.0,7.0,0.0,0.0,1.0,0.0
5075147,9.0,0.0,9.0,0.0,3.0,1.0,0.0
5075162,8.0,0.0,8.0,0.0,1.0,1.0,0.0
5076078,13.0,2.0,11.0,0.0,1.0,1.1538461538461537,0.15384615384615385
5076079,11.0,3.0,8.0,0.0,1.0,1.2727272727272727,0.2727272727272727
5076080,9.0,1.0,8.0,0.0,0.0,1.1111111111111112,0.1111111111111111
5076096,11.0,0.0,7.0,4.0,1.0,0.6363636363636364,0.0
5076108_cleaned,10.0,3.0,7.0,0.0,4.0,1.3,0.3
5076115,10.0,0.0,9.0,1.0,0.0,0.9,0.0
5076120,8.0,0.0,8.0,0.0,4.0,1.0,0.0
5076129_cleaned,15.0,8.0,7.0,0.0,1.0,1.5333333333333334,0.5333333333333333
5076143,6.0,0.0,0.0,6.0,0.0,0.0,0.0
5076149,14.0,3.0,10.0,1.0,5.0,1.1428571428571428,0.21428571428571427
5076150,7.0,1.0,6.0,0.0,3.0,1.1428571428571428,0.14285714285714285
5076153,10.0,0.0,6.0,4.0,2.0,0.6,0.0
5076160,9.0,0.0,8.0,1.0,3.0,0.8888888888888888,0.0
5076193,9.0,0.0,9.0,0.0,2.0,1.0,0.0
5076215,13.0,1.0,12.0,0.0,1.0,1.0769230769230769,0.07692307692307693
5076241,3.0,0.0,3.0,0.0,1.0,1.0,0.0
5076255,15.0,12.0,3.0,0.0,5.0,1.8,0.8
5076266,2.0,0.0,1.0,1.0,1.0,0.5,0.0
5076280,7.0,1.0,0.0,6.0,2.0,0.2857142857142857,0.14285714285714285
5076296,10.0,3.0,7.0,0.0,1.0,1.3,0.3
5076299,6.0,0.0,2.0,4.0,0.0,0.3333333333333333,0.0
5076319,8.0,0.0,8.0,0.0,1.0,1.0,0.0
5076327,13.0,3.0,9.0,1.0,0.0,1.1538461538461537,0.23076923076923078
5076349,7.0,0.0,5.0,2.0,1.0,0.7142857142857143,0.0
5076385,9.0,1.0,6.0,2.0,3.0,0.8888888888888888,0.1111111111111111
5076391,3.0,0.0,1.0,2.0,1.0,0.3333333333333333,0.0
5076393,9.0,0.0,9.0,0.0,2.0,1.0,0.0
5076407_cleaned,6.0,0.0,5.0,1.0,1.0,0.8333333333333334,0.0
5076411,9.0,0.0,5.0,4.0,1.0,0.5555555555555556,0.0
5076412,9.0,0.0,9.0,0.0,1.0,1.0,0.0
5076421,8.0,0.0,7.0,1.0,3.0,0.875,0.0
5076422,11.0,10.0,1.0,0.0,4.0,1.9090909090909092,0.9090909090909091
5076429_cleaned,11.0,5.0,6.0,0.0,2.0,1.4545454545454546,0.45454545454545453
5076453,6.0,0.0,1.0,5.0,1.0,0.16666666666666666,0.0
5076454,8.0,0.0,3.0,5.0,1.0,0.375,0.0
5076459,7.0,1.0,6.0,0.0,2.0,1.1428571428571428,0.14285714285714285
5076495_cleaned,15.0,8.0,7.0,0.0,3.0,1.5333333333333334,0.5333333333333333
5076514,12.0,3.0,9.0,0.0,2.0,1.25,0.25
5076519,10.0,0.0,10.0,0.0,1.0,1.0,0.0
5076545,8.0,0.0,3.0,5.0,2.0,0.375,0.0
5076563,9.0,2.0,7.0,0.0,2.0,1.2222222222222223,0.2222222222222222
5076572,7.0,0.0,7.0,0.0,1.0,1.0,0.0
5076589,12.0,8.0,4.0,0.0,1.0,1.6666666666666667,0.6666666666666666
5076695,9.0,0.0,9.0,0.0,1.0,1.0,0.0
5076699_cleaned,10.0,0.0,10.0,0.0,1.0,1.0,0.0
5076701,8.0,1.0,7.0,0.0,0.0,1.125,0.125
5076707,15.0,1.0,14.0,0.0,1.0,1.0666666666666667,0.06666666666666667
5076709,10.0,2.0,8.0,0.0,5.0,1.2,0.2
5076730,9.0,0.0,8.0,1.0,1.0,0.8888888888888888,0.0
5076734,11.0,8.0,3.0,0.0,2.0,1.7272727272727273,0.7272727272727273
5076755,15.0,9.0,6.0,0.0,3.0,1.6,0.6
5076756,8.0,0.0,7.0,1.0,0.0,0.875,0.0
5076765,13.0,2.0,9.0,2.0,3.0,1.0,0.15384615384615385
5076776,8.0,1.0,3.0,4.0,3.0,0.625,0.125
5076783,17.0,2.0,10.0,5.0,6.0,0.8235294117647058,0.11764705882352941
5076794,9.0,3.0,5.0,1.0,1.0,1.2222222222222223,0.3333333333333333
5076816_cleaned,13.0,2.0,11.0,0.0,4.0,1.1538461538461537,0.15384615384615385
5076821,14.0,0.0,13.0,1.0,1.0,0.9285714285714286,0.0
5076847,11.0,0.0,11.0,0.0,2.0,1.0,0.0
5076856,12.0,0.0,12.0,0.0,3.0,1.0,0.0
5076881,19.0,3.0,16.0,0.0,3.0,1.1578947368421053,0.15789473684210525
5076886,8.0,0.0,8.0,0.0,1.0,1.0,0.0
5076890,9.0,2.0,7.0,0.0,1.0,1.2222222222222223,0.2222222222222222
5076904,10.0,0.0,10.0,0.0,0.0,1.0,0.0
5076932,10.0,3.0,7.0,0.0,1.0,1.3,0.3
5076968,10.0,1.0,9.0,0.0,6.0,1.1,0.1
5076974,9.0,0.0,9.0,0.0,4.0,1.0,0.0
5076975,8.0,0.0,8.0,0.0,0.0,1.0,0.0
5076980,7.0,1.0,6.0,0.0,2.0,1.1428571428571428,0.14285714285714285
5076990,4.0,1.0,3.0,0.0,2.0,1.25,0.25
5077005,15.0,0.0,15.0,0.0,1.0,1.0,0.0
5077074,10.0,0.0,10.0,0.0,3.0,1.0,0.0
5077076,17.0,0.0,16.0,1.0,1.0,0.9411764705882353,0.0
5077079,14.0,0.0,14.0,0.0,0.0,1.0,0.0
5077096,10.0,0.0,10.0,0.0,1.0,1.0,0.0
5077105,1.0,0.0,0.0,1.0,0.0,0.0,0.0
5077111,10.0,0.0,9.0,1.0,5.0,0.9,0.0
5077131,6.0,0.0,6.0,0.0,4.0,1.0,0.0
5077151,7.0,0.0,7.0,0.0,1.0,1.0,0.0
5077155,8.0,0.0,8.0,0.0,0.0,1.0,0.0
5077175,15.0,0.0,15.0,0.0,1.0,1.0,0.0
5077181,10.0,0.0,10.0,0.0,0.0,1.0,0.0
5077271,9.0,3.0,6.0,0.0,0.0,1.3333333333333333,0.3333333333333333
5077274,11.0,0.0,11.0,0.0,2.0,1.0,0.0
5077301,6.0,0.0,2.0,4.0,0.0,0.3333333333333333,0.0
5077309,12.0,0.0,12.0,0.0,6.0,1.0,0.0
5077331,10.0,1.0,9.0,0.0,1.0,1.1,0.1
5077338,8.0,0.0,8.0,0.0,1.0,1.0,0.0
5077385,13.0,0.0,13.0,0.0,3.0,1.0,0.0
5077401,12.0,1.0,11.0,0.0,2.0,1.0833333333333333,0.08333333333333333
5077412,1.0,0.0,1.0,0.0,0.0,1.0,0.0
5077467,7.0,1.0,6.0,0.0,0.0,1.1428571428571428,0.14285714285714285
5077469,8.0,0.0,8.0,0.0,3.0,1.0,0.0
5077494,10.0,0.0,10.0,0.0,0.0,1.0,0.0
5079521,7.0,0.0,7.0,0.0,0.0,1.0,0.0
5079563,7.0,1.0,6.0,0.0,3.0,1.1428571428571428,0.14285714285714285
5079568_cleaned,5.0,1.0,4.0,0.0,4.0,1.2,0.2
5079589,10.0,0.0,9.0,1.0,4.0,0.9,0.0
5079601,6.0,0.0,5.0,1.0,1.0,0.8333333333333334,0.0
5079619,7.0,0.0,5.0,2.0,2.0,0.7142857142857143,0.0
5079623,7.0,0.0,7.0,0.0,1.0,1.0,0.0
5079624,18.0,0.0,13.0,5.0,2.0,0.7222222222222222,0.0
5079641,6.0,0.0,1.0,5.0,0.0,0.16666666666666666,0.0
5079646,2.0,0.0,0.0,2.0,0.0,0.0,0.0
5079652,17.0,1.0,15.0,1.0,4.0,1.0,0.058823529411764705
5079654_cleaned,6.0,0.0,6.0,0.0,1.0,1.0,0.0
5079677,6.0,4.0,2.0,0.0,1.0,1.6666666666666667,0.6666666666666666
5079680,9.0,0.0,9.0,0.0,3.0,1.0,0.0
5079683,9.0,1.0,8.0,0.0,2.0,1.1111111111111112,0.1111111111111111
5079702,13.0,7.0,6.0,0.0,1.0,1.5384615384615385,0.5384615384615384
5079720,9.0,3.0,6.0,0.0,1.0,1.3333333333333333,0.3333333333333333
5079735,11.0,0.0,11.0,0.0,1.0,1.0,0.0
5079772,8.0,3.0,5.0,0.0,0.0,1.375,0.375
5079773,14.0,1.0,12.0,1.0,5.0,1.0,0.07142857142857142
5079784,10.0,0.0,9.0,1.0,1.0,0.9,0.0
5079788,4.0,0.0,1.0,3.0,0.0,0.25,0.0
5079790,6.0,0.0,4.0,2.0,1.0,0.6666666666666666,0.0
5079792,11.0,0.0,11.0,0.0,2.0,1.0,0.0
5079793,7.0,2.0,5.0,0.0,0.0,1.2857142857142858,0.2857142857142857
5079797,10.0,1.0,9.0,0.0,0.0,1.1,0.1
5079803,4.0,0.0,0.0,4.0,1.0,0.0,0.0
5079807,8.0,0.0,8.0,0.0,3.0,1.0,0.0
5079819,8.0,0.0,5.0,3.0,0.0,0.625,0.0
5079828,9.0,0.0,8.0,1.0,6.0,0.8888888888888888,0.0
5079847,9.0,0.0,8.0,1.0,1.0,0.8888888888888888,0.0
5079867,9.0,0.0,9.0,0.0,0.0,1.0,0.0
5079880,4.0,0.0,4.0,0.0,2.0,1.0,0.0
5079895,6.0,2.0,4.0,0.0,2.0,1.3333333333333333,0.3333333333333333
5079910,10.0,0.0,10.0,0.0,4.0,1.0,0.0
5079930,9.0,0.0,9.0,0.0,1.0,1.0,0.0
5079941,7.0,0.0,7.0,0.0,1.0,1.0,0.0
5079959,11.0,4.0,7.0,0.0,3.0,1.3636363636363635,0.36363636363636365
5079993,3.0,0.0,0.0,3.0,0.0,0.0,0.0
5080000,8.0,0.0,8.0,0.0,0.0,1.0,0.0
5080004,3.0,0.0,1.0,2.0,1.0,0.3333333333333333,0.0
5080022,8.0,0.0,8.0,0.0,1.0,1.0,0.0
5080028,9.0,0.0,9.0,0.0,4.0,1.0,0.0
5080035,7.0,0.0,7.0,0.0,0.0,1.0,0.0
5080054,8.0,0.0,3.0,5.0,3.0,0.375,0.0
5080065,9.0,0.0,8.0,1.0,1.0,0.8888888888888888,0.0
5080077,6.0,0.0,6.0,0.0,1.0,1.0,0.0
5080079,8.0,0.0,8.0,0.0,1.0,1.0,0.0
5080110,5.0,0.0,5.0,0.0,0.0,1.0,0.0
5080137,6.0,0.0,6.0,0.0,1.0,1.0,0.0
5080158,6.0,0.0,6.0,0.0,0.0,1.0,0.0
5080161,9.0,0.0,9.0,0.0,4.0,1.0,0.0
5080204,4.0,0.0,4.0,0.0,2.0,1.0,0.0
5080211,6.0,0.0,5.0,1.0,2.0,0.8333333333333334,0.0
5080239,7.0,5.0,2.0,0.0,3.0,1.7142857142857142,0.7142857142857143
5080304,9.0,0.0,9.0,0.0,1.0,1.0,0.0
5080319,1.0,0.0,0.0,1.0,1.0,0.0,0.0
5080343,4.0,0.0,4.0,0.0,0.0,1.0,0.0
5080366,9.0,0.0,9.0,0.0,1.0,1.0,0.0
5080367,9.0,0.0,8.0,1.0,0.0,0.8888888888888888,0.0
5080369,2.0,0.0,1.0,1.0,0.0,0.5,0.0
5080390,1.0,0.0,0.0,1.0,0.0,0.0,0.0
5080406,9.0,0.0,9.0,0.0,4.0,1.0,0.0
5080425,6.0,0.0,6.0,0.0,0.0,1.0,0.0
5080436,7.0,0.0,7.0,0.0,1.0,1.0,0.0
5080446,8.0,0.0,8.0,0.0,2.0,1.0,0.0
5080456,6.0,0.0,6.0,0.0,4.0,1.0,0.0
5080461,7.0,0.0,7.0,0.0,2.0,1.0,0.0
5080463,5.0,0.0,5.0,0.0,1.0,1.0,0.0
5080600,5.0,0.0,5.0,0.0,2.0,1.0,0.0
5080601,10.0,0.0,10.0,0.0,2.0,1.0,0.0
5080605,11.0,0.0,11.0,0.0,0.0,1.0,0.0
5080628,8.0,0.0,8.0,0.0,4.0,1.0,0.0
5080630,1.0,0.0,0.0,1.0,0.0,0.0,0.0
5080723,8.0,1.0,7.0,0.0,5.0,1.125,0.125
5083287,14.0,4.0,9.0,1.0,0.0,1.2142857142857142,0.2857142857142857
5083324,11.0,1.0,9.0,1.0,1.0,1.0,0.09090909090909091
5083334,11.0,0.0,8.0,3.0,5.0,0.7272727272727273,0.0
5083338,12.0,0.0,10.0,2.0,1.0,0.8333333333333334,0.0
5083348,13.0,5.0,7.0,1.0,2.0,1.3076923076923077,0.38461538461538464
5083384,9.0,0.0,4.0,5.0,1.0,0.4444444444444444,0.0
5083386,14.0,7.0,7.0,0.0,1.0,1.5,0.5
5083398,15.0,0.0,13.0,2.0,8.0,0.8666666666666667,0.0
5083412,12.0,6.0,6.0,0.0,0.0,1.5,0.5
5083426,8.0,0.0,8.0,0.0,3.0,1.0,0.0
5083431,9.0,3.0,6.0,0.0,3.0,1.3333333333333333,0.3333333333333333
5083432,10.0,2.0,7.0,1.0,1.0,1.1,0.2
5083437,9.0,0.0,5.0,4.0,1.0,0.5555555555555556,0.0
5083438_cleaned,16.0,1.0,13.0,2.0,1.0,0.9375,0.0625
5083439,12.0,0.0,12.0,0.0,4.0,1.0,0.0
5083440,9.0,3.0,6.0,0.0,2.0,1.3333333333333333,0.3333333333333333
5083471,11.0,5.0,6.0,0.0,6.0,1.4545454545454546,0.45454545454545453
5083475,16.0,6.0,10.0,0.0,2.0,1.375,0.375
5083518,12.0,11.0,1.0,0.0,4.0,1.9166666666666667,0.9166666666666666
5083527,8.0,3.0,5.0,0.0,4.0,1.375,0.375
5083556,9.0,0.0,9.0,0.0,2.0,1.0,0.0
5083562,13.0,4.0,9.0,0.0,4.0,1.3076923076923077,0.3076923076923077
5083565,11.0,1.0,10.0,0.0,5.0,1.0909090909090908,0.09090909090909091
5083569,12.0,0.0,12.0,0.0,4.0,1.0,0.0
5083572,9.0,0.0,9.0,0.0,4.0,1.0,0.0
5083580,12.0,9.0,3.0,0.0,7.0,1.75,0.75
5084329,8.0,1.0,7.0,0.0,3.0,1.125,0.125
5084442,9.0,0.0,8.0,1.0,0.0,0.8888888888888888,0.0
5084456,12.0,6.0,6.0,0.0,1.0,1.5,0.5
5084527,15.0,0.0,15.0,0.0,0.0,1.0,0.0
5084551,9.0,0.0,9.0,0.0,5.0,1.0,0.0
5084571,9.0,1.0,8.0,0.0,4.0,1.1111111111111112,0.1111111111111111
5084610,9.0,0.0,9.0,0.0,4.0,1.0,0.0
5084641,11.0,1.0,10.0,0.0,0.0,1.0909090909090908,0.09090909090909091
5084660,9.0,0.0,9.0,0.0,3.0,1.0,0.0
5084688,10.0,2.0,6.0,2.0,1.0,1.0,0.2
5084784,5.0,0.0,3.0,2.0,1.0,0.6,0.0
5084872,7.0,2.0,5.0,0.0,0.0,1.2857142857142858,0.2857142857142857
5084918,12.0,0.0,12.0,0.0,4.0,1.0,0.0
5084922,2.0,0.0,1.0,1.0,0.0,0.5,0.0
5084947,5.0,0.0,3.0,2.0,0.0,0.6,0.0
5084985,12.0,9.0,3.0,0.0,2.0,1.75,0.75
5085005,10.0,1.0,8.0,1.0,5.0,1.0,0.1
5085105,9.0,3.0,6.0,0.0,0.0,1.3333333333333333,0.3333333333333333
5085109,9.0,2.0,7.0,0.0,1.0,1.2222222222222223,0.2222222222222222
5085152,11.0,0.0,11.0,0.0,0.0,1.0,0.0
5085160,14.0,1.0,13.0,0.0,7.0,1.0714285714285714,0.07142857142857142
5085177,9.0,0.0,9.0,0.0,0.0,1.0,0.0
5085193,13.0,8.0,5.0,0.0,2.0,1.6153846153846154,0.6153846153846154
5085244,6.0,0.0,6.0,0.0,2.0,1.0,0.0
5085284,11.0,0.0,11.0,0.0,6.0,1.0,0.0
5085291,9.0,0.0,6.0,3.0,3.0,0.6666666666666666,0.0
5085312,8.0,4.0,3.0,1.0,2.0,1.375,0.5
5085319,12.0,1.0,11.0,0.0,2.0,1.0833333333333333,0.08333333333333333
5085329,11.0,0.0,8.0,3.0,8.0,0.7272727272727273,0.0
5085412,5.0,0.0,5.0,0.0,3.0,1.0,0.0
5085475,7.0,1.0,5.0,1.0,1.0,1.0,0.14285714285714285
5085556,8.0,0.0,6.0,2.0,1.0,0.75,0.0
5085567,9.0,0.0,5.0,4.0,1.0,0.5555555555555556,0.0
5085576,8.0,1.0,5.0,2.0,1.0,0.875,0.125
5085749,7.0,0.0,7.0,0.0,0.0,1.0,0.0
508606115212610thLitB,10.0,0.0,10.0,0.0,1.0,1.0,0.0
5086427,14.0,2.0,12.0,0.0,1.0,1.1428571428571428,0.14285714285714285
5086529,5.0,0.0,2.0,3.0,1.0,0.4,0.0
5086676,8.0,0.0,8.0,0.0,4.0,1.0,0.0
5086680,7.0,0.0,7.0,0.0,1.0,1.0,0.0
5086885,12.0,4.0,8.0,0.0,3.0,1.3333333333333333,0.3333333333333333
5086993,16.0,7.0,9.0,0.0,2.0,1.4375,0.4375
5087024,6.0,0.0,4.0,2.0,1.0,0.6666666666666666,0.0
5087123,9.0,0.0,9.0,0.0,6.0,1.0,0.0
5087151,8.0,1.0,7.0,0.0,5.0,1.125,0.125
5087160,9.0,9.0,0.0,0.0,0.0,2.0,1.0
5087189,8.0,1.0,7.0,0.0,4.0,1.125,0.125
5087233,7.0,0.0,7.0,0.0,2.0,1.0,0.0
5087236,3.0,0.0,3.0,0.0,0.0,1.0,0.0
5087239,5.0,0.0,5.0,0.0,1.0,1.0,0.0
5087241,11.0,0.0,11.0,0.0,3.0,1.0,0.0
5087261,14.0,2.0,12.0,0.0,0.0,1.1428571428571428,0.14285714285714285
5087272,9.0,0.0,9.0,0.0,5.0,1.0,0.0
5087315,10.0,1.0,9.0,0.0,4.0,1.1,0.1
5087319,10.0,0.0,10.0,0.0,3.0,1.0,0.0
5087360,4.0,1.0,3.0,0.0,2.0,1.25,0.25
5087368,8.0,0.0,8.0,0.0,1.0,1.0,0.0
5087403,10.0,7.0,3.0,0.0,1.0,1.7,0.7
5087414,4.0,0.0,4.0,0.0,0.0,1.0,0.0
5087472,8.0,0.0,8.0,0.0,1.0,1.0,0.0
5087476,14.0,1.0,11.0,2.0,2.0,0.9285714285714286,0.07142857142857142
5087493,13.0,0.0,13.0,0.0,2.0,1.0,0.0
5087613,12.0,2.0,10.0,0.0,1.0,1.1666666666666667,0.16666666666666666
5087712,9.0,1.0,5.0,3.0,1.0,0.7777777777777778,0.1111111111111111
5087763,10.0,0.0,10.0,0.0,2.0,1.0,0.0
5087768,8.0,6.0,2.0,0.0,2.0,1.75,0.75
5087970,2.0,0.0,0.0,2.0,0.0,0.0,0.0
5088107,12.0,1.0,11.0,0.0,4.0,1.0833333333333333,0.08333333333333333
5088125,7.0,0.0,7.0,0.0,0.0,1.0,0.0
5088149_cleaned,14.0,0.0,14.0,0.0,3.0,1.0,0.0
5088654,3.0,0.0,2.0,1.0,0.0,0.6666666666666666,0.0
5088756,9.0,0.0,9.0,0.0,3.0,1.0,0.0
5089048,5.0,0.0,5.0,0.0,1.0,1.0,0.0
5089165,9.0,0.0,7.0,2.0,0.0,0.7777777777777778,0.0
5089322,7.0,0.0,2.0,5.0,3.0,0.2857142857142857,0.0
5089330,12.0,0.0,12.0,0.0,1.0,1.0,0.0
5089344,8.0,0.0,8.0,0.0,0.0,1.0,0.0
5089479,12.0,1.0,11.0,0.0,3.0,1.0833333333333333,0.08333333333333333
5089496,12.0,0.0,12.0,0.0,0.0,1.0,0.0
5089699_cleaned,14.0,3.0,11.0,0.0,2.0,1.2142857142857142,0.21428571428571427
514535115212010thLitAB,9.0,0.0,7.0,2.0,1.0,0.7777777777777778,0.0
5147355,8.0,0.0,8.0,0.0,0.0,1.0,0.0
5147408,6.0,0.0,6.0,0.0,3.0,1.0,0.0
5147495,9.0,0.0,9.0,0.0,1.0,1.0,0.0
5147515,12.0,6.0,6.0,0.0,4.0,1.5,0.5
5147532,11.0,0.0,11.0,0.0,1.0,1.0,0.0
5147553_cleaned,12.0,2.0,9.0,1.0,1.0,1.0833333333333333,0.16666666666666666
5147626,5.0,0.0,3.0,2.0,1.0,0.6,0.0
5147673,4.0,0.0,0.0,4.0,1.0,0.0,0.0
5147697,10.0,0.0,10.0,0.0,3.0,1.0,0.0
5147709,5.0,0.0,0.0,5.0,0.0,0.0,0.0
5147731,10.0,0.0,10.0,0.0,6.0,1.0,0.0
5147742,7.0,3.0,4.0,0.0,1.0,1.4285714285714286,0.42857142857142855
5147747,12.0,0.0,12.0,0.0,3.0,1.0,0.0
5147786_cleaned,6.0,0.0,4.0,2.0,1.0,0.6666666666666666,0.0
5147832,7.0,1.0,6.0,0.0,2.0,1.1428571428571428,0.14285714285714285
5147833,9.0,3.0,6.0,0.0,1.0,1.3333333333333333,0.3333333333333333
5147870,8.0,0.0,8.0,0.0,1.0,1.0,0.0
5147877,12.0,1.0,11.0,0.0,2.0,1.0833333333333333,0.08333333333333333
5147886,5.0,0.0,5.0,0.0,2.0,1.0,0.0
5148040,8.0,0.0,8.0,0.0,2.0,1.0,0.0
5148067,9.0,0.0,8.0,1.0,6.0,0.8888888888888888,0.0
5148167,2.0,0.0,0.0,2.0,0.0,0.0,0.0
5148199,8.0,0.0,6.0,2.0,0.0,0.75,0.0
5148213,10.0,0.0,10.0,0.0,2.0,1.0,0.0
5148229,10.0,0.0,10.0,0.0,3.0,1.0,0.0
5148260,9.0,0.0,9.0,0.0,7.0,1.0,0.0
5148282,6.0,1.0,5.0,0.0,3.0,1.1666666666666667,0.16666666666666666
5148292,8.0,0.0,7.0,1.0,1.0,0.875,0.0
5148305,11.0,0.0,8.0,3.0,4.0,0.7272727272727273,0.0
5148323,10.0,2.0,8.0,0.0,1.0,1.2,0.2
5148417,8.0,0.0,8.0,0.0,0.0,1.0,0.0
5148478,6.0,1.0,5.0,0.0,1.0,1.1666666666666667,0.16666666666666666
5148490,5.0,0.0,4.0,1.0,3.0,0.8,0.0
5148550,8.0,2.0,6.0,0.0,2.0,1.25,0.25
5148555,8.0,0.0,8.0,0.0,0.0,1.0,0.0
5148602,9.0,0.0,8.0,1.0,4.0,0.8888888888888888,0.0
5148632,9.0,0.0,8.0,1.0,0.0,0.8888888888888888,0.0
5148676,10.0,0.0,8.0,2.0,1.0,0.8,0.0
5148759,12.0,0.0,12.0,0.0,1.0,1.0,0.0
5148777,7.0,1.0,6.0,0.0,1.0,1.1428571428571428,0.14285714285714285
5148908,1.0,0.0,0.0,1.0,0.0,0.0,0.0
5149081,8.0,0.0,7.0,1.0,3.0,0.875,0.0
5149104,5.0,0.0,4.0,1.0,2.0,0.8,0.0
5149114,8.0,0.0,8.0,0.0,4.0,1.0,0.0
5149125,5.0,0.0,5.0,0.0,3.0,1.0,0.0
5149158,9.0,0.0,9.0,0.0,3.0,1.0,0.0
5149222,13.0,3.0,10.0,0.0,5.0,1.2307692307692308,0.23076923076923078
5149227,11.0,0.0,11.0,0.0,7.0,1.0,0.0
5149286,5.0,0.0,5.0,0.0,1.0,1.0,0.0
5149305,7.0,0.0,7.0,0.0,3.0,1.0,0.0
5149408,10.0,1.0,9.0,0.0,3.0,1.1,0.1
5149435,14.0,0.0,14.0,0.0,5.0,1.0,0.0
5149462,8.0,0.0,8.0,0.0,2.0,1.0,0.0
5149475,9.0,1.0,8.0,0.0,5.0,1.1111111111111112,0.1111111111111111
5149533,8.0,0.0,7.0,1.0,5.0,0.875,0.0
5149536,10.0,0.0,10.0,0.0,8.0,1.0,0.0
5149648,11.0,0.0,11.0,0.0,4.0,1.0,0.0
5149662,5.0,0.0,5.0,0.0,0.0,1.0,0.0
5149669,8.0,1.0,7.0,0.0,1.0,1.125,0.125
5149677,5.0,0.0,5.0,0.0,0.0,1.0,0.0
5149716,2.0,0.0,0.0,2.0,1.0,0.0,0.0
5149768,8.0,0.0,6.0,2.0,4.0,0.75,0.0
5149780,10.0,0.0,10.0,0.0,4.0,1.0,0.0
5149789,9.0,0.0,9.0,0.0,1.0,1.0,0.0
5149792,11.0,0.0,11.0,0.0,4.0,1.0,0.0
5149802,12.0,0.0,10.0,2.0,0.0,0.8333333333333334,0.0
5149820,8.0,1.0,7.0,0.0,0.0,1.125,0.125
5149828,10.0,0.0,9.0,1.0,4.0,0.9,0.0
5149833,15.0,1.0,14.0,0.0,1.0,1.0666666666666667,0.06666666666666667
5149836,11.0,0.0,11.0,0.0,1.0,1.0,0.0
5149838,11.0,3.0,7.0,1.0,3.0,1.1818181818181819,0.2727272727272727
5149853,10.0,3.0,6.0,1.0,1.0,1.2,0.3
5149871,2.0,0.0,1.0,1.0,1.0,0.5,0.0
5149873,8.0,0.0,6.0,2.0,0.0,0.75,0.0
5149874,11.0,1.0,10.0,0.0,2.0,1.0909090909090908,0.09090909090909091
5149900_cleaned,11.0,0.0,10.0,1.0,5.0,0.9090909090909091,0.0
5149931,14.0,9.0,5.0,0.0,0.0,1.6428571428571428,0.6428571428571429
5149937,7.0,4.0,3.0,0.0,0.0,1.5714285714285714,0.5714285714285714
5149939,12.0,1.0,11.0,0.0,0.0,1.0833333333333333,0.08333333333333333
5149962,8.0,0.0,5.0,3.0,4.0,0.625,0.0
5149974,9.0,0.0,9.0,0.0,1.0,1.0,0.0
5149978,12.0,0.0,12.0,0.0,2.0,1.0,0.0
5149999,10.0,0.0,10.0,0.0,1.0,1.0,0.0
5150006,16.0,16.0,0.0,0.0,1.0,2.0,1.0
5150016,12.0,0.0,8.0,4.0,5.0,0.6666666666666666,0.0
5150017_cleaned,10.0,0.0,10.0,0.0,4.0,1.0,0.0
5150040,9.0,1.0,7.0,1.0,2.0,1.0,0.1111111111111111
5150070,9.0,0.0,8.0,1.0,0.0,0.8888888888888888,0.0
5150088,10.0,1.0,9.0,0.0,5.0,1.1,0.1
5150098,9.0,0.0,6.0,3.0,2.0,0.6666666666666666,0.0
5150111,7.0,1.0,6.0,0.0,1.0,1.1428571428571428,0.14285714285714285
5150114,8.0,0.0,7.0,1.0,1.0,0.875,0.0
5150123,9.0,1.0,5.0,3.0,1.0,0.7777777777777778,0.1111111111111111
5150126,3.0,0.0,0.0,3.0,1.0,0.0,0.0
5150134,15.0,2.0,13.0,0.0,2.0,1.1333333333333333,0.13333333333333333
5150161,9.0,7.0,2.0,0.0,0.0,1.7777777777777777,0.7777777777777778
5150215,11.0,0.0,2.0,9.0,0.0,0.18181818181818182,0.0
5150268,4.0,0.0,1.0,3.0,1.0,0.25,0.0
5150280,11.0,0.0,9.0,2.0,2.0,0.8181818181818182,0.0
5150285,9.0,0.0,5.0,4.0,1.0,0.5555555555555556,0.0
5150395,8.0,0.0,7.0,1.0,2.0,0.875,0.0
5150398,11.0,0.0,8.0,3.0,2.0,0.7272727272727273,0.0
5150403,2.0,0.0,0.0,2.0,0.0,0.0,0.0
5150478,11.0,2.0,9.0,0.0,1.0,1.1818181818181819,0.18181818181818182
5150500,4.0,0.0,2.0,2.0,1.0,0.5,0.0
5152873,11.0,7.0,4.0,0.0,0.0,1.6363636363636365,0.6363636363636364
5152880,16.0,9.0,7.0,0.0,5.0,1.5625,0.5625
5152908,13.0,13.0,0.0,0.0,7.0,2.0,1.0
5152917,7.0,7.0,0.0,0.0,1.0,2.0,1.0
5152927,12.0,12.0,0.0,0.0,0.0,2.0,1.0
5152935,9.0,3.0,5.0,1.0,1.0,1.2222222222222223,0.3333333333333333
5152938,3.0,0.0,2.0,1.0,0.0,0.6666666666666666,0.0
5152992,12.0,7.0,5.0,0.0,1.0,1.5833333333333333,0.5833333333333334
5152998,7.0,1.0,6.0,0.0,1.0,1.1428571428571428,0.14285714285714285
5152999_cleaned,9.0,7.0,2.0,0.0,2.0,1.7777777777777777,0.7777777777777778
5153008,6.0,0.0,4.0,2.0,0.0,0.6666666666666666,0.0
5153014,15.0,3.0,9.0,3.0,5.0,1.0,0.2
5153021,9.0,0.0,9.0,0.0,2.0,1.0,0.0
5153033,7.0,0.0,4.0,3.0,4.0,0.5714285714285714,0.0
5153038,14.0,13.0,1.0,0.0,7.0,1.9285714285714286,0.9285714285714286
5153043,8.0,0.0,8.0,0.0,0.0,1.0,0.0
5153052,7.0,0.0,6.0,1.0,0.0,0.8571428571428571,0.0
5153083,10.0,9.0,1.0,0.0,3.0,1.9,0.9
5153091,4.0,0.0,3.0,1.0,0.0,0.75,0.0
5153121,10.0,0.0,9.0,1.0,1.0,0.9,0.0
5153136,6.0,4.0,2.0,0.0,1.0,1.6666666666666667,0.6666666666666666
5153185,14.0,0.0,7.0,7.0,3.0,0.5,0.0
5153209,17.0,0.0,14.0,3.0,2.0,0.8235294117647058,0.0
5153231,7.0,2.0,5.0,0.0,2.0,1.2857142857142858,0.2857142857142857
5153252,12.0,2.0,10.0,0.0,5.0,1.1666666666666667,0.16666666666666666
5153263,12.0,0.0,12.0,0.0,3.0,1.0,0.0
5153335,6.0,0.0,6.0,0.0,5.0,1.0,0.0
5153493,8.0,0.0,8.0,0.0,3.0,1.0,0.0
5153527,6.0,1.0,5.0,0.0,0.0,1.1666666666666667,0.16666666666666666
5153544,10.0,0.0,7.0,3.0,1.0,0.7,0.0
5153649,7.0,1.0,6.0,0.0,4.0,1.1428571428571428,0.14285714285714285
5153720,8.0,0.0,8.0,0.0,2.0,1.0,0.0
5153748,10.0,4.0,6.0,0.0,1.0,1.4,0.4
5153753,9.0,4.0,5.0,0.0,1.0,1.4444444444444444,0.4444444444444444
5153754,12.0,1.0,11.0,0.0,6.0,1.0833333333333333,0.08333333333333333
5153768,5.0,0.0,4.0,1.0,3.0,0.8,0.0
5153838,8.0,0.0,2.0,6.0,1.0,0.25,0.0
5153841,12.0,1.0,11.0,0.0,0.0,1.0833333333333333,0.08333333333333333
5153884,13.0,9.0,4.0,0.0,2.0,1.6923076923076923,0.6923076923076923
5153890,6.0,5.0,1.0,0.0,4.0,1.8333333333333333,0.8333333333333334
5153915,9.0,0.0,9.0,0.0,1.0,1.0,0.0
5153916,8.0,1.0,7.0,0.0,2.0,1.125,0.125
5153952,9.0,6.0,1.0,2.0,0.0,1.4444444444444444,0.6666666666666666
5153961,8.0,2.0,6.0,0.0,1.0,1.25,0.25
5153970,3.0,0.0,1.0,2.0,0.0,0.3333333333333333,0.0
5153971,10.0,4.0,5.0,1.0,5.0,1.3,0.4
5153978,8.0,0.0,5.0,3.0,2.0,0.625,0.0
5153981,11.0,7.0,4.0,0.0,3.0,1.6363636363636365,0.6363636363636364
5153992,9.0,1.0,8.0,0.0,3.0,1.1111111111111112,0.1111111111111111
5154034,9.0,0.0,9.0,0.0,0.0,1.0,0.0
5154035,5.0,0.0,5.0,0.0,1.0,1.0,0.0
5154069,15.0,0.0,15.0,0.0,1.0,1.0,0.0
5154123,7.0,4.0,3.0,0.0,4.0,1.5714285714285714,0.5714285714285714
5154140,9.0,0.0,9.0,0.0,2.0,1.0,0.0
5154153,8.0,1.0,6.0,1.0,2.0,1.0,0.125
5154173,11.0,0.0,11.0,0.0,4.0,1.0,0.0
5154186_cleaned,7.0,2.0,5.0,0.0,1.0,1.2857142857142858,0.2857142857142857
5154241,11.0,1.0,10.0,0.0,5.0,1.0909090909090908,0.09090909090909091
5154286,9.0,0.0,8.0,1.0,2.0,0.8888888888888888,0.0
5154377,7.0,0.0,5.0,2.0,0.0,0.7142857142857143,0.0
5154399,9.0,2.0,5.0,2.0,3.0,1.0,0.2222222222222222
5154417,9.0,2.0,7.0,0.0,1.0,1.2222222222222223,0.2222222222222222
5154504,6.0,0.0,6.0,0.0,1.0,1.0,0.0
5154521,13.0,8.0,5.0,0.0,0.0,1.6153846153846154,0.6153846153846154
5154590,13.0,5.0,8.0,0.0,0.0,1.3846153846153846,0.38461538461538464
5154620,12.0,4.0,8.0,0.0,3.0,1.3333333333333333,0.3333333333333333
5154621_cleaned,8.0,0.0,5.0,3.0,1.0,0.625,0.0
5156432_cleaned,13.0,5.0,8.0,0.0,4.0,1.3846153846153846,0.38461538461538464
5156545,10.0,0.0,8.0,2.0,2.0,0.8,0.0
5156579,8.0,2.0,5.0,1.0,4.0,1.125,0.25
5156580,6.0,3.0,3.0,0.0,2.0,1.5,0.5
5156606,9.0,2.0,7.0,0.0,1.0,1.2222222222222223,0.2222222222222222
5156614,10.0,0.0,10.0,0.0,2.0,1.0,0.0
5156660,7.0,2.0,5.0,0.0,5.0,1.2857142857142858,0.2857142857142857
5156665,2.0,0.0,2.0,0.0,0.0,1.0,0.0
5156728,9.0,0.0,9.0,0.0,2.0,1.0,0.0
5156756,10.0,1.0,7.0,2.0,0.0,0.9,0.1
5156763_cleaned,8.0,0.0,8.0,0.0,1.0,1.0,0.0
5156817,20.0,0.0,20.0,0.0,2.0,1.0,0.0
5156839,8.0,0.0,6.0,2.0,2.0,0.75,0.0
5156858,11.0,1.0,10.0,0.0,2.0,1.0909090909090908,0.09090909090909091
5156866,9.0,0.0,3.0,6.0,1.0,0.3333333333333333,0.0
5156913,10.0,7.0,3.0,0.0,1.0,1.7,0.7
5156921,13.0,4.0,9.0,0.0,2.0,1.3076923076923077,0.3076923076923077
5156961,12.0,0.0,12.0,0.0,4.0,1.0,0.0
5156968,14.0,2.0,10.0,2.0,3.0,1.0,0.14285714285714285
5156974,5.0,0.0,5.0,0.0,0.0,1.0,0.0
5156977,8.0,6.0,2.0,0.0,1.0,1.75,0.75
5156979,13.0,0.0,13.0,0.0,3.0,1.0,0.0
5157013,11.0,0.0,11.0,0.0,0.0,1.0,0.0
5157022,12.0,2.0,10.0,0.0,1.0,1.1666666666666667,0.16666666666666666
5157222,9.0,0.0,9.0,0.0,0.0,1.0,0.0
5157577,13.0,0.0,13.0,0.0,4.0,1.0,0.0
5157722,7.0,0.0,7.0,0.0,3.0,1.0,0.0
5157736,12.0,0.0,10.0,2.0,2.0,0.8333333333333334,0.0
5157868,11.0,0.0,9.0,2.0,0.0,0.8181818181818182,0.0
5157967,9.0,0.0,7.0,2.0,2.0,0.7777777777777778,0.0
5158315,23.0,0.0,16.0,7.0,2.0,0.6956521739130435,0.0
5158427_cleaned,8.0,1.0,7.0,0.0,2.0,1.125,0.125
515850115212010thLitAB,6.0,0.0,6.0,0.0,1.0,1.0,0.0
515931115212610thLitB,13.0,1.0,12.0,0.0,1.0,1.0769230769230769,0.07692307692307693
5160375,4.0,0.0,0.0,4.0,0.0,0.0,0.0
5160678,9.0,0.0,8.0,1.0,3.0,0.8888888888888888,0.0
5160943,12.0,6.0,6.0,0.0,2.0,1.5,0.5
5160978,6.0,0.0,6.0,0.0,0.0,1.0,0.0
5160992,9.0,0.0,7.0,2.0,1.0,0.7777777777777778,0.0
5160996,11.0,1.0,10.0,0.0,5.0,1.0909090909090908,0.09090909090909091
5161003,10.0,0.0,10.0,0.0,0.0,1.0,0.0
5161015,8.0,1.0,7.0,0.0,1.0,1.125,0.125
5161038,3.0,0.0,2.0,1.0,0.0,0.6666666666666666,0.0
5161051,9.0,0.0,9.0,0.0,1.0,1.0,0.0
5161081,9.0,0.0,9.0,0.0,1.0,1.0,0.0
5161095,15.0,0.0,12.0,3.0,1.0,0.8,0.0
5161117,7.0,0.0,7.0,0.0,2.0,1.0,0.0
5161174,3.0,0.0,0.0,3.0,0.0,0.0,0.0
5161178,15.0,6.0,9.0,0.0,1.0,1.4,0.4
5161180,11.0,7.0,4.0,0.0,2.0,1.6363636363636365,0.6363636363636364
5161195,5.0,0.0,2.0,3.0,0.0,0.4,0.0
5161203,12.0,9.0,3.0,0.0,0.0,1.75,0.75
5161206,2.0,1.0,0.0,1.0,0.0,1.0,0.5
5161227,12.0,2.0,7.0,3.0,3.0,0.9166666666666666,0.16666666666666666
5161243,7.0,1.0,4.0,2.0,0.0,0.8571428571428571,0.14285714285714285
5161248,7.0,1.0,3.0,3.0,1.0,0.7142857142857143,0.14285714285714285
5161262,8.0,0.0,8.0,0.0,4.0,1.0,0.0
5161275,11.0,2.0,9.0,0.0,0.0,1.1818181818181819,0.18181818181818182
5161319,12.0,0.0,8.0,4.0,1.0,0.6666666666666666,0.0
5161330,12.0,3.0,9.0,0.0,4.0,1.25,0.25
5161345,11.0,5.0,6.0,0.0,0.0,1.4545454545454546,0.45454545454545453
5161375,5.0,0.0,3.0,2.0,0.0,0.6,0.0
5161431,6.0,1.0,5.0,0.0,1.0,1.1666666666666667,0.16666666666666666
5161434,14.0,3.0,11.0,0.0,2.0,1.2142857142857142,0.21428571428571427
5161494,12.0,1.0,11.0,0.0,5.0,1.0833333333333333,0.08333333333333333
5161504,17.0,0.0,17.0,0.0,10.0,1.0,0.0
5161505,4.0,0.0,4.0,0.0,1.0,1.0,0.0
5161614,5.0,0.0,4.0,1.0,0.0,0.8,0.0
5161616,2.0,0.0,2.0,0.0,0.0,1.0,0.0
5161658,11.0,3.0,8.0,0.0,3.0,1.2727272727272727,0.2727272727272727
5161726,8.0,0.0,8.0,0.0,1.0,1.0,0.0
5161754,9.0,3.0,6.0,0.0,0.0,1.3333333333333333,0.3333333333333333
5161762,9.0,0.0,9.0,0.0,1.0,1.0,0.0
5161768,11.0,2.0,8.0,1.0,0.0,1.0909090909090908,0.18181818181818182
5162195,11.0,3.0,8.0,0.0,1.0,1.2727272727272727,0.2727272727272727
5162250,9.0,0.0,9.0,0.0,2.0,1.0,0.0
5162258,3.0,0.0,0.0,3.0,0.0,0.0,0.0
5162299,7.0,0.0,7.0,0.0,3.0,1.0,0.0
5162352,7.0,2.0,5.0,0.0,1.0,1.2857142857142858,0.2857142857142857
5162377,2.0,0.0,2.0,0.0,0.0,1.0,0.0
5162423_cleaned,14.0,2.0,11.0,1.0,3.0,1.0714285714285714,0.14285714285714285
5164078,2.0,0.0,1.0,1.0,1.0,0.5,0.0
5164103,10.0,0.0,7.0,3.0,1.0,0.7,0.0
5164104,12.0,4.0,5.0,3.0,3.0,1.0833333333333333,0.3333333333333333
5164132,11.0,1.0,9.0,1.0,1.0,1.0,0.09090909090909091
5164142,9.0,1.0,8.0,0.0,2.0,1.1111111111111112,0.1111111111111111
5164150,9.0,0.0,7.0,2.0,1.0,0.7777777777777778,0.0
5164156,11.0,0.0,6.0,5.0,2.0,0.5454545454545454,0.0
5164161,11.0,6.0,5.0,0.0,1.0,1.5454545454545454,0.5454545454545454
5164183,18.0,13.0,5.0,0.0,4.0,1.7222222222222223,0.7222222222222222
5164200,7.0,6.0,1.0,0.0,0.0,1.8571428571428572,0.8571428571428571
5164201,6.0,0.0,5.0,1.0,0.0,0.8333333333333334,0.0
5164232,7.0,1.0,2.0,4.0,2.0,0.5714285714285714,0.14285714285714285
5164239_cleaned,11.0,1.0,7.0,3.0,3.0,0.8181818181818182,0.09090909090909091
5164257,8.0,0.0,8.0,0.0,1.0,1.0,0.0
5164259,9.0,6.0,3.0,0.0,2.0,1.6666666666666667,0.6666666666666666
5164273,10.0,0.0,10.0,0.0,0.0,1.0,0.0
5164277,5.0,0.0,1.0,4.0,3.0,0.2,0.0
5164307,5.0,0.0,5.0,0.0,2.0,1.0,0.0
5164334,9.0,3.0,6.0,0.0,3.0,1.3333333333333333,0.3333333333333333
5164351,9.0,0.0,9.0,0.0,2.0,1.0,0.0
5164375,13.0,4.0,9.0,0.0,2.0,1.3076923076923077,0.3076923076923077
5164396,3.0,0.0,3.0,0.0,0.0,1.0,0.0
5164482,9.0,0.0,9.0,0.0,3.0,1.0,0.0
5164725,4.0,0.0,4.0,0.0,1.0,1.0,0.0
5164753,14.0,1.0,8.0,5.0,0.0,0.7142857142857143,0.07142857142857142
5164760,9.0,0.0,9.0,0.0,2.0,1.0,0.0
5164769,8.0,1.0,7.0,0.0,1.0,1.125,0.125
5164778,10.0,0.0,10.0,0.0,1.0,1.0,0.0
5164802,12.0,3.0,9.0,0.0,0.0,1.25,0.25
5165036,8.0,0.0,5.0,3.0,0.0,0.625,0.0
5165039_cleaned,8.0,0.0,8.0,0.0,1.0,1.0,0.0
5165045,8.0,0.0,3.0,5.0,2.0,0.375,0.0
5165085,12.0,0.0,3.0,9.0,8.0,0.25,0.0
5165088,12.0,0.0,7.0,5.0,1.0,0.5833333333333334,0.0
5165117,6.0,4.0,2.0,0.0,2.0,1.6666666666666667,0.6666666666666666
5165118,13.0,11.0,2.0,0.0,1.0,1.8461538461538463,0.8461538461538461
5165124_cleaned,8.0,4.0,4.0,0.0,2.0,1.5,0.5
5165131,2.0,0.0,1.0,1.0,0.0,0.5,0.0
5165195,2.0,0.0,1.0,1.0,0.0,0.5,0.0
5165261,9.0,3.0,6.0,0.0,2.0,1.3333333333333333,0.3333333333333333
5165296_cleaned,6.0,0.0,5.0,1.0,1.0,0.8333333333333334,0.0
5165337,9.0,3.0,6.0,0.0,5.0,1.3333333333333333,0.3333333333333333
5165345,13.0,12.0,1.0,0.0,5.0,1.9230769230769231,0.9230769230769231
5165367,14.0,2.0,12.0,0.0,6.0,1.1428571428571428,0.14285714285714285
5165375,7.0,0.0,7.0,0.0,0.0,1.0,0.0
5165376,12.0,0.0,10.0,2.0,1.0,0.8333333333333334,0.0
5165379,5.0,0.0,5.0,0.0,2.0,1.0,0.0
5165382,10.0,2.0,8.0,0.0,2.0,1.2,0.2
5165385,5.0,0.0,4.0,1.0,3.0,0.8,0.0
5165427,7.0,0.0,3.0,4.0,2.0,0.42857142857142855,0.0
5165440,2.0,1.0,1.0,0.0,1.0,1.5,0.5
5165456,6.0,0.0,4.0,2.0,4.0,0.6666666666666666,0.0
5165500,15.0,0.0,15.0,0.0,2.0,1.0,0.0
5165510,12.0,3.0,9.0,0.0,1.0,1.25,0.25
5165517,8.0,0.0,8.0,0.0,1.0,1.0,0.0
5165523,8.0,0.0,8.0,0.0,1.0,1.0,0.0
5165538,6.0,0.0,6.0,0.0,0.0,1.0,0.0
5165558,10.0,3.0,7.0,0.0,7.0,1.3,0.3
5165561,9.0,1.0,8.0,0.0,0.0,1.1111111111111112,0.1111111111111111
5165593,8.0,1.0,7.0,0.0,1.0,1.125,0.125
5165621,7.0,4.0,3.0,0.0,2.0,1.5714285714285714,0.5714285714285714
5165717,12.0,0.0,12.0,0.0,4.0,1.0,0.0
5166166,7.0,0.0,6.0,1.0,1.0,0.8571428571428571,0.0
5166170,10.0,2.0,4.0,4.0,0.0,0.8,0.2
5166178_cleaned,7.0,4.0,3.0,0.0,1.0,1.5714285714285714,0.5714285714285714
5166198,11.0,0.0,5.0,6.0,2.0,0.45454545454545453,0.0
5166208,12.0,3.0,9.0,0.0,1.0,1.25,0.25
5166232,7.0,1.0,6.0,0.0,1.0,1.1428571428571428,0.14285714285714285
5166259,4.0,0.0,4.0,0.0,0.0,1.0,0.0
5166275,7.0,1.0,6.0,0.0,1.0,1.1428571428571428,0.14285714285714285
5166324,4.0,1.0,3.0,0.0,0.0,1.25,0.25
5166361,8.0,1.0,7.0,0.0,1.0,1.125,0.125
5166364,6.0,0.0,4.0,2.0,0.0,0.6666666666666666,0.0
5166884,7.0,0.0,2.0,5.0,5.0,0.2857142857142857,0.0
5167407,6.0,0.0,5.0,1.0,0.0,0.8333333333333334,0.0
5168937,18.0,7.0,11.0,0.0,2.0,1.3888888888888888,0.3888888888888889
5169990,11.0,0.0,11.0,0.0,3.0,1.0,0.0
5170008,9.0,4.0,5.0,0.0,6.0,1.4444444444444444,0.4444444444444444
5170010,8.0,0.0,8.0,0.0,0.0,1.0,0.0
5170083,12.0,3.0,9.0,0.0,6.0,1.25,0.25
5170091,7.0,3.0,4.0,0.0,2.0,1.4285714285714286,0.42857142857142855
5170096_cleaned,11.0,0.0,5.0,6.0,3.0,0.45454545454545453,0.0
5170100,8.0,0.0,8.0,0.0,1.0,1.0,0.0
5170103,9.0,0.0,6.0,3.0,1.0,0.6666666666666666,0.0
5170115,12.0,1.0,10.0,1.0,4.0,1.0,0.08333333333333333
5170124,11.0,5.0,6.0,0.0,1.0,1.4545454545454546,0.45454545454545453
5170129,3.0,0.0,2.0,1.0,0.0,0.6666666666666666,0.0
5170138,15.0,0.0,14.0,1.0,6.0,0.9333333333333333,0.0
5170155,9.0,3.0,6.0,0.0,3.0,1.3333333333333333,0.3333333333333333
5170164,11.0,0.0,11.0,0.0,2.0,1.0,0.0
5170207,7.0,0.0,7.0,0.0,2.0,1.0,0.0
5171428,7.0,1.0,6.0,0.0,0.0,1.1428571428571428,0.14285714285714285
5171437,6.0,0.0,5.0,1.0,2.0,0.8333333333333334,0.0
5171454,7.0,3.0,4.0,0.0,0.0,1.4285714285714286,0.42857142857142855
5171462,10.0,5.0,5.0,0.0,3.0,1.5,0.5
5171472,12.0,0.0,8.0,4.0,5.0,0.6666666666666666,0.0
5171481,11.0,1.0,9.0,1.0,5.0,1.0,0.09090909090909091
5171501,12.0,0.0,7.0,5.0,2.0,0.5833333333333334,0.0
5171540,5.0,0.0,5.0,0.0,1.0,1.0,0.0
5171548,9.0,4.0,5.0,0.0,2.0,1.4444444444444444,0.4444444444444444
5171563,9.0,1.0,8.0,0.0,4.0,1.1111111111111112,0.1111111111111111
5171576_cleaned,7.0,0.0,6.0,1.0,1.0,0.8571428571428571,0.0
5171607,5.0,0.0,3.0,2.0,0.0,0.6,0.0
5171632,7.0,2.0,5.0,0.0,3.0,1.2857142857142858,0.2857142857142857
5171637,2.0,0.0,1.0,1.0,0.0,0.5,0.0
5171639,9.0,2.0,7.0,0.0,0.0,1.2222222222222223,0.2222222222222222
5171667,11.0,6.0,5.0,0.0,5.0,1.5454545454545454,0.5454545454545454
5171668,12.0,3.0,9.0,0.0,2.0,1.25,0.25
5171692,7.0,1.0,6.0,0.0,0.0,1.1428571428571428,0.14285714285714285
5171699,7.0,1.0,6.0,0.0,1.0,1.1428571428571428,0.14285714285714285
5171705,9.0,0.0,9.0,0.0,2.0,1.0,0.0
5171707,7.0,2.0,5.0,0.0,1.0,1.2857142857142858,0.2857142857142857
5171722,8.0,0.0,8.0,0.0,1.0,1.0,0.0
5171730,9.0,0.0,8.0,1.0,3.0,0.8888888888888888,0.0
5171738,6.0,1.0,5.0,0.0,0.0,1.1666666666666667,0.16666666666666666
5171770,4.0,1.0,3.0,0.0,1.0,1.25,0.25
5171784,8.0,1.0,6.0,1.0,1.0,1.0,0.125
5171794,12.0,0.0,11.0,1.0,1.0,0.9166666666666666,0.0
5171805,13.0,7.0,6.0,0.0,0.0,1.5384615384615385,0.5384615384615384
5171811,4.0,0.0,4.0,0.0,2.0,1.0,0.0
5171830,4.0,0.0,3.0,1.0,2.0,0.75,0.0
5171835,6.0,0.0,5.0,1.0,2.0,0.8333333333333334,0.0
5171837,9.0,0.0,9.0,0.0,1.0,1.0,0.0
5171850,10.0,4.0,5.0,1.0,2.0,1.3,0.4
5171882,11.0,0.0,11.0,0.0,1.0,1.0,0.0
5171883,12.0,4.0,8.0,0.0,0.0,1.3333333333333333,0.3333333333333333
5171886,9.0,8.0,1.0,0.0,0.0,1.8888888888888888,0.8888888888888888
5171908,9.0,0.0,2.0,7.0,0.0,0.2222222222222222,0.0
5171922,7.0,1.0,6.0,0.0,0.0,1.1428571428571428,0.14285714285714285
5171923,8.0,0.0,1.0,7.0,1.0,0.125,0.0
5171935,12.0,0.0,10.0,2.0,1.0,0.8333333333333334,0.0
5171938,7.0,4.0,3.0,0.0,1.0,1.5714285714285714,0.5714285714285714
5171945,7.0,1.0,6.0,0.0,0.0,1.1428571428571428,0.14285714285714285
5171970,9.0,0.0,9.0,0.0,3.0,1.0,0.0
5171971,4.0,0.0,4.0,0.0,2.0,1.0,0.0
5171991,6.0,0.0,6.0,0.0,1.0,1.0,0.0
5172010,12.0,7.0,5.0,0.0,0.0,1.5833333333333333,0.5833333333333334
5172017,9.0,1.0,8.0,0.0,2.0,1.1111111111111112,0.1111111111111111
5172057,5.0,0.0,5.0,0.0,0.0,1.0,0.0
5172076,11.0,0.0,11.0,0.0,5.0,1.0,0.0
5172081,9.0,1.0,8.0,0.0,2.0,1.1111111111111112,0.1111111111111111
5172141,8.0,0.0,8.0,0.0,5.0,1.0,0.0
5172147,9.0,0.0,9.0,0.0,3.0,1.0,0.0
5172149,10.0,1.0,9.0,0.0,4.0,1.1,0.1
5172154,3.0,1.0,2.0,0.0,0.0,1.3333333333333333,0.3333333333333333
5172156,8.0,0.0,8.0,0.0,2.0,1.0,0.0
5172191,6.0,1.0,5.0,0.0,3.0,1.1666666666666667,0.16666666666666666
5172204,10.0,0.0,9.0,1.0,2.0,0.9,0.0
5172211,12.0,0.0,12.0,0.0,3.0,1.0,0.0
5172256,5.0,0.0,4.0,1.0,2.0,0.8,0.0
5172266,9.0,0.0,9.0,0.0,2.0,1.0,0.0
5172298,6.0,1.0,5.0,0.0,0.0,1.1666666666666667,0.16666666666666666
5172316,6.0,2.0,4.0,0.0,1.0,1.3333333333333333,0.3333333333333333
5172326,5.0,1.0,3.0,1.0,1.0,1.0,0.2
5172337,8.0,0.0,7.0,1.0,3.0,0.875,0.0
5172381,1.0,0.0,0.0,1.0,0.0,0.0,0.0
5172399,7.0,0.0,7.0,0.0,0.0,1.0,0.0
5172401,8.0,0.0,8.0,0.0,0.0,1.0,0.0
5172403,10.0,0.0,10.0,0.0,0.0,1.0,0.0
5172415,3.0,1.0,2.0,0.0,0.0,1.3333333333333333,0.3333333333333333
5172451,11.0,0.0,11.0,0.0,0.0,1.0,0.0
5172453,7.0,2.0,5.0,0.0,0.0,1.2857142857142858,0.2857142857142857
5172483,10.0,6.0,4.0,0.0,3.0,1.6,0.6
5172531,13.0,0.0,13.0,0.0,0.0,1.0,0.0
5173464,18.0,12.0,6.0,0.0,1.0,1.6666666666666667,0.6666666666666666
5173483,13.0,0.0,9.0,4.0,4.0,0.6923076923076923,0.0
5173503,8.0,0.0,8.0,0.0,1.0,1.0,0.0
5173526,11.0,0.0,11.0,0.0,9.0,1.0,0.0
5173527,10.0,2.0,7.0,1.0,2.0,1.1,0.2
5173535,7.0,0.0,7.0,0.0,1.0,1.0,0.0
5173560,8.0,4.0,4.0,0.0,0.0,1.5,0.5
5173568,12.0,3.0,9.0,0.0,4.0,1.25,0.25
5173584,8.0,0.0,7.0,1.0,1.0,0.875,0.0
5173587,12.0,2.0,10.0,0.0,0.0,1.1666666666666667,0.16666666666666666
5173601,5.0,0.0,5.0,0.0,1.0,1.0,0.0
5173608_cleaned,19.0,2.0,17.0,0.0,3.0,1.105263157894737,0.10526315789473684
5173649,8.0,8.0,0.0,0.0,1.0,2.0,1.0
5173662,7.0,2.0,4.0,1.0,2.0,1.1428571428571428,0.2857142857142857
5173670,10.0,0.0,10.0,0.0,1.0,1.0,0.0
5173677,12.0,6.0,6.0,0.0,0.0,1.5,0.5
5173704,10.0,5.0,5.0,0.0,3.0,1.5,0.5
5173708,7.0,0.0,7.0,0.0,2.0,1.0,0.0
5173739,9.0,0.0,7.0,2.0,1.0,0.7777777777777778,0.0
5173798,12.0,0.0,8.0,4.0,0.0,0.6666666666666666,0.0
5173820,13.0,0.0,12.0,1.0,1.0,0.9230769230769231,0.0
5173827,6.0,0.0,6.0,0.0,1.0,1.0,0.0
5173838,13.0,2.0,10.0,1.0,1.0,1.0769230769230769,0.15384615384615385
5173845,8.0,2.0,6.0,0.0,3.0,1.25,0.25
5173866_cleaned,9.0,1.0,8.0,0.0,1.0,1.1111111111111112,0.1111111111111111
5173870,5.0,0.0,2.0,3.0,1.0,0.4,0.0
5173882,14.0,1.0,11.0,2.0,11.0,0.9285714285714286,0.07142857142857142
5173942_cleaned,8.0,1.0,7.0,0.0,2.0,1.125,0.125
5173983_cleaned,8.0,6.0,1.0,1.0,1.0,1.625,0.75
5173991,9.0,2.0,7.0,0.0,1.0,1.2222222222222223,0.2222222222222222
5174038,21.0,1.0,19.0,1.0,9.0,1.0,0.047619047619047616
5174043,10.0,1.0,9.0,0.0,0.0,1.1,0.1
5174047,10.0,0.0,10.0,0.0,1.0,1.0,0.0
5174081,9.0,3.0,6.0,0.0,0.0,1.3333333333333333,0.3333333333333333
5174094,13.0,0.0,9.0,4.0,3.0,0.6923076923076923,0.0
5174096,11.0,1.0,10.0,0.0,3.0,1.0909090909090908,0.09090909090909091
5174112,6.0,1.0,5.0,0.0,0.0,1.1666666666666667,0.16666666666666666
5174141,1.0,0.0,0.0,1.0,0.0,0.0,0.0
5174144,8.0,0.0,8.0,0.0,1.0,1.0,0.0
5174206,4.0,0.0,4.0,0.0,1.0,1.0,0.0
5174238,12.0,1.0,11.0,0.0,0.0,1.0833333333333333,0.08333333333333333
5174261,12.0,2.0,10.0,0.0,2.0,1.1666666666666667,0.16666666666666666
5174303,4.0,0.0,4.0,0.0,1.0,1.0,0.0
5174332,8.0,0.0,8.0,0.0,3.0,1.0,0.0
5174379,2.0,0.0,0.0,2.0,0.0,0.0,0.0
5174422,4.0,0.0,1.0,3.0,0.0,0.25,0.0
5174432,7.0,0.0,7.0,0.0,0.0,1.0,0.0
5174433,3.0,0.0,3.0,0.0,2.0,1.0,0.0
5174444,5.0,0.0,4.0,1.0,1.0,0.8,0.0
5174474,12.0,4.0,8.0,0.0,4.0,1.3333333333333333,0.3333333333333333
5174491,3.0,0.0,3.0,0.0,0.0,1.0,0.0
5174506,9.0,0.0,9.0,0.0,2.0,1.0,0.0
5174550,6.0,2.0,4.0,0.0,1.0,1.3333333333333333,0.3333333333333333
5174575,6.0,2.0,4.0,0.0,0.0,1.3333333333333333,0.3333333333333333
5174577,10.0,0.0,10.0,0.0,0.0,1.0,0.0
5174592,7.0,0.0,7.0,0.0,0.0,1.0,0.0
5174626,9.0,0.0,9.0,0.0,4.0,1.0,0.0
5174662,1.0,0.0,0.0,1.0,0.0,0.0,0.0
5174671,10.0,0.0,10.0,0.0,2.0,1.0,0.0
5176202,11.0,0.0,11.0,0.0,3.0,1.0,0.0
5176203,10.0,1.0,8.0,1.0,2.0,1.0,0.1
5176205,13.0,0.0,13.0,0.0,1.0,1.0,0.0
5176211,11.0,4.0,7.0,0.0,0.0,1.3636363636363635,0.36363636363636365
5176224,11.0,4.0,7.0,0.0,0.0,1.3636363636363635,0.36363636363636365
5176225,11.0,3.0,8.0,0.0,0.0,1.2727272727272727,0.2727272727272727
5176251,13.0,0.0,12.0,1.0,3.0,0.9230769230769231,0.0
5176265,11.0,0.0,11.0,0.0,0.0,1.0,0.0
5176685,15.0,1.0,13.0,1.0,1.0,1.0,0.06666666666666667
5176704,7.0,0.0,6.0,1.0,2.0,0.8571428571428571,0.0
5176709,10.0,1.0,5.0,4.0,0.0,0.7,0.1
5176720,10.0,2.0,8.0,0.0,2.0,1.2,0.2
5176738,8.0,3.0,5.0,0.0,0.0,1.375,0.375
5176742,4.0,0.0,2.0,2.0,1.0,0.5,0.0
5176745,9.0,2.0,7.0,0.0,2.0,1.2222222222222223,0.2222222222222222
5176752,17.0,2.0,15.0,0.0,3.0,1.1176470588235294,0.11764705882352941
5176753,12.0,7.0,4.0,1.0,1.0,1.5,0.5833333333333334
5176754,10.0,0.0,9.0,1.0,1.0,0.9,0.0
5176755,12.0,3.0,9.0,0.0,2.0,1.25,0.25
5176758,12.0,0.0,10.0,2.0,2.0,0.8333333333333334,0.0
5176767,11.0,1.0,10.0,0.0,2.0,1.0909090909090908,0.09090909090909091
5176782,5.0,0.0,4.0,1.0,1.0,0.8,0.0
5176813,5.0,0.0,3.0,2.0,0.0,0.6,0.0
5176814,7.0,0.0,7.0,0.0,0.0,1.0,0.0
5176834,12.0,9.0,3.0,0.0,3.0,1.75,0.75
5176841,7.0,0.0,7.0,0.0,1.0,1.0,0.0
5176850,7.0,0.0,6.0,1.0,2.0,0.8571428571428571,0.0
5176853,9.0,0.0,7.0,2.0,0.0,0.7777777777777778,0.0
5176857,14.0,6.0,7.0,1.0,3.0,1.3571428571428572,0.42857142857142855
5176860_cleaned,9.0,1.0,7.0,1.0,3.0,1.0,0.1111111111111111
5176885,10.0,4.0,6.0,0.0,5.0,1.4,0.4
5176900,6.0,1.0,2.0,3.0,1.0,0.6666666666666666,0.16666666666666666
5176912,4.0,0.0,2.0,2.0,0.0,0.5,0.0
5176933,8.0,0.0,7.0,1.0,5.0,0.875,0.0
5176937,12.0,6.0,6.0,0.0,2.0,1.5,0.5
5176948,8.0,0.0,8.0,0.0,0.0,1.0,0.0
5176951,10.0,1.0,8.0,1.0,1.0,1.0,0.1
5176959,9.0,3.0,6.0,0.0,1.0,1.3333333333333333,0.3333333333333333
5176991,13.0,1.0,12.0,0.0,2.0,1.0769230769230769,0.07692307692307693
5177036,5.0,0.0,4.0,1.0,2.0,0.8,0.0
5177044,9.0,0.0,9.0,0.0,3.0,1.0,0.0
5177072,9.0,4.0,5.0,0.0,5.0,1.4444444444444444,0.4444444444444444
5177100,6.0,0.0,6.0,0.0,0.0,1.0,0.0
5177172,9.0,1.0,8.0,0.0,3.0,1.1111111111111112,0.1111111111111111
5177216,7.0,0.0,6.0,1.0,0.0,0.8571428571428571,0.0
5177224,5.0,0.0,5.0,0.0,0.0,1.0,0.0
5177273,7.0,1.0,6.0,0.0,0.0,1.1428571428571428,0.14285714285714285
5177317,7.0,2.0,4.0,1.0,1.0,1.1428571428571428,0.2857142857142857
5177326,5.0,2.0,3.0,0.0,1.0,1.4,0.4
5177335,9.0,4.0,5.0,0.0,0.0,1.4444444444444444,0.4444444444444444
5177371,7.0,2.0,4.0,1.0,2.0,1.1428571428571428,0.2857142857142857
5177378,8.0,0.0,8.0,0.0,0.0,1.0,0.0
5177385,12.0,0.0,12.0,0.0,6.0,1.0,0.0
5178238,13.0,5.0,8.0,0.0,1.0,1.3846153846153846,0.38461538461538464
5178256,15.0,3.0,11.0,1.0,7.0,1.1333333333333333,0.2
5178278,10.0,7.0,3.0,0.0,3.0,1.7,0.7
5178282,6.0,0.0,5.0,1.0,1.0,0.8333333333333334,0.0
5178301,10.0,0.0,10.0,0.0,2.0,1.0,0.0
5178315,13.0,12.0,1.0,0.0,1.0,1.9230769230769231,0.9230769230769231
5178356,7.0,6.0,1.0,0.0,2.0,1.8571428571428572,0.8571428571428571
5178361,11.0,0.0,11.0,0.0,0.0,1.0,0.0
5178366,2.0,0.0,1.0,1.0,0.0,0.5,0.0
5178399,10.0,0.0,10.0,0.0,0.0,1.0,0.0
5178414,7.0,0.0,7.0,0.0,1.0,1.0,0.0
5178423,5.0,0.0,1.0,4.0,3.0,0.2,0.0
5178461,13.0,8.0,5.0,0.0,2.0,1.6153846153846154,0.6153846153846154
5178466,9.0,1.0,7.0,1.0,2.0,1.0,0.1111111111111111
5178489,6.0,0.0,1.0,5.0,1.0,0.16666666666666666,0.0
5178494,4.0,0.0,3.0,1.0,0.0,0.75,0.0
5178508,3.0,0.0,0.0,3.0,1.0,0.0,0.0
5178534,10.0,5.0,5.0,0.0,0.0,1.5,0.5
5178542,10.0,0.0,9.0,1.0,0.0,0.9,0.0
5178552,18.0,2.0,16.0,0.0,2.0,1.1111111111111112,0.1111111111111111
5178558,7.0,2.0,5.0,0.0,1.0,1.2857142857142858,0.2857142857142857
5178565,3.0,0.0,1.0,2.0,0.0,0.3333333333333333,0.0
5178574,12.0,6.0,6.0,0.0,0.0,1.5,0.5
5178580,10.0,3.0,6.0,1.0,1.0,1.2,0.3
5178581,11.0,9.0,2.0,0.0,0.0,1.8181818181818181,0.8181818181818182
5178600,11.0,2.0,9.0,0.0,2.0,1.1818181818181819,0.18181818181818182
5178601,9.0,6.0,3.0,0.0,1.0,1.6666666666666667,0.6666666666666666
5178602,11.0,1.0,10.0,0.0,3.0,1.0909090909090908,0.09090909090909091
5178612,9.0,2.0,6.0,1.0,2.0,1.1111111111111112,0.2222222222222222
5178613,10.0,3.0,6.0,1.0,4.0,1.2,0.3
5178619,13.0,11.0,2.0,0.0,2.0,1.8461538461538463,0.8461538461538461
5178631_cleaned,11.0,0.0,11.0,0.0,2.0,1.0,0.0
5178634,12.0,5.0,7.0,0.0,4.0,1.4166666666666667,0.4166666666666667
5178636,8.0,2.0,6.0,0.0,3.0,1.25,0.25
5178643,9.0,6.0,3.0,0.0,0.0,1.6666666666666667,0.6666666666666666
5178655,7.0,1.0,6.0,0.0,0.0,1.1428571428571428,0.14285714285714285
5178659,8.0,0.0,5.0,3.0,1.0,0.625,0.0
5178686,10.0,4.0,6.0,0.0,0.0,1.4,0.4
5178708,12.0,4.0,8.0,0.0,3.0,1.3333333333333333,0.3333333333333333
5178724,5.0,1.0,4.0,0.0,2.0,1.2,0.2
5178741,9.0,5.0,4.0,0.0,1.0,1.5555555555555556,0.5555555555555556
5178748,14.0,11.0,3.0,0.0,1.0,1.7857142857142858,0.7857142857142857
5178758,10.0,6.0,4.0,0.0,0.0,1.6,0.6
5178764,10.0,1.0,7.0,2.0,5.0,0.9,0.1
5178792,7.0,0.0,3.0,4.0,1.0,0.42857142857142855,0.0
5178804,6.0,1.0,5.0,0.0,2.0,1.1666666666666667,0.16666666666666666
5178822_cleaned,11.0,0.0,9.0,2.0,5.0,0.8181818181818182,0.0
5178823,9.0,6.0,3.0,0.0,1.0,1.6666666666666667,0.6666666666666666
5178834,7.0,1.0,6.0,0.0,1.0,1.1428571428571428,0.14285714285714285
5178881,7.0,0.0,7.0,0.0,4.0,1.0,0.0
5178882,7.0,0.0,7.0,0.0,1.0,1.0,0.0
5178900,10.0,0.0,10.0,0.0,3.0,1.0,0.0
5178926,3.0,0.0,1.0,2.0,0.0,0.3333333333333333,0.0
5178935,10.0,1.0,9.0,0.0,2.0,1.1,0.1
5178937,13.0,3.0,10.0,0.0,1.0,1.2307692307692308,0.23076923076923078
5178948,5.0,0.0,5.0,0.0,1.0,1.0,0.0
5178974,10.0,0.0,10.0,0.0,3.0,1.0,0.0
5178976,11.0,0.0,10.0,1.0,2.0,0.9090909090909091,0.0
5178981,7.0,0.0,7.0,0.0,4.0,1.0,0.0
5179014,8.0,0.0,8.0,0.0,2.0,1.0,0.0
5179016,14.0,1.0,13.0,0.0,3.0,1.0714285714285714,0.07142857142857142
5179022,9.0,0.0,9.0,0.0,0.0,1.0,0.0
5179049,11.0,2.0,9.0,0.0,5.0,1.1818181818181819,0.18181818181818182
5179063,8.0,1.0,7.0,0.0,2.0,1.125,0.125
5179073,11.0,6.0,5.0,0.0,1.0,1.5454545454545454,0.5454545454545454
5179106,15.0,3.0,12.0,0.0,6.0,1.2,0.2
5179163,11.0,9.0,2.0,0.0,3.0,1.8181818181818181,0.8181818181818182
5179166,6.0,0.0,3.0,3.0,1.0,0.5,0.0
5179169,8.0,0.0,8.0,0.0,3.0,1.0,0.0
5179178,8.0,3.0,5.0,0.0,3.0,1.375,0.375
5179211,9.0,0.0,9.0,0.0,1.0,1.0,0.0
5179218,10.0,1.0,9.0,0.0,3.0,1.1,0.1
5179224,8.0,0.0,8.0,0.0,0.0,1.0,0.0
5179227,6.0,0.0,6.0,0.0,1.0,1.0,0.0
5179241,7.0,0.0,7.0,0.0,3.0,1.0,0.0
5179281,1.0,0.0,0.0,1.0,1.0,0.0,0.0
5179282,4.0,1.0,3.0,0.0,0.0,1.25,0.25
5179294,9.0,0.0,6.0,3.0,2.0,0.6666666666666666,0.0
5179296,9.0,1.0,8.0,0.0,4.0,1.1111111111111112,0.1111111111111111
5179316,13.0,4.0,9.0,0.0,0.0,1.3076923076923077,0.3076923076923077
5179317,9.0,0.0,9.0,0.0,0.0,1.0,0.0
5179320,9.0,2.0,7.0,0.0,1.0,1.2222222222222223,0.2222222222222222
5179350,5.0,0.0,5.0,0.0,0.0,1.0,0.0
5179393,10.0,2.0,8.0,0.0,2.0,1.2,0.2
5179440,11.0,0.0,11.0,0.0,2.0,1.0,0.0
5180536,8.0,7.0,1.0,0.0,3.0,1.875,0.875
5180555,11.0,2.0,9.0,0.0,4.0,1.1818181818181819,0.18181818181818182
5180562,10.0,1.0,9.0,0.0,1.0,1.1,0.1
5180564,11.0,0.0,11.0,0.0,1.0,1.0,0.0
5180590,12.0,4.0,8.0,0.0,0.0,1.3333333333333333,0.3333333333333333
5180602,14.0,2.0,6.0,6.0,2.0,0.7142857142857143,0.14285714285714285
5180604,10.0,4.0,5.0,1.0,0.0,1.3,0.4
5180609,9.0,6.0,3.0,0.0,0.0,1.6666666666666667,0.6666666666666666
5180611,7.0,0.0,3.0,4.0,1.0,0.42857142857142855,0.0
5180618,11.0,0.0,5.0,6.0,0.0,0.45454545454545453,0.0
5180619,7.0,2.0,5.0,0.0,0.0,1.2857142857142858,0.2857142857142857
5180628,9.0,1.0,7.0,1.0,2.0,1.0,0.1111111111111111
5180651,8.0,0.0,3.0,5.0,1.0,0.375,0.0
5180661,11.0,0.0,10.0,1.0,5.0,0.9090909090909091,0.0
5180669,10.0,0.0,9.0,1.0,4.0,0.9,0.0
5180709,8.0,0.0,8.0,0.0,1.0,1.0,0.0
5180712,13.0,2.0,11.0,0.0,1.0,1.1538461538461537,0.15384615384615385
5180714,14.0,3.0,11.0,0.0,1.0,1.2142857142857142,0.21428571428571427
5180725,3.0,0.0,0.0,3.0,0.0,0.0,0.0
5180786,6.0,0.0,2.0,4.0,4.0,0.3333333333333333,0.0
5180813,12.0,2.0,9.0,1.0,5.0,1.0833333333333333,0.16666666666666666
5180851,12.0,0.0,11.0,1.0,5.0,0.9166666666666666,0.0
5180859,9.0,0.0,8.0,1.0,1.0,0.8888888888888888,0.0
5180860,2.0,0.0,0.0,2.0,0.0,0.0,0.0
5180873,10.0,0.0,6.0,4.0,1.0,0.6,0.0
5180879_cleaned,11.0,0.0,11.0,0.0,2.0,1.0,0.0
5180880,9.0,4.0,5.0,0.0,0.0,1.4444444444444444,0.4444444444444444
5180881,3.0,0.0,0.0,3.0,3.0,0.0,0.0
5180886,6.0,3.0,3.0,0.0,2.0,1.5,0.5
5180908,11.0,0.0,10.0,1.0,4.0,0.9090909090909091,0.0
5180909,13.0,0.0,13.0,0.0,1.0,1.0,0.0
5180922,11.0,5.0,6.0,0.0,0.0,1.4545454545454546,0.45454545454545453
5180925,12.0,1.0,10.0,1.0,6.0,1.0,0.08333333333333333
5180929,9.0,0.0,9.0,0.0,0.0,1.0,0.0
5180934,10.0,0.0,9.0,1.0,5.0,0.9,0.0
5180950,9.0,1.0,8.0,0.0,0.0,1.1111111111111112,0.1111111111111111
5180951,11.0,0.0,11.0,0.0,3.0,1.0,0.0
5180952,15.0,0.0,15.0,0.0,4.0,1.0,0.0
5180956,3.0,0.0,2.0,1.0,1.0,0.6666666666666666,0.0
5180959,10.0,0.0,10.0,0.0,1.0,1.0,0.0
5180976,10.0,0.0,10.0,0.0,3.0,1.0,0.0
5181016,9.0,1.0,8.0,0.0,1.0,1.1111111111111112,0.1111111111111111
5181036,11.0,0.0,11.0,0.0,1.0,1.0,0.0
5181049,8.0,0.0,8.0,0.0,0.0,1.0,0.0
5181050,5.0,0.0,5.0,0.0,1.0,1.0,0.0
5181078,9.0,0.0,9.0,0.0,0.0,1.0,0.0
5181080,13.0,6.0,7.0,0.0,0.0,1.4615384615384615,0.46153846153846156
5181091,13.0,0.0,13.0,0.0,0.0,1.0,0.0
5181157,4.0,0.0,3.0,1.0,2.0,0.75,0.0
5181158,6.0,0.0,5.0,1.0,0.0,0.8333333333333334,0.0
5181192,8.0,0.0,8.0,0.0,2.0,1.0,0.0
5181219,10.0,1.0,9.0,0.0,2.0,1.1,0.1
5181220,9.0,2.0,7.0,0.0,1.0,1.2222222222222223,0.2222222222222222
5181229,8.0,2.0,6.0,0.0,3.0,1.25,0.25
5181233,11.0,0.0,11.0,0.0,0.0,1.0,0.0
5181235,12.0,0.0,12.0,0.0,1.0,1.0,0.0
5181252,15.0,0.0,15.0,0.0,4.0,1.0,0.0
5181286,9.0,5.0,4.0,0.0,1.0,1.5555555555555556,0.5555555555555556
5181295,11.0,0.0,11.0,0.0,9.0,1.0,0.0
5181336,4.0,0.0,2.0,2.0,0.0,0.5,0.0
5181376,14.0,3.0,11.0,0.0,1.0,1.2142857142857142,0.21428571428571427
5181408,12.0,0.0,12.0,0.0,0.0,1.0,0.0
5181442,10.0,0.0,10.0,0.0,0.0,1.0,0.0
5183106,7.0,1.0,6.0,0.0,2.0,1.1428571428571428,0.14285714285714285
5183178,5.0,1.0,4.0,0.0,1.0,1.2,0.2
5183196,10.0,8.0,2.0,0.0,1.0,1.8,0.8
5183268,5.0,0.0,5.0,0.0,2.0,1.0,0.0
5183308,5.0,0.0,5.0,0.0,1.0,1.0,0.0
5183581_cleaned,5.0,0.0,5.0,0.0,1.0,1.0,0.0
5183741,9.0,0.0,9.0,0.0,0.0,1.0,0.0
5183745_cleaned,7.0,1.0,5.0,1.0,5.0,1.0,0.14285714285714285
5183796,6.0,1.0,5.0,0.0,1.0,1.1666666666666667,0.16666666666666666
5183825,5.0,0.0,3.0,2.0,3.0,0.6,0.0
5183851,9.0,1.0,8.0,0.0,3.0,1.1111111111111112,0.1111111111111111
5183873,5.0,2.0,3.0,0.0,0.0,1.4,0.4
5184251,10.0,1.0,5.0,4.0,4.0,0.7,0.1
5184281,8.0,0.0,1.0,7.0,3.0,0.125,0.0
5184289,8.0,0.0,5.0,3.0,4.0,0.625,0.0
5184293,7.0,0.0,6.0,1.0,3.0,0.8571428571428571,0.0
5184301,7.0,0.0,7.0,0.0,1.0,1.0,0.0
5184308,3.0,0.0,1.0,2.0,2.0,0.3333333333333333,0.0
5184317,10.0,4.0,6.0,0.0,2.0,1.4,0.4
5184344,7.0,1.0,6.0,0.0,2.0,1.1428571428571428,0.14285714285714285
5184398,12.0,2.0,10.0,0.0,0.0,1.1666666666666667,0.16666666666666666
5184401,10.0,3.0,7.0,0.0,2.0,1.3,0.3
5184415,13.0,1.0,10.0,2.0,2.0,0.9230769230769231,0.07692307692307693
5184419,10.0,5.0,5.0,0.0,0.0,1.5,0.5
5184441,9.0,4.0,5.0,0.0,2.0,1.4444444444444444,0.4444444444444444
5184446,14.0,0.0,9.0,5.0,1.0,0.6428571428571429,0.0
5184451,11.0,3.0,3.0,5.0,2.0,0.8181818181818182,0.2727272727272727
5184452,10.0,7.0,3.0,0.0,3.0,1.7,0.7
5184462,10.0,2.0,8.0,0.0,0.0,1.2,0.2
5184464,12.0,2.0,8.0,2.0,3.0,1.0,0.16666666666666666
5184470,12.0,2.0,10.0,0.0,3.0,1.1666666666666667,0.16666666666666666
5184478,13.0,5.0,8.0,0.0,3.0,1.3846153846153846,0.38461538461538464
5184482,11.0,0.0,11.0,0.0,2.0,1.0,0.0
5184486,10.0,4.0,6.0,0.0,0.0,1.4,0.4
5184506,7.0,1.0,6.0,0.0,0.0,1.1428571428571428,0.14285714285714285
5184534,17.0,0.0,15.0,2.0,1.0,0.8823529411764706,0.0
5184535,3.0,0.0,2.0,1.0,0.0,0.6666666666666666,0.0
5184544,13.0,7.0,6.0,0.0,2.0,1.5384615384615385,0.5384615384615384
5184547,12.0,0.0,12.0,0.0,3.0,1.0,0.0
5184580,10.0,4.0,5.0,1.0,0.0,1.3,0.4
5184583,7.0,0.0,7.0,0.0,1.0,1.0,0.0
5184600,8.0,0.0,8.0,0.0,1.0,1.0,0.0
5184602,11.0,5.0,6.0,0.0,1.0,1.4545454545454546,0.45454545454545453
5184607,9.0,0.0,9.0,0.0,0.0,1.0,0.0
5184608_cleaned,9.0,0.0,9.0,0.0,2.0,1.0,0.0
5184619,9.0,0.0,8.0,1.0,3.0,0.8888888888888888,0.0
5184627,10.0,0.0,6.0,4.0,0.0,0.6,0.0
5184631,10.0,0.0,10.0,0.0,4.0,1.0,0.0
5184633,8.0,1.0,6.0,1.0,0.0,1.0,0.125
5184635,11.0,2.0,9.0,0.0,0.0,1.1818181818181819,0.18181818181818182
5184640,10.0,1.0,8.0,1.0,1.0,1.0,0.1
5184654,13.0,2.0,10.0,1.0,6.0,1.0769230769230769,0.15384615384615385
5184669,12.0,1.0,7.0,4.0,1.0,0.75,0.08333333333333333
5184673,11.0,2.0,9.0,0.0,1.0,1.1818181818181819,0.18181818181818182
5184683,12.0,3.0,9.0,0.0,2.0,1.25,0.25
5184687,9.0,3.0,6.0,0.0,0.0,1.3333333333333333,0.3333333333333333
5184698,11.0,0.0,11.0,0.0,0.0,1.0,0.0
5184708,9.0,0.0,9.0,0.0,1.0,1.0,0.0
5184719_cleaned,14.0,0.0,12.0,2.0,4.0,0.8571428571428571,0.0
5184728,11.0,2.0,9.0,0.0,0.0,1.1818181818181819,0.18181818181818182
5184733,11.0,0.0,9.0,2.0,4.0,0.8181818181818182,0.0
5184777,12.0,0.0,11.0,1.0,1.0,0.9166666666666666,0.0
5184785,6.0,0.0,2.0,4.0,0.0,0.3333333333333333,0.0
5184793,5.0,0.0,5.0,0.0,0.0,1.0,0.0
5184829,7.0,0.0,6.0,1.0,0.0,0.8571428571428571,0.0
5184851,7.0,0.0,7.0,0.0,5.0,1.0,0.0
5184929,13.0,0.0,13.0,0.0,0.0,1.0,0.0
5184950,8.0,0.0,7.0,1.0,5.0,0.875,0.0
5184955,9.0,3.0,6.0,0.0,0.0,1.3333333333333333,0.3333333333333333
5184993,9.0,0.0,8.0,1.0,4.0,0.8888888888888888,0.0
5185000,6.0,0.0,6.0,0.0,2.0,1.0,0.0
5185006,7.0,4.0,3.0,0.0,0.0,1.5714285714285714,0.5714285714285714
5185063,7.0,0.0,7.0,0.0,6.0,1.0,0.0
5185103,9.0,6.0,3.0,0.0,2.0,1.6666666666666667,0.6666666666666666
5185122,10.0,0.0,10.0,0.0,0.0,1.0,0.0
5185129,9.0,2.0,7.0,0.0,3.0,1.2222222222222223,0.2222222222222222
5185147,4.0,0.0,3.0,1.0,2.0,0.75,0.0
5185156,11.0,1.0,10.0,0.0,1.0,1.0909090909090908,0.09090909090909091
5185168,8.0,2.0,6.0,0.0,0.0,1.25,0.25
5185175,10.0,1.0,9.0,0.0,0.0,1.1,0.1
5185178,4.0,1.0,3.0,0.0,0.0,1.25,0.25
5185214,8.0,3.0,5.0,0.0,0.0,1.375,0.375
5185224,10.0,0.0,10.0,0.0,0.0,1.0,0.0
5185231,14.0,2.0,12.0,0.0,3.0,1.1428571428571428,0.14285714285714285
5185257,15.0,8.0,7.0,0.0,5.0,1.5333333333333334,0.5333333333333333
5185268,7.0,0.0,7.0,0.0,0.0,1.0,0.0
5185325,11.0,7.0,4.0,0.0,1.0,1.6363636363636365,0.6363636363636364
5185367,3.0,1.0,2.0,0.0,0.0,1.3333333333333333,0.3333333333333333
5185375,9.0,0.0,9.0,0.0,4.0,1.0,0.0
5185410,2.0,0.0,2.0,0.0,1.0,1.0,0.0
5185412,1.0,0.0,0.0,1.0,0.0,0.0,0.0
5185416,8.0,0.0,8.0,0.0,4.0,1.0,0.0
5188225,3.0,0.0,0.0,3.0,0.0,0.0,0.0
5188230,4.0,0.0,3.0,1.0,0.0,0.75,0.0
5188253,4.0,0.0,3.0,1.0,1.0,0.75,0.0
5188259,6.0,0.0,1.0,5.0,2.0,0.16666666666666666,0.0
5188260,11.0,1.0,10.0,0.0,0.0,1.0909090909090908,0.09090909090909091
5188267,9.0,6.0,3.0,0.0,2.0,1.6666666666666667,0.6666666666666666
5188273,7.0,0.0,7.0,0.0,0.0,1.0,0.0
5188286,10.0,0.0,8.0,2.0,0.0,0.8,0.0
5188297,9.0,6.0,3.0,0.0,2.0,1.6666666666666667,0.6666666666666666
5188313,12.0,0.0,12.0,0.0,3.0,1.0,0.0
5188315,15.0,13.0,2.0,0.0,3.0,1.8666666666666667,0.8666666666666667
5188319_cleaned,7.0,3.0,4.0,0.0,3.0,1.4285714285714286,0.42857142857142855
5188324,9.0,0.0,3.0,6.0,4.0,0.3333333333333333,0.0
5188333,10.0,0.0,6.0,4.0,7.0,0.6,0.0
5188339,8.0,0.0,7.0,1.0,3.0,0.875,0.0
5188362,13.0,1.0,11.0,1.0,1.0,1.0,0.07692307692307693
5188368,14.0,5.0,9.0,0.0,0.0,1.3571428571428572,0.35714285714285715
5188369,12.0,0.0,9.0,3.0,4.0,0.75,0.0
5188380,12.0,0.0,6.0,6.0,2.0,0.5,0.0
5188384,11.0,2.0,9.0,0.0,0.0,1.1818181818181819,0.18181818181818182
5188391,16.0,1.0,14.0,1.0,9.0,1.0,0.0625
5188395,13.0,9.0,4.0,0.0,5.0,1.6923076923076923,0.6923076923076923
5188400,7.0,0.0,2.0,5.0,2.0,0.2857142857142857,0.0
5188415,9.0,0.0,3.0,6.0,2.0,0.3333333333333333,0.0
5188429,11.0,2.0,9.0,0.0,2.0,1.1818181818181819,0.18181818181818182
5188439,8.0,0.0,8.0,0.0,2.0,1.0,0.0
5188440,10.0,0.0,7.0,3.0,1.0,0.7,0.0
5188443,10.0,0.0,10.0,0.0,1.0,1.0,0.0
5188448,9.0,0.0,9.0,0.0,2.0,1.0,0.0
5188468,15.0,6.0,8.0,1.0,1.0,1.3333333333333333,0.4
5188497,10.0,0.0,10.0,0.0,0.0,1.0,0.0
5188499,10.0,1.0,9.0,0.0,1.0,1.1,0.1
5188511,11.0,1.0,10.0,0.0,0.0,1.0909090909090908,0.09090909090909091
5188520,9.0,1.0,8.0,0.0,5.0,1.1111111111111112,0.1111111111111111
5188531,9.0,2.0,6.0,1.0,2.0,1.1111111111111112,0.2222222222222222
5188539,12.0,5.0,7.0,0.0,4.0,1.4166666666666667,0.4166666666666667
5188552,11.0,4.0,7.0,0.0,3.0,1.3636363636363635,0.36363636363636365
5188555_cleaned,12.0,0.0,9.0,3.0,3.0,0.75,0.0
5188571,12.0,9.0,3.0,0.0,3.0,1.75,0.75
5188602,7.0,1.0,5.0,1.0,4.0,1.0,0.14285714285714285
5188615,8.0,1.0,7.0,0.0,2.0,1.125,0.125
5188628,14.0,2.0,12.0,0.0,3.0,1.1428571428571428,0.14285714285714285
5188632,9.0,3.0,6.0,0.0,1.0,1.3333333333333333,0.3333333333333333
5188637,11.0,2.0,9.0,0.0,1.0,1.1818181818181819,0.18181818181818182
5188641,15.0,15.0,0.0,0.0,3.0,2.0,1.0
5188646,14.0,3.0,9.0,2.0,3.0,1.0714285714285714,0.21428571428571427
5188652,12.0,11.0,1.0,0.0,0.0,1.9166666666666667,0.9166666666666666
5188657,9.0,1.0,8.0,0.0,4.0,1.1111111111111112,0.1111111111111111
5188668,10.0,0.0,4.0,6.0,1.0,0.4,0.0
5188677,9.0,6.0,3.0,0.0,3.0,1.6666666666666667,0.6666666666666666
5188706,8.0,0.0,7.0,1.0,2.0,0.875,0.0
5188707,13.0,6.0,7.0,0.0,1.0,1.4615384615384615,0.46153846153846156
5188713,7.0,5.0,2.0,0.0,0.0,1.7142857142857142,0.7142857142857143
5188720,11.0,1.0,8.0,2.0,3.0,0.9090909090909091,0.09090909090909091
5188727,12.0,0.0,10.0,2.0,1.0,0.8333333333333334,0.0
5188731,12.0,0.0,10.0,2.0,2.0,0.8333333333333334,0.0
5188749,7.0,7.0,0.0,0.0,0.0,2.0,1.0
5188750,8.0,1.0,7.0,0.0,2.0,1.125,0.125
5188751,11.0,2.0,9.0,0.0,2.0,1.1818181818181819,0.18181818181818182
5188753,4.0,0.0,0.0,4.0,1.0,0.0,0.0
5188757,10.0,3.0,7.0,0.0,1.0,1.3,0.3
5188767,8.0,0.0,5.0,3.0,0.0,0.625,0.0
5188783_cleaned,11.0,0.0,11.0,0.0,2.0,1.0,0.0
5188848,7.0,5.0,2.0,0.0,5.0,1.7142857142857142,0.7142857142857143
5188856,10.0,2.0,8.0,0.0,4.0,1.2,0.2
5188862,7.0,0.0,7.0,0.0,0.0,1.0,0.0
5188915,10.0,0.0,10.0,0.0,1.0,1.0,0.0
5188920,12.0,1.0,11.0,0.0,7.0,1.0833333333333333,0.08333333333333333
5188946,10.0,4.0,6.0,0.0,1.0,1.4,0.4
5188952,13.0,4.0,9.0,0.0,2.0,1.3076923076923077,0.3076923076923077
5188957,7.0,0.0,7.0,0.0,2.0,1.0,0.0
5188991,9.0,4.0,5.0,0.0,3.0,1.4444444444444444,0.4444444444444444
5188992,9.0,0.0,9.0,0.0,4.0,1.0,0.0
5189007,6.0,0.0,6.0,0.0,1.0,1.0,0.0
5189035,11.0,4.0,7.0,0.0,2.0,1.3636363636363635,0.36363636363636365
5189059,7.0,0.0,7.0,0.0,3.0,1.0,0.0
5189078,10.0,4.0,6.0,0.0,2.0,1.4,0.4
5189108,9.0,1.0,8.0,0.0,4.0,1.1111111111111112,0.1111111111111111
5189127,9.0,2.0,7.0,0.0,2.0,1.2222222222222223,0.2222222222222222
5189141,7.0,3.0,4.0,0.0,0.0,1.4285714285714286,0.42857142857142855
5189147,14.0,2.0,12.0,0.0,5.0,1.1428571428571428,0.14285714285714285
5189172,5.0,0.0,5.0,0.0,0.0,1.0,0.0
5189173,12.0,0.0,12.0,0.0,6.0,1.0,0.0
5189217,12.0,0.0,12.0,0.0,2.0,1.0,0.0
5189237,9.0,0.0,8.0,1.0,3.0,0.8888888888888888,0.0
5189263,9.0,4.0,5.0,0.0,0.0,1.4444444444444444,0.4444444444444444
5189287,16.0,2.0,14.0,0.0,5.0,1.125,0.125
5189317,8.0,0.0,8.0,0.0,1.0,1.0,0.0
5196157,13.0,0.0,13.0,0.0,2.0,1.0,0.0
5196164,6.0,0.0,6.0,0.0,0.0,1.0,0.0
5196183,10.0,0.0,1.0,9.0,0.0,0.1,0.0
5196188,6.0,0.0,6.0,0.0,2.0,1.0,0.0
5196190,10.0,1.0,8.0,1.0,0.0,1.0,0.1
5196194,6.0,0.0,4.0,2.0,0.0,0.6666666666666666,0.0
5196209,10.0,0.0,10.0,0.0,0.0,1.0,0.0
5196213,10.0,0.0,1.0,9.0,2.0,0.1,0.0
5196232,14.0,12.0,2.0,0.0,1.0,1.8571428571428572,0.8571428571428571
5196270,12.0,1.0,11.0,0.0,3.0,1.0833333333333333,0.08333333333333333
5196280,9.0,0.0,5.0,4.0,5.0,0.5555555555555556,0.0
5196289,12.0,2.0,10.0,0.0,3.0,1.1666666666666667,0.16666666666666666
5196296,12.0,2.0,2.0,8.0,3.0,0.5,0.16666666666666666
5196328,7.0,0.0,5.0,2.0,2.0,0.7142857142857143,0.0
5196330,9.0,0.0,8.0,1.0,0.0,0.8888888888888888,0.0
5196360,7.0,0.0,6.0,1.0,0.0,0.8571428571428571,0.0
5196374,9.0,2.0,7.0,0.0,4.0,1.2222222222222223,0.2222222222222222
5196389,12.0,10.0,2.0,0.0,2.0,1.8333333333333333,0.8333333333333334
5196411,10.0,0.0,8.0,2.0,2.0,0.8,0.0
5196414,15.0,3.0,12.0,0.0,3.0,1.2,0.2
5196416,10.0,4.0,6.0,0.0,3.0,1.4,0.4
5196430,9.0,0.0,8.0,1.0,4.0,0.8888888888888888,0.0
5196439,16.0,0.0,15.0,1.0,1.0,0.9375,0.0
5196451,9.0,3.0,6.0,0.0,1.0,1.3333333333333333,0.3333333333333333
5196456,14.0,5.0,9.0,0.0,3.0,1.3571428571428572,0.35714285714285715
5196466,7.0,0.0,5.0,2.0,4.0,0.7142857142857143,0.0
5196467,13.0,5.0,7.0,1.0,0.0,1.3076923076923077,0.38461538461538464
5196476,9.0,6.0,2.0,1.0,2.0,1.5555555555555556,0.6666666666666666
5196483,9.0,0.0,7.0,2.0,2.0,0.7777777777777778,0.0
5196511,9.0,4.0,5.0,0.0,2.0,1.4444444444444444,0.4444444444444444
5196522,6.0,3.0,3.0,0.0,0.0,1.5,0.5
5196534,13.0,4.0,9.0,0.0,2.0,1.3076923076923077,0.3076923076923077
5196542,10.0,1.0,7.0,2.0,7.0,0.9,0.1
5196544,8.0,0.0,4.0,4.0,2.0,0.5,0.0
5196550,10.0,1.0,8.0,1.0,2.0,1.0,0.1
5196552,6.0,0.0,6.0,0.0,0.0,1.0,0.0
5196561,10.0,0.0,8.0,2.0,0.0,0.8,0.0
5196564,21.0,9.0,12.0,0.0,1.0,1.4285714285714286,0.42857142857142855
5196598,13.0,13.0,0.0,0.0,3.0,2.0,1.0
5196614,9.0,0.0,9.0,0.0,0.0,1.0,0.0
5196633,17.0,0.0,16.0,1.0,1.0,0.9411764705882353,0.0
5196641,5.0,1.0,3.0,1.0,0.0,1.0,0.2
5196645,5.0,0.0,4.0,1.0,1.0,0.8,0.0
5196649,8.0,1.0,5.0,2.0,1.0,0.875,0.125
5196660,10.0,4.0,6.0,0.0,3.0,1.4,0.4
5196695,15.0,1.0,12.0,2.0,3.0,0.9333333333333333,0.06666666666666667
5196696,14.0,3.0,11.0,0.0,8.0,1.2142857142857142,0.21428571428571427
5196707,9.0,3.0,6.0,0.0,6.0,1.3333333333333333,0.3333333333333333
5196711,12.0,3.0,4.0,5.0,2.0,0.8333333333333334,0.25
5196760,5.0,0.0,3.0,2.0,1.0,0.6,0.0
5196768,8.0,0.0,8.0,0.0,0.0,1.0,0.0
5196803,8.0,1.0,7.0,0.0,4.0,1.125,0.125
5196829,8.0,0.0,8.0,0.0,6.0,1.0,0.0
5196843,12.0,4.0,8.0,0.0,4.0,1.3333333333333333,0.3333333333333333
5196853,5.0,2.0,3.0,0.0,2.0,1.4,0.4
5196871,12.0,0.0,12.0,0.0,5.0,1.0,0.0
5196876,13.0,6.0,7.0,0.0,3.0,1.4615384615384615,0.46153846153846156
5196887,10.0,0.0,10.0,0.0,1.0,1.0,0.0
5196889,11.0,2.0,9.0,0.0,6.0,1.1818181818181819,0.18181818181818182
5196934,9.0,0.0,9.0,0.0,1.0,1.0,0.0
5196967,5.0,1.0,4.0,0.0,2.0,1.2,0.2
5196981,8.0,1.0,7.0,0.0,2.0,1.125,0.125
5197043,12.0,2.0,10.0,0.0,6.0,1.1666666666666667,0.16666666666666666
5197055,8.0,0.0,8.0,0.0,1.0,1.0,0.0
5197056,15.0,2.0,13.0,0.0,4.0,1.1333333333333333,0.13333333333333333
5197090,11.0,5.0,6.0,0.0,4.0,1.4545454545454546,0.45454545454545453
5197095,11.0,0.0,11.0,0.0,0.0,1.0,0.0
5197128,9.0,0.0,9.0,0.0,2.0,1.0,0.0
5197131,8.0,7.0,1.0,0.0,1.0,1.875,0.875
5197146,13.0,2.0,11.0,0.0,0.0,1.1538461538461537,0.15384615384615385
5197180,7.0,1.0,6.0,0.0,1.0,1.1428571428571428,0.14285714285714285
5197217,9.0,0.0,9.0,0.0,4.0,1.0,0.0
5197219,12.0,1.0,9.0,2.0,4.0,0.9166666666666666,0.08333333333333333
5197237,5.0,1.0,4.0,0.0,0.0,1.2,0.2
5197245,9.0,0.0,9.0,0.0,4.0,1.0,0.0
5197273,10.0,0.0,9.0,1.0,6.0,0.9,0.0
5197315,14.0,0.0,14.0,0.0,2.0,1.0,0.0
5197325,16.0,0.0,16.0,0.0,3.0,1.0,0.0
5197356,8.0,0.0,7.0,1.0,4.0,0.875,0.0
5197984,15.0,9.0,6.0,0.0,0.0,1.6,0.6
5197989,13.0,3.0,9.0,1.0,4.0,1.1538461538461537,0.23076923076923078
5198026,12.0,6.0,6.0,0.0,3.0,1.5,0.5
5198081,10.0,0.0,10.0,0.0,5.0,1.0,0.0
5198095,11.0,1.0,10.0,0.0,1.0,1.0909090909090908,0.09090909090909091
5198113,12.0,4.0,8.0,0.0,1.0,1.3333333333333333,0.3333333333333333
5198118,15.0,0.0,10.0,5.0,3.0,0.6666666666666666,0.0
5198119,10.0,0.0,7.0,3.0,3.0,0.7,0.0
5198137,9.0,7.0,1.0,1.0,5.0,1.6666666666666667,0.7777777777777778
5198140,10.0,0.0,9.0,1.0,1.0,0.9,0.0
5198150,10.0,1.0,9.0,0.0,1.0,1.1,0.1
5198187,3.0,0.0,3.0,0.0,0.0,1.0,0.0
5198222,12.0,0.0,12.0,0.0,6.0,1.0,0.0
5200530,7.0,1.0,6.0,0.0,3.0,1.1428571428571428,0.14285714285714285
5201699,11.0,0.0,11.0,0.0,4.0,1.0,0.0
5201702,5.0,0.0,2.0,3.0,1.0,0.4,0.0
5201725,7.0,0.0,1.0,6.0,1.0,0.14285714285714285,0.0
5201746,9.0,1.0,8.0,0.0,1.0,1.1111111111111112,0.1111111111111111
5204993,10.0,1.0,9.0,0.0,4.0,1.1,0.1
5205019,11.0,7.0,4.0,0.0,3.0,1.6363636363636365,0.6363636363636364
5205020,7.0,2.0,5.0,0.0,1.0,1.2857142857142858,0.2857142857142857
5205051,14.0,12.0,2.0,0.0,2.0,1.8571428571428572,0.8571428571428571
5205068,7.0,1.0,6.0,0.0,1.0,1.1428571428571428,0.14285714285714285
5205096,7.0,2.0,5.0,0.0,1.0,1.2857142857142858,0.2857142857142857
5205097,12.0,1.0,11.0,0.0,1.0,1.0833333333333333,0.08333333333333333
5205107,9.0,3.0,6.0,0.0,3.0,1.3333333333333333,0.3333333333333333
5205145,8.0,0.0,7.0,1.0,2.0,0.875,0.0
5205169,7.0,2.0,5.0,0.0,1.0,1.2857142857142858,0.2857142857142857
5205185,15.0,1.0,14.0,0.0,1.0,1.0666666666666667,0.06666666666666667
5205187,9.0,0.0,9.0,0.0,0.0,1.0,0.0
5205202,8.0,2.0,6.0,0.0,1.0,1.25,0.25
5205238,6.0,0.0,6.0,0.0,1.0,1.0,0.0
5205250,9.0,1.0,6.0,2.0,0.0,0.8888888888888888,0.1111111111111111
5205258,10.0,1.0,9.0,0.0,1.0,1.1,0.1
5205294,12.0,4.0,8.0,0.0,2.0,1.3333333333333333,0.3333333333333333
5205320,11.0,1.0,10.0,0.0,3.0,1.0909090909090908,0.09090909090909091
5205331,10.0,0.0,10.0,0.0,3.0,1.0,0.0
5205338,11.0,0.0,9.0,2.0,3.0,0.8181818181818182,0.0
5205345,9.0,0.0,9.0,0.0,4.0,1.0,0.0
5205385,14.0,0.0,14.0,0.0,3.0,1.0,0.0
5205420,5.0,0.0,4.0,1.0,1.0,0.8,0.0
5205452,8.0,0.0,8.0,0.0,1.0,1.0,0.0
5205479,9.0,7.0,2.0,0.0,1.0,1.7777777777777777,0.7777777777777778
5205511,5.0,0.0,2.0,3.0,1.0,0.4,0.0
5205548,11.0,4.0,7.0,0.0,1.0,1.3636363636363635,0.36363636363636365
5205562,8.0,4.0,4.0,0.0,2.0,1.5,0.5
5205589,7.0,1.0,5.0,1.0,2.0,1.0,0.14285714285714285
5205601,12.0,3.0,9.0,0.0,1.0,1.25,0.25
5205629,12.0,3.0,8.0,1.0,1.0,1.1666666666666667,0.25
5205634,11.0,0.0,0.0,11.0,3.0,0.0,0.0
5205641,14.0,0.0,14.0,0.0,3.0,1.0,0.0
5205692,9.0,0.0,5.0,4.0,1.0,0.5555555555555556,0.0
5205703,6.0,0.0,5.0,1.0,2.0,0.8333333333333334,0.0
5205832,12.0,6.0,6.0,0.0,5.0,1.5,0.5
5205858,4.0,1.0,3.0,0.0,0.0,1.25,0.25
5205865,6.0,0.0,3.0,3.0,0.0,0.5,0.0
5205866,10.0,0.0,10.0,0.0,0.0,1.0,0.0
5205894,14.0,0.0,14.0,0.0,4.0,1.0,0.0
5205967,9.0,0.0,9.0,0.0,1.0,1.0,0.0
5205982,11.0,0.0,11.0,0.0,4.0,1.0,0.0
5206007,8.0,1.0,7.0,0.0,3.0,1.125,0.125
5206016,6.0,0.0,6.0,0.0,5.0,1.0,0.0
5206042,2.0,0.0,2.0,0.0,0.0,1.0,0.0
5206148,5.0,1.0,3.0,1.0,0.0,1.0,0.2
5206211,6.0,1.0,5.0,0.0,2.0,1.1666666666666667,0.16666666666666666
5206228,9.0,0.0,9.0,0.0,0.0,1.0,0.0
5206296,8.0,0.0,7.0,1.0,4.0,0.875,0.0
5206330,7.0,1.0,6.0,0.0,1.0,1.1428571428571428,0.14285714285714285
5206333,12.0,5.0,7.0,0.0,1.0,1.4166666666666667,0.4166666666666667
5206408,11.0,0.0,11.0,0.0,1.0,1.0,0.0
5206438,4.0,0.0,2.0,2.0,1.0,0.5,0.0
520804115212010thLitAB,7.0,0.0,7.0,0.0,0.0,1.0,0.0
5212409,11.0,0.0,9.0,2.0,0.0,0.8181818181818182,0.0
5212410,10.0,3.0,7.0,0.0,1.0,1.3,0.3
5212418,12.0,4.0,8.0,0.0,3.0,1.3333333333333333,0.3333333333333333
5212426,9.0,3.0,6.0,0.0,1.0,1.3333333333333333,0.3333333333333333
5212445,13.0,1.0,8.0,4.0,7.0,0.7692307692307693,0.07692307692307693
5212466,6.0,1.0,3.0,2.0,1.0,0.8333333333333334,0.16666666666666666
5212476,6.0,0.0,6.0,0.0,1.0,1.0,0.0
5212483,8.0,2.0,5.0,1.0,0.0,1.125,0.25
5212491,10.0,6.0,4.0,0.0,4.0,1.6,0.6
5212493,10.0,3.0,7.0,0.0,2.0,1.3,0.3
5212500,9.0,0.0,9.0,0.0,4.0,1.0,0.0
5212507,8.0,1.0,6.0,1.0,2.0,1.0,0.125
5212514,12.0,0.0,12.0,0.0,4.0,1.0,0.0
5212517,12.0,4.0,8.0,0.0,1.0,1.3333333333333333,0.3333333333333333
5212524,8.0,2.0,2.0,4.0,1.0,0.75,0.25
5212530,10.0,0.0,10.0,0.0,0.0,1.0,0.0
5212532,6.0,0.0,6.0,0.0,2.0,1.0,0.0
5212551,8.0,4.0,4.0,0.0,1.0,1.5,0.5
5212554,9.0,4.0,5.0,0.0,3.0,1.4444444444444444,0.4444444444444444
5212555,5.0,0.0,4.0,1.0,0.0,0.8,0.0
5212556,12.0,0.0,11.0,1.0,2.0,0.9166666666666666,0.0
5212575,9.0,0.0,9.0,0.0,1.0,1.0,0.0
5212579_cleaned,14.0,7.0,7.0,0.0,1.0,1.5,0.5
5212586,9.0,5.0,4.0,0.0,5.0,1.5555555555555556,0.5555555555555556
5212606,7.0,0.0,4.0,3.0,0.0,0.5714285714285714,0.0
5212607,12.0,2.0,10.0,0.0,1.0,1.1666666666666667,0.16666666666666666
5212631,13.0,8.0,5.0,0.0,4.0,1.6153846153846154,0.6153846153846154
5212635,8.0,0.0,8.0,0.0,0.0,1.0,0.0
5212659,11.0,0.0,9.0,2.0,2.0,0.8181818181818182,0.0
5212680,10.0,0.0,10.0,0.0,2.0,1.0,0.0
5212683,13.0,7.0,6.0,0.0,0.0,1.5384615384615385,0.5384615384615384
5212694,9.0,0.0,9.0,0.0,1.0,1.0,0.0
5212698,9.0,1.0,8.0,0.0,0.0,1.1111111111111112,0.1111111111111111
5212736_cleaned,7.0,0.0,5.0,2.0,5.0,0.7142857142857143,0.0
5212740,9.0,2.0,7.0,0.0,1.0,1.2222222222222223,0.2222222222222222
5212754,9.0,4.0,5.0,0.0,0.0,1.4444444444444444,0.4444444444444444
5212758,8.0,2.0,6.0,0.0,1.0,1.25,0.25
5212762,11.0,2.0,9.0,0.0,0.0,1.1818181818181819,0.18181818181818182
5212782,6.0,0.0,6.0,0.0,1.0,1.0,0.0
5212805,9.0,0.0,7.0,2.0,0.0,0.7777777777777778,0.0
5212811,9.0,1.0,6.0,2.0,0.0,0.8888888888888888,0.1111111111111111
5212814,12.0,1.0,10.0,1.0,3.0,1.0,0.08333333333333333
5212817,9.0,0.0,9.0,0.0,0.0,1.0,0.0
5212833,6.0,1.0,5.0,0.0,0.0,1.1666666666666667,0.16666666666666666
5212851,11.0,1.0,10.0,0.0,3.0,1.0909090909090908,0.09090909090909091
5212882,1.0,0.0,0.0,1.0,0.0,0.0,0.0
5212896,8.0,1.0,7.0,0.0,0.0,1.125,0.125
5212912,7.0,0.0,7.0,0.0,2.0,1.0,0.0
5212919,7.0,0.0,7.0,0.0,0.0,1.0,0.0
5212960,10.0,2.0,8.0,0.0,3.0,1.2,0.2
5212969,4.0,0.0,0.0,4.0,0.0,0.0,0.0
5212997,11.0,0.0,11.0,0.0,2.0,1.0,0.0
5212998,3.0,0.0,3.0,0.0,2.0,1.0,0.0
5213011,5.0,0.0,2.0,3.0,1.0,0.4,0.0
5213047,11.0,1.0,10.0,0.0,4.0,1.0909090909090908,0.09090909090909091
5213065,14.0,2.0,12.0,0.0,2.0,1.1428571428571428,0.14285714285714285
5213080,12.0,0.0,12.0,0.0,5.0,1.0,0.0
5213087,10.0,0.0,10.0,0.0,0.0,1.0,0.0
5213112,12.0,1.0,11.0,0.0,2.0,1.0833333333333333,0.08333333333333333
5213114,10.0,0.0,10.0,0.0,6.0,1.0,0.0
5213130,18.0,12.0,5.0,1.0,0.0,1.6111111111111112,0.6666666666666666
5213149,13.0,0.0,13.0,0.0,0.0,1.0,0.0
5213231,6.0,0.0,6.0,0.0,3.0,1.0,0.0
5213917,5.0,0.0,2.0,3.0,1.0,0.4,0.0
5213975,10.0,1.0,8.0,1.0,1.0,1.0,0.1
5213985,7.0,1.0,6.0,0.0,1.0,1.1428571428571428,0.14285714285714285
5214092,9.0,2.0,7.0,0.0,2.0,1.2222222222222223,0.2222222222222222
5214132,9.0,0.0,9.0,0.0,0.0,1.0,0.0
5214133,7.0,0.0,7.0,0.0,1.0,1.0,0.0
5214136,8.0,4.0,4.0,0.0,3.0,1.5,0.5
5214141,13.0,3.0,10.0,0.0,3.0,1.2307692307692308,0.23076923076923078
5214155,3.0,0.0,1.0,2.0,0.0,0.3333333333333333,0.0
5214158,6.0,0.0,6.0,0.0,2.0,1.0,0.0
5214172,11.0,1.0,10.0,0.0,3.0,1.0909090909090908,0.09090909090909091
5214209,9.0,0.0,9.0,0.0,0.0,1.0,0.0
5214231,7.0,3.0,4.0,0.0,0.0,1.4285714285714286,0.42857142857142855
5214491_cleaned,14.0,2.0,12.0,0.0,2.0,1.1428571428571428,0.14285714285714285
5214514,9.0,0.0,9.0,0.0,4.0,1.0,0.0
5214532,7.0,4.0,3.0,0.0,1.0,1.5714285714285714,0.5714285714285714
5214534,8.0,2.0,6.0,0.0,3.0,1.25,0.25
5214558,8.0,3.0,5.0,0.0,0.0,1.375,0.375
5214563,7.0,0.0,7.0,0.0,3.0,1.0,0.0
5214588,12.0,6.0,6.0,0.0,1.0,1.5,0.5
5214630,10.0,2.0,4.0,4.0,1.0,0.8,0.2
5214639,9.0,8.0,1.0,0.0,0.0,1.8888888888888888,0.8888888888888888
5214643,17.0,6.0,10.0,1.0,6.0,1.2941176470588236,0.35294117647058826
5214658,8.0,0.0,8.0,0.0,3.0,1.0,0.0
5214697,9.0,4.0,5.0,0.0,0.0,1.4444444444444444,0.4444444444444444
5214712,4.0,0.0,4.0,0.0,0.0,1.0,0.0
5214870,11.0,7.0,4.0,0.0,2.0,1.6363636363636365,0.6363636363636364
5214882,7.0,1.0,6.0,0.0,4.0,1.1428571428571428,0.14285714285714285
5214896,9.0,1.0,8.0,0.0,4.0,1.1111111111111112,0.1111111111111111
5214897_cleaned,11.0,0.0,9.0,2.0,2.0,0.8181818181818182,0.0
5214915,10.0,0.0,10.0,0.0,6.0,1.0,0.0
5214944,8.0,0.0,7.0,1.0,2.0,0.875,0.0
5214994,5.0,0.0,5.0,0.0,0.0,1.0,0.0
5215026,5.0,0.0,4.0,1.0,4.0,0.8,0.0
5215203,11.0,3.0,8.0,0.0,1.0,1.2727272727272727,0.2727272727272727
5215206,8.0,0.0,7.0,1.0,5.0,0.875,0.0
5215298,3.0,0.0,1.0,2.0,2.0,0.3333333333333333,0.0
5215324,6.0,0.0,4.0,2.0,1.0,0.6666666666666666,0.0
5215429,8.0,1.0,7.0,0.0,2.0,1.125,0.125
5215670,11.0,10.0,1.0,0.0,1.0,1.9090909090909092,0.9090909090909091
5215781,7.0,0.0,6.0,1.0,1.0,0.8571428571428571,0.0
5215857,7.0,0.0,7.0,0.0,0.0,1.0,0.0
5215887,11.0,2.0,9.0,0.0,1.0,1.1818181818181819,0.18181818181818182
5215978,8.0,0.0,7.0,1.0,2.0,0.875,0.0
5216013,10.0,6.0,4.0,0.0,5.0,1.6,0.6
5216055,15.0,1.0,14.0,0.0,3.0,1.0666666666666667,0.06666666666666667
5216089,9.0,0.0,9.0,0.0,1.0,1.0,0.0
5216124,12.0,0.0,12.0,0.0,5.0,1.0,0.0
5216296_cleaned,7.0,0.0,6.0,1.0,1.0,0.8571428571428571,0.0
5216460,9.0,0.0,8.0,1.0,2.0,0.8888888888888888,0.0
5216523,14.0,12.0,2.0,0.0,2.0,1.8571428571428572,0.8571428571428571
5216614,6.0,0.0,6.0,0.0,1.0,1.0,0.0
5216655_cleaned,12.0,0.0,12.0,0.0,2.0,1.0,0.0
5216847,8.0,2.0,6.0,0.0,1.0,1.25,0.25
5216870,17.0,1.0,15.0,1.0,5.0,1.0,0.058823529411764705
5216930,6.0,0.0,6.0,0.0,3.0,1.0,0.0
5216985,14.0,6.0,8.0,0.0,5.0,1.4285714285714286,0.42857142857142855
5217054,8.0,2.0,6.0,0.0,1.0,1.25,0.25
5217138,8.0,0.0,8.0,0.0,3.0,1.0,0.0
5217153,8.0,0.0,8.0,0.0,3.0,1.0,0.0
5218078,7.0,0.0,7.0,0.0,0.0,1.0,0.0
5218090,7.0,0.0,7.0,0.0,0.0,1.0,0.0
5218095,8.0,0.0,6.0,2.0,0.0,0.75,0.0
5218182,8.0,0.0,5.0,3.0,2.0,0.625,0.0
5218196,6.0,0.0,6.0,0.0,2.0,1.0,0.0
5218210,13.0,0.0,13.0,0.0,2.0,1.0,0.0
5218223,7.0,0.0,7.0,0.0,3.0,1.0,0.0
5218235,8.0,0.0,2.0,6.0,1.0,0.25,0.0
5218276,4.0,0.0,2.0,2.0,0.0,0.5,0.0
5218316,7.0,0.0,7.0,0.0,1.0,1.0,0.0
5218337,8.0,0.0,8.0,0.0,5.0,1.0,0.0
5218413,5.0,0.0,1.0,4.0,3.0,0.2,0.0
5218528,12.0,5.0,7.0,0.0,5.0,1.4166666666666667,0.4166666666666667
5218529,10.0,0.0,10.0,0.0,0.0,1.0,0.0
5218562,10.0,3.0,7.0,0.0,2.0,1.3,0.3
5218631,10.0,0.0,8.0,2.0,1.0,0.8,0.0
5218658,8.0,1.0,3.0,4.0,2.0,0.625,0.125
5218691,11.0,0.0,11.0,0.0,5.0,1.0,0.0
5218711,5.0,0.0,2.0,3.0,0.0,0.4,0.0
5218776,9.0,6.0,3.0,0.0,3.0,1.6666666666666667,0.6666666666666666
5218787,5.0,0.0,3.0,2.0,1.0,0.6,0.0
5218838,2.0,0.0,2.0,0.0,1.0,1.0,0.0
5218840,9.0,8.0,1.0,0.0,1.0,1.8888888888888888,0.8888888888888888
5218946,10.0,0.0,10.0,0.0,3.0,1.0,0.0
5218951,6.0,0.0,2.0,4.0,4.0,0.3333333333333333,0.0
5218975,8.0,0.0,8.0,0.0,5.0,1.0,0.0
5219003,2.0,0.0,0.0,2.0,1.0,0.0,0.0
5219014,7.0,0.0,7.0,0.0,0.0,1.0,0.0
5219022,7.0,0.0,7.0,0.0,2.0,1.0,0.0
522340115212010thLitAB,7.0,0.0,7.0,0.0,1.0,1.0,0.0
524578115212010thLitAB,12.0,0.0,12.0,0.0,3.0,1.0,0.0
525730115212010thLitAB,9.0,4.0,5.0,0.0,1.0,1.4444444444444444,0.4444444444444444
5265369,13.0,3.0,10.0,0.0,1.0,1.2307692307692308,0.23076923076923078
5265422,8.0,0.0,8.0,0.0,0.0,1.0,0.0
5265515,14.0,0.0,14.0,0.0,3.0,1.0,0.0
5265546,7.0,0.0,6.0,1.0,0.0,0.8571428571428571,0.0
5265620,5.0,0.0,4.0,1.0,1.0,0.8,0.0
5265638,9.0,0.0,9.0,0.0,4.0,1.0,0.0
5265684,8.0,0.0,8.0,0.0,4.0,1.0,0.0
5265694,4.0,0.0,4.0,0.0,1.0,1.0,0.0
5265840,8.0,0.0,7.0,1.0,0.0,0.875,0.0
5265964,10.0,0.0,10.0,0.0,4.0,1.0,0.0
5266090,6.0,0.0,5.0,1.0,1.0,0.8333333333333334,0.0
5266283,1.0,0.0,0.0,1.0,0.0,0.0,0.0
5266293,8.0,0.0,8.0,0.0,2.0,1.0,0.0
5266301,11.0,2.0,9.0,0.0,1.0,1.1818181818181819,0.18181818181818182
5266353,10.0,0.0,10.0,0.0,0.0,1.0,0.0
5266442,9.0,0.0,8.0,1.0,2.0,0.8888888888888888,0.0
5266455,8.0,1.0,7.0,0.0,1.0,1.125,0.125
5266496,7.0,1.0,5.0,1.0,3.0,1.0,0.14285714285714285
5266504,8.0,0.0,8.0,0.0,3.0,1.0,0.0
5266525,10.0,1.0,9.0,0.0,2.0,1.1,0.1
5266561,6.0,0.0,5.0,1.0,1.0,0.8333333333333334,0.0
5266603,3.0,0.0,3.0,0.0,0.0,1.0,0.0
5266638,8.0,0.0,1.0,7.0,2.0,0.125,0.0
5266648,10.0,3.0,7.0,0.0,5.0,1.3,0.3
5266747,11.0,0.0,11.0,0.0,0.0,1.0,0.0
5266815,9.0,2.0,7.0,0.0,0.0,1.2222222222222223,0.2222222222222222
5266832,7.0,0.0,5.0,2.0,0.0,0.7142857142857143,0.0
5266995,8.0,0.0,8.0,0.0,4.0,1.0,0.0
5267030,14.0,6.0,7.0,1.0,1.0,1.3571428571428572,0.42857142857142855
5267186,9.0,0.0,9.0,0.0,1.0,1.0,0.0
5267202,12.0,2.0,10.0,0.0,1.0,1.1666666666666667,0.16666666666666666
5267325,9.0,0.0,9.0,0.0,0.0,1.0,0.0
5267434,9.0,0.0,9.0,0.0,1.0,1.0,0.0
5267507,7.0,0.0,7.0,0.0,4.0,1.0,0.0
5267580,7.0,3.0,4.0,0.0,1.0,1.4285714285714286,0.42857142857142855
5267607,9.0,0.0,9.0,0.0,0.0,1.0,0.0
5267646,6.0,0.0,6.0,0.0,2.0,1.0,0.0
5267656,10.0,1.0,9.0,0.0,2.0,1.1,0.1
5267676,12.0,0.0,10.0,2.0,2.0,0.8333333333333334,0.0
5267679,6.0,0.0,4.0,2.0,1.0,0.6666666666666666,0.0
5267795,11.0,0.0,10.0,1.0,2.0,0.9090909090909091,0.0
5267922,8.0,0.0,8.0,0.0,2.0,1.0,0.0
5268057,4.0,0.0,1.0,3.0,0.0,0.25,0.0
5268073,5.0,1.0,4.0,0.0,1.0,1.2,0.2
527182115212010thLitAB,6.0,0.0,5.0,1.0,0.0,0.8333333333333334,0.0
5279629,7.0,1.0,6.0,0.0,4.0,1.1428571428571428,0.14285714285714285
5279728,12.0,0.0,12.0,0.0,5.0,1.0,0.0
5280293,17.0,0.0,15.0,2.0,1.0,0.8823529411764706,0.0
5280328,14.0,0.0,6.0,8.0,0.0,0.42857142857142855,0.0
5289914,8.0,0.0,8.0,0.0,2.0,1.0,0.0
5297547,4.0,0.0,3.0,1.0,2.0,0.75,0.0
5297582,7.0,0.0,7.0,0.0,3.0,1.0,0.0
5297630,11.0,3.0,8.0,0.0,1.0,1.2727272727272727,0.2727272727272727
5297642,8.0,0.0,7.0,1.0,2.0,0.875,0.0
5297668,7.0,0.0,5.0,2.0,1.0,0.7142857142857143,0.0
5297678,10.0,1.0,9.0,0.0,1.0,1.1,0.1
5297848,7.0,0.0,7.0,0.0,4.0,1.0,0.0
5297937,9.0,0.0,9.0,0.0,3.0,1.0,0.0
5297972,9.0,1.0,7.0,1.0,1.0,1.0,0.1111111111111111
5297975,12.0,0.0,12.0,0.0,3.0,1.0,0.0
5297995,11.0,0.0,11.0,0.0,0.0,1.0,0.0
5298002,7.0,0.0,6.0,1.0,0.0,0.8571428571428571,0.0
5298018,9.0,0.0,9.0,0.0,1.0,1.0,0.0
5298027,5.0,0.0,5.0,0.0,3.0,1.0,0.0
5298042,15.0,4.0,11.0,0.0,1.0,1.2666666666666666,0.26666666666666666
5298063,8.0,0.0,4.0,4.0,1.0,0.5,0.0
5298090,7.0,0.0,7.0,0.0,3.0,1.0,0.0
5298119,4.0,0.0,3.0,1.0,0.0,0.75,0.0
5298124,7.0,0.0,4.0,3.0,0.0,0.5714285714285714,0.0
5298136,11.0,4.0,7.0,0.0,5.0,1.3636363636363635,0.36363636363636365
5298143,7.0,0.0,6.0,1.0,0.0,0.8571428571428571,0.0
5298293,6.0,0.0,5.0,1.0,1.0,0.8333333333333334,0.0
5298339,8.0,0.0,8.0,0.0,1.0,1.0,0.0
5298342,6.0,0.0,4.0,2.0,0.0,0.6666666666666666,0.0
5298353,11.0,1.0,9.0,1.0,2.0,1.0,0.09090909090909091
5298372,10.0,0.0,6.0,4.0,3.0,0.6,0.0
5298381,6.0,0.0,4.0,2.0,3.0,0.6666666666666666,0.0
5298507,9.0,2.0,7.0,0.0,1.0,1.2222222222222223,0.2222222222222222
5298527,8.0,0.0,8.0,0.0,0.0,1.0,0.0
5298554,2.0,0.0,1.0,1.0,0.0,0.5,0.0
5298562,13.0,0.0,12.0,1.0,3.0,0.9230769230769231,0.0
5298687,11.0,0.0,11.0,0.0,0.0,1.0,0.0
5298779,6.0,1.0,5.0,0.0,2.0,1.1666666666666667,0.16666666666666666
5298798,10.0,1.0,8.0,1.0,0.0,1.0,0.1
5298855,12.0,1.0,10.0,1.0,0.0,1.0,0.08333333333333333
5298998,4.0,0.0,4.0,0.0,1.0,1.0,0.0
5299036,6.0,0.0,6.0,0.0,0.0,1.0,0.0
5299058,10.0,0.0,10.0,0.0,1.0,1.0,0.0
5299107_cleaned,10.0,1.0,9.0,0.0,2.0,1.1,0.1
5299124,5.0,1.0,4.0,0.0,1.0,1.2,0.2
5299154,8.0,0.0,8.0,0.0,2.0,1.0,0.0
5299172,11.0,0.0,11.0,0.0,0.0,1.0,0.0
5299206,9.0,3.0,6.0,0.0,3.0,1.3333333333333333,0.3333333333333333
5299216,10.0,0.0,5.0,5.0,0.0,0.5,0.0
5299248,7.0,1.0,5.0,1.0,2.0,1.0,0.14285714285714285
5299262,12.0,0.0,12.0,0.0,4.0,1.0,0.0
5299298,9.0,5.0,4.0,0.0,0.0,1.5555555555555556,0.5555555555555556
5299313,9.0,0.0,8.0,1.0,0.0,0.8888888888888888,0.0
5299331_cleaned,7.0,0.0,7.0,0.0,3.0,1.0,0.0
5299345,12.0,2.0,10.0,0.0,0.0,1.1666666666666667,0.16666666666666666
5299355,9.0,1.0,7.0,1.0,2.0,1.0,0.1111111111111111
5299380,9.0,0.0,8.0,1.0,0.0,0.8888888888888888,0.0
5299401_cleaned,10.0,0.0,4.0,6.0,1.0,0.4,0.0
5299416,11.0,0.0,10.0,1.0,0.0,0.9090909090909091,0.0
5299419,9.0,1.0,7.0,1.0,1.0,1.0,0.1111111111111111
5299424,10.0,2.0,8.0,0.0,0.0,1.2,0.2
5299476,8.0,0.0,8.0,0.0,5.0,1.0,0.0
5299487,12.0,8.0,4.0,0.0,3.0,1.6666666666666667,0.6666666666666666
5299521,8.0,3.0,3.0,2.0,2.0,1.125,0.375
5299524,12.0,0.0,12.0,0.0,1.0,1.0,0.0
5299572,17.0,3.0,14.0,0.0,1.0,1.1764705882352942,0.17647058823529413
5299581,10.0,0.0,9.0,1.0,1.0,0.9,0.0
5299615,12.0,5.0,7.0,0.0,0.0,1.4166666666666667,0.4166666666666667
5299647,9.0,3.0,6.0,0.0,2.0,1.3333333333333333,0.3333333333333333
5299683,6.0,1.0,5.0,0.0,2.0,1.1666666666666667,0.16666666666666666
5299694,7.0,3.0,4.0,0.0,2.0,1.4285714285714286,0.42857142857142855
5299696,9.0,0.0,6.0,3.0,1.0,0.6666666666666666,0.0
5299714,5.0,0.0,5.0,0.0,0.0,1.0,0.0
5299765,11.0,5.0,6.0,0.0,5.0,1.4545454545454546,0.45454545454545453
5299778,11.0,3.0,8.0,0.0,3.0,1.2727272727272727,0.2727272727272727
5299802,8.0,0.0,7.0,1.0,3.0,0.875,0.0
5299852,6.0,0.0,6.0,0.0,1.0,1.0,0.0
5299881,7.0,0.0,7.0,0.0,1.0,1.0,0.0
5299884,12.0,3.0,9.0,0.0,1.0,1.25,0.25
5299914,11.0,0.0,9.0,2.0,1.0,0.8181818181818182,0.0
5299915_cleaned,8.0,1.0,7.0,0.0,2.0,1.125,0.125
5299917,10.0,2.0,8.0,0.0,2.0,1.2,0.2
5299926,1.0,0.0,0.0,1.0,0.0,0.0,0.0
5299936_cleaned,8.0,0.0,8.0,0.0,1.0,1.0,0.0
5299965,7.0,0.0,6.0,1.0,1.0,0.8571428571428571,0.0
5300038,8.0,0.0,8.0,0.0,1.0,1.0,0.0
5300480,11.0,0.0,6.0,5.0,0.0,0.5454545454545454,0.0
5300648,8.0,0.0,4.0,4.0,2.0,0.5,0.0
5300688,15.0,5.0,10.0,0.0,2.0,1.3333333333333333,0.3333333333333333
5301688,9.0,0.0,6.0,3.0,1.0,0.6666666666666666,0.0
5301723,7.0,0.0,5.0,2.0,3.0,0.7142857142857143,0.0
5301812,14.0,1.0,12.0,1.0,5.0,1.0,0.07142857142857142
5301927,11.0,2.0,9.0,0.0,2.0,1.1818181818181819,0.18181818181818182
5301989,7.0,1.0,6.0,0.0,1.0,1.1428571428571428,0.14285714285714285
530234115212010thLitAB,9.0,7.0,2.0,0.0,3.0,1.7777777777777777,0.7777777777777778
5302814,6.0,0.0,6.0,0.0,1.0,1.0,0.0
5302836_cleaned,3.0,0.0,3.0,0.0,1.0,1.0,0.0
5302851,11.0,0.0,11.0,0.0,4.0,1.0,0.0
5303010,14.0,1.0,13.0,0.0,1.0,1.0714285714285714,0.07142857142857142
5303122_cleaned,11.0,1.0,10.0,0.0,7.0,1.0909090909090908,0.09090909090909091
5303127,4.0,0.0,4.0,0.0,0.0,1.0,0.0
5303142,6.0,0.0,5.0,1.0,1.0,0.8333333333333334,0.0
5303180,9.0,0.0,9.0,0.0,0.0,1.0,0.0
5303283,14.0,0.0,14.0,0.0,0.0,1.0,0.0
5303313,8.0,2.0,6.0,0.0,1.0,1.25,0.25
5303379,13.0,0.0,10.0,3.0,1.0,0.7692307692307693,0.0
5303423,7.0,2.0,5.0,0.0,0.0,1.2857142857142858,0.2857142857142857
5303441,9.0,4.0,5.0,0.0,0.0,1.4444444444444444,0.4444444444444444
5303905,11.0,1.0,9.0,1.0,7.0,1.0,0.09090909090909091
5307144,7.0,0.0,4.0,3.0,5.0,0.5714285714285714,0.0
5307166,8.0,0.0,7.0,1.0,1.0,0.875,0.0
5307255,4.0,0.0,4.0,0.0,2.0,1.0,0.0
5307314,15.0,6.0,9.0,0.0,0.0,1.4,0.4
5307318,8.0,0.0,5.0,3.0,6.0,0.625,0.0
5307339,14.0,1.0,13.0,0.0,7.0,1.0714285714285714,0.07142857142857142
5307402,6.0,0.0,6.0,0.0,1.0,1.0,0.0
5307498,13.0,5.0,8.0,0.0,2.0,1.3846153846153846,0.38461538461538464
5307521,3.0,0.0,1.0,2.0,1.0,0.3333333333333333,0.0
5307554,9.0,1.0,4.0,4.0,1.0,0.6666666666666666,0.1111111111111111
5307655,5.0,0.0,2.0,3.0,1.0,0.4,0.0
5307716,6.0,4.0,2.0,0.0,1.0,1.6666666666666667,0.6666666666666666
5307717,7.0,0.0,2.0,5.0,1.0,0.2857142857142857,0.0
5307757,11.0,1.0,10.0,0.0,1.0,1.0909090909090908,0.09090909090909091
5307807,10.0,1.0,8.0,1.0,1.0,1.0,0.1
5307822,6.0,1.0,4.0,1.0,1.0,1.0,0.16666666666666666
5307844,10.0,8.0,2.0,0.0,3.0,1.8,0.8
5307927,9.0,0.0,3.0,6.0,1.0,0.3333333333333333,0.0
5308015,7.0,0.0,6.0,1.0,1.0,0.8571428571428571,0.0
5308053,9.0,2.0,7.0,0.0,7.0,1.2222222222222223,0.2222222222222222
5308107,6.0,1.0,3.0,2.0,2.0,0.8333333333333334,0.16666666666666666
5308147,5.0,0.0,5.0,0.0,4.0,1.0,0.0
5308156,11.0,0.0,11.0,0.0,5.0,1.0,0.0
5308211,8.0,0.0,8.0,0.0,4.0,1.0,0.0
5308278,12.0,1.0,11.0,0.0,3.0,1.0833333333333333,0.08333333333333333
5308300,10.0,0.0,2.0,8.0,1.0,0.2,0.0
5308387,15.0,2.0,13.0,0.0,0.0,1.1333333333333333,0.13333333333333333
5308390,8.0,0.0,8.0,0.0,4.0,1.0,0.0
5308392,7.0,1.0,6.0,0.0,1.0,1.1428571428571428,0.14285714285714285
5308407,5.0,0.0,5.0,0.0,1.0,1.0,0.0
5308462,5.0,0.0,3.0,2.0,0.0,0.6,0.0
5312974,10.0,3.0,4.0,3.0,1.0,1.0,0.3
5312982,9.0,0.0,6.0,3.0,2.0,0.6666666666666666,0.0
5312998,10.0,0.0,10.0,0.0,2.0,1.0,0.0
5313035,11.0,2.0,9.0,0.0,2.0,1.1818181818181819,0.18181818181818182
5313049,8.0,1.0,7.0,0.0,0.0,1.125,0.125
5313122,9.0,0.0,7.0,2.0,4.0,0.7777777777777778,0.0
5313123,8.0,0.0,8.0,0.0,0.0,1.0,0.0
5313150,12.0,1.0,11.0,0.0,1.0,1.0833333333333333,0.08333333333333333
5313177,4.0,0.0,4.0,0.0,0.0,1.0,0.0
5313186,6.0,0.0,6.0,0.0,0.0,1.0,0.0
5313269,8.0,2.0,6.0,0.0,1.0,1.25,0.25
5313272,9.0,0.0,4.0,5.0,0.0,0.4444444444444444,0.0
5313319,10.0,0.0,5.0,5.0,2.0,0.5,0.0
5313326,9.0,0.0,5.0,4.0,0.0,0.5555555555555556,0.0
5313338,5.0,0.0,5.0,0.0,1.0,1.0,0.0
5313362,7.0,0.0,7.0,0.0,1.0,1.0,0.0
5313365,3.0,0.0,2.0,1.0,0.0,0.6666666666666666,0.0
5313366,7.0,0.0,5.0,2.0,1.0,0.7142857142857143,0.0
5313368,13.0,1.0,12.0,0.0,2.0,1.0769230769230769,0.07692307692307693
5313398,7.0,0.0,7.0,0.0,0.0,1.0,0.0
5313400,10.0,0.0,7.0,3.0,0.0,0.7,0.0
5313418,10.0,1.0,9.0,0.0,3.0,1.1,0.1
5313446,7.0,1.0,6.0,0.0,3.0,1.1428571428571428,0.14285714285714285
5313448,9.0,1.0,8.0,0.0,2.0,1.1111111111111112,0.1111111111111111
5313462,6.0,0.0,6.0,0.0,0.0,1.0,0.0
5313492,8.0,0.0,8.0,0.0,3.0,1.0,0.0
531747115212610thLitBPhones&Driving,9.0,2.0,7.0,0.0,1.0,1.2222222222222223,0.2222222222222222
532600115212610thLitBPhones&Driving,12.0,2.0,10.0,0.0,1.0,1.1666666666666667,0.16666666666666666
533045115212610thLitB,11.0,3.0,8.0,0.0,1.0,1.2727272727272727,0.2727272727272727
5341396,13.0,1.0,12.0,0.0,3.0,1.0769230769230769,0.07692307692307693
5341426,12.0,1.0,8.0,3.0,5.0,0.8333333333333334,0.08333333333333333
5341467,10.0,0.0,9.0,1.0,3.0,0.9,0.0
5341507,15.0,7.0,8.0,0.0,4.0,1.4666666666666666,0.4666666666666667
5341508,11.0,3.0,8.0,0.0,2.0,1.2727272727272727,0.2727272727272727
5341513,10.0,0.0,10.0,0.0,1.0,1.0,0.0
5341518,3.0,0.0,0.0,3.0,1.0,0.0,0.0
5341542,8.0,0.0,6.0,2.0,1.0,0.75,0.0
5341550,10.0,3.0,7.0,0.0,2.0,1.3,0.3
5341600,9.0,3.0,6.0,0.0,3.0,1.3333333333333333,0.3333333333333333
5341626,4.0,0.0,4.0,0.0,1.0,1.0,0.0
5341627,15.0,0.0,13.0,2.0,4.0,0.8666666666666667,0.0
5341630,7.0,0.0,7.0,0.0,5.0,1.0,0.0
5341658,10.0,0.0,10.0,0.0,2.0,1.0,0.0
5341679,16.0,0.0,11.0,5.0,3.0,0.6875,0.0
5341686,5.0,0.0,5.0,0.0,2.0,1.0,0.0
5341765,9.0,1.0,8.0,0.0,0.0,1.1111111111111112,0.1111111111111111
5341798,7.0,0.0,5.0,2.0,1.0,0.7142857142857143,0.0
5341804,8.0,1.0,7.0,0.0,0.0,1.125,0.125
5341811,9.0,0.0,4.0,5.0,1.0,0.4444444444444444,0.0
5341818_cleaned,9.0,7.0,2.0,0.0,3.0,1.7777777777777777,0.7777777777777778
5341863,7.0,1.0,6.0,0.0,1.0,1.1428571428571428,0.14285714285714285
5341910,11.0,0.0,7.0,4.0,3.0,0.6363636363636364,0.0
5341935_cleaned,9.0,1.0,6.0,2.0,2.0,0.8888888888888888,0.1111111111111111
5341960,7.0,2.0,5.0,0.0,1.0,1.2857142857142858,0.2857142857142857
5341974,10.0,0.0,9.0,1.0,1.0,0.9,0.0
5341998,12.0,0.0,8.0,4.0,2.0,0.6666666666666666,0.0
5342050,13.0,5.0,8.0,0.0,0.0,1.3846153846153846,0.38461538461538464
5342108,7.0,0.0,6.0,1.0,2.0,0.8571428571428571,0.0
5342129,12.0,0.0,12.0,0.0,5.0,1.0,0.0
5342224,11.0,2.0,8.0,1.0,1.0,1.0909090909090908,0.18181818181818182
5342292,1.0,0.0,0.0,1.0,0.0,0.0,0.0
5342294,8.0,0.0,8.0,0.0,0.0,1.0,0.0
5342310,8.0,0.0,8.0,0.0,4.0,1.0,0.0
5342320,7.0,2.0,5.0,0.0,3.0,1.2857142857142858,0.2857142857142857
5342325,12.0,1.0,9.0,2.0,1.0,0.9166666666666666,0.08333333333333333
5342362,8.0,2.0,6.0,0.0,2.0,1.25,0.25
5342375,13.0,3.0,10.0,0.0,5.0,1.2307692307692308,0.23076923076923078
5342384,8.0,0.0,6.0,2.0,1.0,0.75,0.0
5342433,7.0,0.0,7.0,0.0,2.0,1.0,0.0
5342454,9.0,0.0,6.0,3.0,0.0,0.6666666666666666,0.0
5344174,10.0,0.0,10.0,0.0,1.0,1.0,0.0
5344175,11.0,3.0,8.0,0.0,0.0,1.2727272727272727,0.2727272727272727
5344196,4.0,0.0,4.0,0.0,0.0,1.0,0.0
5344205,8.0,0.0,6.0,2.0,1.0,0.75,0.0
5344211,7.0,0.0,7.0,0.0,1.0,1.0,0.0
5344228,9.0,0.0,9.0,0.0,0.0,1.0,0.0
5344249,13.0,4.0,9.0,0.0,1.0,1.3076923076923077,0.3076923076923077
5344252,12.0,4.0,8.0,0.0,3.0,1.3333333333333333,0.3333333333333333
5344260,7.0,0.0,7.0,0.0,0.0,1.0,0.0
5344270,7.0,1.0,6.0,0.0,1.0,1.1428571428571428,0.14285714285714285
5344275,5.0,0.0,4.0,1.0,1.0,0.8,0.0
5344279,9.0,0.0,9.0,0.0,2.0,1.0,0.0
5344300,9.0,2.0,6.0,1.0,2.0,1.1111111111111112,0.2222222222222222
5344307,10.0,2.0,8.0,0.0,0.0,1.2,0.2
5344314,10.0,0.0,10.0,0.0,3.0,1.0,0.0
5344319,7.0,0.0,7.0,0.0,0.0,1.0,0.0
5344331,6.0,0.0,6.0,0.0,0.0,1.0,0.0
5344342,2.0,0.0,1.0,1.0,1.0,0.5,0.0
5344346,11.0,7.0,4.0,0.0,3.0,1.6363636363636365,0.6363636363636364
5344378,9.0,1.0,8.0,0.0,5.0,1.1111111111111112,0.1111111111111111
5344383,6.0,0.0,4.0,2.0,1.0,0.6666666666666666,0.0
5344435,5.0,1.0,4.0,0.0,0.0,1.2,0.2
5344464,9.0,1.0,8.0,0.0,0.0,1.1111111111111112,0.1111111111111111
5344503,9.0,7.0,2.0,0.0,2.0,1.7777777777777777,0.7777777777777778
5344514,6.0,0.0,6.0,0.0,1.0,1.0,0.0
5344540,10.0,10.0,0.0,0.0,3.0,2.0,1.0
5344548_cleaned,7.0,5.0,2.0,0.0,2.0,1.7142857142857142,0.7142857142857143
5344553,7.0,4.0,3.0,0.0,0.0,1.5714285714285714,0.5714285714285714
5344575,8.0,0.0,8.0,0.0,3.0,1.0,0.0
5344576,8.0,0.0,7.0,1.0,2.0,0.875,0.0
5344608,3.0,0.0,1.0,2.0,2.0,0.3333333333333333,0.0
5344651_cleaned,7.0,3.0,4.0,0.0,0.0,1.4285714285714286,0.42857142857142855
5344653,3.0,0.0,1.0,2.0,1.0,0.3333333333333333,0.0
5344697,7.0,0.0,2.0,5.0,1.0,0.2857142857142857,0.0
5344702,10.0,0.0,5.0,5.0,3.0,0.5,0.0
5344715,15.0,0.0,12.0,3.0,1.0,0.8,0.0
5347322,10.0,2.0,4.0,4.0,3.0,0.8,0.2
5347402,10.0,5.0,5.0,0.0,3.0,1.5,0.5
5347517,7.0,1.0,5.0,1.0,1.0,1.0,0.14285714285714285
5347740,10.0,1.0,8.0,1.0,1.0,1.0,0.1
5347749,11.0,2.0,9.0,0.0,1.0,1.1818181818181819,0.18181818181818182
5347753,13.0,5.0,6.0,2.0,0.0,1.2307692307692308,0.38461538461538464
5347830,15.0,3.0,12.0,0.0,1.0,1.2,0.2
5347860,7.0,1.0,5.0,1.0,1.0,1.0,0.14285714285714285
5347863,12.0,5.0,6.0,1.0,5.0,1.3333333333333333,0.4166666666666667
5348063,3.0,0.0,1.0,2.0,2.0,0.3333333333333333,0.0
5348103,13.0,1.0,12.0,0.0,2.0,1.0769230769230769,0.07692307692307693
5348149_cleaned,9.0,4.0,5.0,0.0,2.0,1.4444444444444444,0.4444444444444444
5348215,11.0,2.0,9.0,0.0,1.0,1.1818181818181819,0.18181818181818182
5348436,6.0,1.0,5.0,0.0,0.0,1.1666666666666667,0.16666666666666666
5348772,10.0,0.0,10.0,0.0,0.0,1.0,0.0
5348810,9.0,0.0,5.0,4.0,3.0,0.5555555555555556,0.0
5348973,9.0,2.0,6.0,1.0,4.0,1.1111111111111112,0.2222222222222222
5349182,8.0,0.0,8.0,0.0,2.0,1.0,0.0
5349230,7.0,1.0,6.0,0.0,1.0,1.1428571428571428,0.14285714285714285
5349382,7.0,0.0,5.0,2.0,2.0,0.7142857142857143,0.0
5349422,12.0,0.0,12.0,0.0,5.0,1.0,0.0
5349488,11.0,0.0,11.0,0.0,0.0,1.0,0.0
5349494,3.0,0.0,0.0,3.0,1.0,0.0,0.0
5349654,11.0,6.0,5.0,0.0,2.0,1.5454545454545454,0.5454545454545454
5349872,16.0,1.0,15.0,0.0,1.0,1.0625,0.0625
5349888,9.0,7.0,2.0,0.0,0.0,1.7777777777777777,0.7777777777777778
5349898,7.0,0.0,6.0,1.0,4.0,0.8571428571428571,0.0
5349913_cleaned,9.0,0.0,8.0,1.0,1.0,0.8888888888888888,0.0
5349970,4.0,0.0,4.0,0.0,0.0,1.0,0.0
5349982,9.0,3.0,6.0,0.0,4.0,1.3333333333333333,0.3333333333333333
5350271,7.0,1.0,6.0,0.0,0.0,1.1428571428571428,0.14285714285714285
5350393,8.0,4.0,4.0,0.0,6.0,1.5,0.5
5350406,5.0,0.0,3.0,2.0,1.0,0.6,0.0
5350459,11.0,9.0,2.0,0.0,0.0,1.8181818181818181,0.8181818181818182
5350521,9.0,4.0,5.0,0.0,2.0,1.4444444444444444,0.4444444444444444
5350572,10.0,2.0,8.0,0.0,0.0,1.2,0.2
5350706,11.0,0.0,11.0,0.0,1.0,1.0,0.0
5350776,7.0,4.0,3.0,0.0,2.0,1.5714285714285714,0.5714285714285714
5350870,5.0,0.0,5.0,0.0,1.0,1.0,0.0
5350989,11.0,0.0,11.0,0.0,0.0,1.0,0.0
5351047,12.0,0.0,12.0,0.0,3.0,1.0,0.0
5351112,6.0,0.0,3.0,3.0,4.0,0.5,0.0
5351115,8.0,1.0,6.0,1.0,6.0,1.0,0.125
5351124,12.0,0.0,12.0,0.0,5.0,1.0,0.0
5351141,6.0,0.0,2.0,4.0,0.0,0.3333333333333333,0.0
5351278,6.0,0.0,3.0,3.0,2.0,0.5,0.0
5351324,13.0,0.0,7.0,6.0,4.0,0.5384615384615384,0.0
5351356,12.0,1.0,11.0,0.0,2.0,1.0833333333333333,0.08333333333333333
5351458,7.0,0.0,2.0,5.0,2.0,0.2857142857142857,0.0
5351554,10.0,5.0,5.0,0.0,0.0,1.5,0.5
5351653,2.0,0.0,2.0,0.0,2.0,1.0,0.0
5351719,7.0,3.0,4.0,0.0,4.0,1.4285714285714286,0.42857142857142855
5351762,11.0,4.0,7.0,0.0,4.0,1.3636363636363635,0.36363636363636365
5351817,6.0,0.0,6.0,0.0,1.0,1.0,0.0
5351836,6.0,0.0,2.0,4.0,3.0,0.3333333333333333,0.0
5351850,10.0,0.0,10.0,0.0,3.0,1.0,0.0
5351926,7.0,0.0,7.0,0.0,0.0,1.0,0.0
5351968,11.0,0.0,9.0,2.0,1.0,0.8181818181818182,0.0
5352059,7.0,0.0,6.0,1.0,0.0,0.8571428571428571,0.0
5352080,1.0,0.0,0.0,1.0,0.0,0.0,0.0
5352120_cleaned,7.0,1.0,6.0,0.0,1.0,1.1428571428571428,0.14285714285714285
5352149,7.0,0.0,7.0,0.0,4.0,1.0,0.0
5352235,12.0,1.0,11.0,0.0,1.0,1.0833333333333333,0.08333333333333333
5352283,8.0,0.0,7.0,1.0,1.0,0.875,0.0
5352361,11.0,6.0,5.0,0.0,6.0,1.5454545454545454,0.5454545454545454
5352429,7.0,0.0,7.0,0.0,2.0,1.0,0.0
5352433,9.0,1.0,8.0,0.0,1.0,1.1111111111111112,0.1111111111111111
5352447,10.0,0.0,10.0,0.0,3.0,1.0,0.0
5352594,8.0,3.0,5.0,0.0,4.0,1.375,0.375
5352610,5.0,0.0,1.0,4.0,4.0,0.2,0.0
5352663,12.0,4.0,6.0,2.0,1.0,1.1666666666666667,0.3333333333333333
5352700,2.0,0.0,0.0,2.0,1.0,0.0,0.0
5352896,9.0,3.0,6.0,0.0,2.0,1.3333333333333333,0.3333333333333333
5352902,8.0,0.0,8.0,0.0,3.0,1.0,0.0
5353096,13.0,5.0,8.0,0.0,1.0,1.3846153846153846,0.38461538461538464
535314115212010thLitAB,9.0,1.0,8.0,0.0,0.0,1.1111111111111112,0.1111111111111111
5353239,9.0,1.0,8.0,0.0,1.0,1.1111111111111112,0.1111111111111111
5353244,8.0,0.0,7.0,1.0,1.0,0.875,0.0
5353281,8.0,0.0,8.0,0.0,4.0,1.0,0.0
5353303,4.0,0.0,2.0,2.0,1.0,0.5,0.0
5353346,12.0,6.0,5.0,1.0,1.0,1.4166666666666667,0.5
5353387,7.0,4.0,3.0,0.0,3.0,1.5714285714285714,0.5714285714285714
5353399,13.0,0.0,13.0,0.0,3.0,1.0,0.0
5353451,9.0,5.0,4.0,0.0,1.0,1.5555555555555556,0.5555555555555556
5353483,8.0,5.0,3.0,0.0,1.0,1.625,0.625
5353489,10.0,0.0,10.0,0.0,4.0,1.0,0.0
5353557,9.0,0.0,9.0,0.0,3.0,1.0,0.0
5353576,14.0,9.0,5.0,0.0,1.0,1.6428571428571428,0.6428571428571429
5353586,22.0,9.0,13.0,0.0,0.0,1.4090909090909092,0.4090909090909091
5353592,11.0,0.0,11.0,0.0,1.0,1.0,0.0
5353604,12.0,2.0,10.0,0.0,2.0,1.1666666666666667,0.16666666666666666
5353610,12.0,3.0,8.0,1.0,3.0,1.1666666666666667,0.25
5353724,12.0,5.0,7.0,0.0,0.0,1.4166666666666667,0.4166666666666667
5353742,12.0,0.0,12.0,0.0,2.0,1.0,0.0
5353751,4.0,0.0,2.0,2.0,0.0,0.5,0.0
5353830,7.0,7.0,0.0,0.0,1.0,2.0,1.0
5353876,8.0,0.0,7.0,1.0,1.0,0.875,0.0
5353888,9.0,0.0,4.0,5.0,3.0,0.4444444444444444,0.0
5353906,13.0,0.0,13.0,0.0,1.0,1.0,0.0
5353944,17.0,1.0,16.0,0.0,1.0,1.0588235294117647,0.058823529411764705
5353956,10.0,2.0,7.0,1.0,1.0,1.1,0.2
5353962,12.0,9.0,3.0,0.0,6.0,1.75,0.75
5353998,10.0,9.0,1.0,0.0,1.0,1.9,0.9
5354074,10.0,4.0,6.0,0.0,1.0,1.4,0.4
5354088,13.0,7.0,6.0,0.0,6.0,1.5384615384615385,0.5384615384615384
5354097,1.0,0.0,0.0,1.0,0.0,0.0,0.0
5354104,11.0,1.0,9.0,1.0,5.0,1.0,0.09090909090909091
5354114,10.0,2.0,8.0,0.0,4.0,1.2,0.2
5354137,12.0,2.0,10.0,0.0,1.0,1.1666666666666667,0.16666666666666666
5354162,5.0,0.0,5.0,0.0,1.0,1.0,0.0
5354186,10.0,2.0,8.0,0.0,3.0,1.2,0.2
5354213,6.0,0.0,3.0,3.0,4.0,0.5,0.0
5354223,5.0,0.0,3.0,2.0,3.0,0.6,0.0
5354232,10.0,0.0,10.0,0.0,3.0,1.0,0.0
5354256,15.0,5.0,10.0,0.0,1.0,1.3333333333333333,0.3333333333333333
5354275,9.0,2.0,7.0,0.0,2.0,1.2222222222222223,0.2222222222222222
5354277,10.0,0.0,9.0,1.0,1.0,0.9,0.0
5354336,11.0,5.0,5.0,1.0,0.0,1.3636363636363635,0.45454545454545453
5354360,9.0,0.0,6.0,3.0,1.0,0.6666666666666666,0.0
5354363,19.0,18.0,1.0,0.0,0.0,1.9473684210526316,0.9473684210526315
5354434,7.0,3.0,4.0,0.0,1.0,1.4285714285714286,0.42857142857142855
5354438,9.0,1.0,8.0,0.0,4.0,1.1111111111111112,0.1111111111111111
5354446,15.0,15.0,0.0,0.0,0.0,2.0,1.0
5354454,8.0,0.0,7.0,1.0,2.0,0.875,0.0
5354475,12.0,2.0,10.0,0.0,1.0,1.1666666666666667,0.16666666666666666
5354496,13.0,0.0,13.0,0.0,3.0,1.0,0.0
5354499,17.0,11.0,6.0,0.0,4.0,1.6470588235294117,0.6470588235294118
5354583,11.0,3.0,8.0,0.0,0.0,1.2727272727272727,0.2727272727272727
5354601,11.0,0.0,9.0,2.0,4.0,0.8181818181818182,0.0
5354621,15.0,3.0,9.0,3.0,1.0,1.0,0.2
5354942,10.0,8.0,2.0,0.0,4.0,1.8,0.8
5354979,12.0,1.0,11.0,0.0,1.0,1.0833333333333333,0.08333333333333333
5355001,8.0,1.0,7.0,0.0,4.0,1.125,0.125
5355024,9.0,2.0,6.0,1.0,2.0,1.1111111111111112,0.2222222222222222
5355060,16.0,2.0,14.0,0.0,3.0,1.125,0.125
5355286,8.0,0.0,6.0,2.0,2.0,0.75,0.0
5355307,5.0,2.0,3.0,0.0,0.0,1.4,0.4
5355344,7.0,5.0,1.0,1.0,5.0,1.5714285714285714,0.7142857142857143
5355475,10.0,2.0,8.0,0.0,0.0,1.2,0.2
5355817,9.0,7.0,2.0,0.0,3.0,1.7777777777777777,0.7777777777777778
5355858,11.0,3.0,8.0,0.0,2.0,1.2727272727272727,0.2727272727272727
5356016,13.0,1.0,12.0,0.0,2.0,1.0769230769230769,0.07692307692307693
5356146,8.0,4.0,4.0,0.0,0.0,1.5,0.5
5356239,6.0,0.0,5.0,1.0,0.0,0.8333333333333334,0.0
5356437,6.0,0.0,4.0,2.0,3.0,0.6666666666666666,0.0
5356549,5.0,0.0,4.0,1.0,2.0,0.8,0.0
5356579,5.0,1.0,3.0,1.0,1.0,1.0,0.2
5356708,13.0,4.0,7.0,2.0,3.0,1.1538461538461537,0.3076923076923077
5357918,6.0,1.0,5.0,0.0,1.0,1.1666666666666667,0.16666666666666666
5358281,3.0,0.0,2.0,1.0,0.0,0.6666666666666666,0.0
5358374,9.0,1.0,8.0,0.0,4.0,1.1111111111111112,0.1111111111111111
5358473,10.0,3.0,7.0,0.0,2.0,1.3,0.3
5359006,6.0,2.0,4.0,0.0,2.0,1.3333333333333333,0.3333333333333333
5359038,9.0,2.0,6.0,1.0,1.0,1.1111111111111112,0.2222222222222222
5359201,9.0,3.0,6.0,0.0,1.0,1.3333333333333333,0.3333333333333333
5359206,13.0,9.0,3.0,1.0,4.0,1.6153846153846154,0.6923076923076923
5359348,7.0,0.0,7.0,0.0,0.0,1.0,0.0
5359645,3.0,0.0,0.0,3.0,0.0,0.0,0.0
535966115212010thLitAB,12.0,0.0,12.0,0.0,1.0,1.0,0.0
5359705,9.0,0.0,7.0,2.0,2.0,0.7777777777777778,0.0
5359971,7.0,1.0,6.0,0.0,0.0,1.1428571428571428,0.14285714285714285
5361144,12.0,0.0,6.0,6.0,2.0,0.5,0.0
5361245,8.0,0.0,7.0,1.0,0.0,0.875,0.0
5361486,6.0,0.0,5.0,1.0,0.0,0.8333333333333334,0.0
5362473,8.0,2.0,6.0,0.0,0.0,1.25,0.25
5362711,10.0,3.0,7.0,0.0,2.0,1.3,0.3
5362783,14.0,5.0,9.0,0.0,2.0,1.3571428571428572,0.35714285714285715
5363056,9.0,2.0,7.0,0.0,2.0,1.2222222222222223,0.2222222222222222
5363064,10.0,6.0,4.0,0.0,0.0,1.6,0.6
5363134,15.0,0.0,15.0,0.0,5.0,1.0,0.0
5363140,8.0,0.0,8.0,0.0,3.0,1.0,0.0
5363268,12.0,0.0,12.0,0.0,6.0,1.0,0.0
5363330,8.0,0.0,6.0,2.0,0.0,0.75,0.0
5364256,11.0,6.0,5.0,0.0,1.0,1.5454545454545454,0.5454545454545454
5364811,12.0,1.0,10.0,1.0,0.0,1.0,0.08333333333333333
5364859,6.0,0.0,5.0,1.0,2.0,0.8333333333333334,0.0
5365146,14.0,6.0,8.0,0.0,2.0,1.4285714285714286,0.42857142857142855
5365420,8.0,0.0,8.0,0.0,1.0,1.0,0.0
5365569,11.0,2.0,9.0,0.0,3.0,1.1818181818181819,0.18181818181818182
536558115212010thLitAB,9.0,2.0,7.0,0.0,1.0,1.2222222222222223,0.2222222222222222
5365801,9.0,1.0,8.0,0.0,5.0,1.1111111111111112,0.1111111111111111
5365867,7.0,2.0,5.0,0.0,4.0,1.2857142857142858,0.2857142857142857
5365888,6.0,0.0,6.0,0.0,1.0,1.0,0.0
5366100,9.0,0.0,9.0,0.0,2.0,1.0,0.0
5366151,15.0,0.0,15.0,0.0,1.0,1.0,0.0
5366160,9.0,6.0,3.0,0.0,1.0,1.6666666666666667,0.6666666666666666
5366171,12.0,4.0,8.0,0.0,1.0,1.3333333333333333,0.3333333333333333
5366186,8.0,2.0,6.0,0.0,0.0,1.25,0.25
5366295,13.0,1.0,11.0,1.0,0.0,1.0,0.07692307692307693
5366472,9.0,0.0,9.0,0.0,2.0,1.0,0.0
5366502,6.0,0.0,6.0,0.0,1.0,1.0,0.0
5366591,11.0,1.0,8.0,2.0,1.0,0.9090909090909091,0.09090909090909091
5366638,9.0,4.0,5.0,0.0,3.0,1.4444444444444444,0.4444444444444444
5366769,8.0,0.0,6.0,2.0,0.0,0.75,0.0
5366785,3.0,0.0,3.0,0.0,1.0,1.0,0.0
5366853,7.0,0.0,7.0,0.0,2.0,1.0,0.0
5366901,9.0,0.0,7.0,2.0,1.0,0.7777777777777778,0.0
5366906,15.0,9.0,6.0,0.0,2.0,1.6,0.6
5366927,7.0,0.0,7.0,0.0,0.0,1.0,0.0
5366942,8.0,0.0,8.0,0.0,0.0,1.0,0.0
5366972,8.0,0.0,8.0,0.0,2.0,1.0,0.0
5366973,11.0,0.0,11.0,0.0,1.0,1.0,0.0
5367066,10.0,0.0,10.0,0.0,0.0,1.0,0.0
5367081,11.0,1.0,10.0,0.0,2.0,1.0909090909090908,0.09090909090909091
5367520,11.0,0.0,11.0,0.0,2.0,1.0,0.0
5367616,4.0,0.0,2.0,2.0,0.0,0.5,0.0
5367782,11.0,0.0,11.0,0.0,1.0,1.0,0.0
5367813,11.0,2.0,9.0,0.0,4.0,1.1818181818181819,0.18181818181818182
5367898,10.0,0.0,5.0,5.0,1.0,0.5,0.0
5367951,9.0,3.0,6.0,0.0,0.0,1.3333333333333333,0.3333333333333333
5367977,7.0,1.0,6.0,0.0,1.0,1.1428571428571428,0.14285714285714285
5368026,14.0,0.0,4.0,10.0,4.0,0.2857142857142857,0.0
5368053,13.0,3.0,9.0,1.0,2.0,1.1538461538461537,0.23076923076923078
5368130,9.0,2.0,4.0,3.0,3.0,0.8888888888888888,0.2222222222222222
5368179,7.0,0.0,7.0,0.0,4.0,1.0,0.0
5368431,12.0,9.0,3.0,0.0,1.0,1.75,0.75
5368488,9.0,0.0,9.0,0.0,2.0,1.0,0.0
5368792,8.0,6.0,2.0,0.0,4.0,1.75,0.75
5368876,8.0,2.0,6.0,0.0,2.0,1.25,0.25
5369003,9.0,0.0,8.0,1.0,3.0,0.8888888888888888,0.0
5369351,9.0,0.0,9.0,0.0,5.0,1.0,0.0
5369720,8.0,0.0,8.0,0.0,5.0,1.0,0.0
5369852,7.0,0.0,6.0,1.0,1.0,0.8571428571428571,0.0
5369875,5.0,0.0,3.0,2.0,0.0,0.6,0.0
5369882,2.0,0.0,1.0,1.0,1.0,0.5,0.0
5369943,8.0,6.0,2.0,0.0,3.0,1.75,0.75
5369961,11.0,1.0,9.0,1.0,6.0,1.0,0.09090909090909091
5370042,13.0,1.0,11.0,1.0,1.0,1.0,0.07692307692307693
5370112,1.0,0.0,0.0,1.0,0.0,0.0,0.0
5370415,11.0,0.0,9.0,2.0,1.0,0.8181818181818182,0.0
5370454,13.0,0.0,13.0,0.0,3.0,1.0,0.0
5370612,6.0,0.0,5.0,1.0,2.0,0.8333333333333334,0.0
5370724,9.0,2.0,7.0,0.0,0.0,1.2222222222222223,0.2222222222222222
5370738,6.0,3.0,3.0,0.0,1.0,1.5,0.5
5370739_cleaned,10.0,0.0,9.0,1.0,2.0,0.9,0.0
5370743,7.0,0.0,7.0,0.0,0.0,1.0,0.0
5370764,8.0,0.0,4.0,4.0,2.0,0.5,0.0
5370769,8.0,3.0,4.0,1.0,1.0,1.25,0.375
5370802,13.0,4.0,9.0,0.0,1.0,1.3076923076923077,0.3076923076923077
5370806,17.0,0.0,17.0,0.0,2.0,1.0,0.0
5372090,8.0,1.0,4.0,3.0,1.0,0.75,0.125
5374672,11.0,0.0,11.0,0.0,1.0,1.0,0.0
5375039,9.0,0.0,9.0,0.0,4.0,1.0,0.0
5375122,10.0,0.0,10.0,0.0,6.0,1.0,0.0
5375253,14.0,1.0,12.0,1.0,3.0,1.0,0.07142857142857142
5375492,6.0,0.0,6.0,0.0,1.0,1.0,0.0
5375546,9.0,0.0,9.0,0.0,6.0,1.0,0.0
5375759,11.0,0.0,11.0,0.0,7.0,1.0,0.0
5375848,12.0,0.0,12.0,0.0,5.0,1.0,0.0
5375871,11.0,6.0,5.0,0.0,2.0,1.5454545454545454,0.5454545454545454
5375932,14.0,7.0,7.0,0.0,1.0,1.5,0.5
5375959,11.0,0.0,11.0,0.0,7.0,1.0,0.0
5375969,11.0,4.0,7.0,0.0,2.0,1.3636363636363635,0.36363636363636365
5375993,10.0,5.0,5.0,0.0,1.0,1.5,0.5
5375997,7.0,0.0,7.0,0.0,3.0,1.0,0.0
5376054,10.0,0.0,10.0,0.0,6.0,1.0,0.0
5376093,10.0,0.0,10.0,0.0,2.0,1.0,0.0
5376102,6.0,0.0,6.0,0.0,3.0,1.0,0.0
5376114,13.0,2.0,11.0,0.0,3.0,1.1538461538461537,0.15384615384615385
5376209,9.0,1.0,8.0,0.0,2.0,1.1111111111111112,0.1111111111111111
5376220,6.0,0.0,6.0,0.0,3.0,1.0,0.0
5376254,8.0,0.0,8.0,0.0,3.0,1.0,0.0
5376281,8.0,5.0,3.0,0.0,6.0,1.625,0.625
5376331,8.0,0.0,4.0,4.0,1.0,0.5,0.0
5376337,8.0,0.0,8.0,0.0,3.0,1.0,0.0
5376342,10.0,0.0,9.0,1.0,1.0,0.9,0.0
5376451,8.0,0.0,7.0,1.0,3.0,0.875,0.0
5376468,11.0,1.0,10.0,0.0,2.0,1.0909090909090908,0.09090909090909091
5376513,9.0,6.0,3.0,0.0,0.0,1.6666666666666667,0.6666666666666666
5376552,9.0,0.0,5.0,4.0,0.0,0.5555555555555556,0.0
5376565,9.0,8.0,1.0,0.0,2.0,1.8888888888888888,0.8888888888888888
5376582,6.0,0.0,6.0,0.0,2.0,1.0,0.0
5376649,7.0,0.0,7.0,0.0,1.0,1.0,0.0
5376652,12.0,1.0,11.0,0.0,2.0,1.0833333333333333,0.08333333333333333
5376660,8.0,3.0,5.0,0.0,2.0,1.375,0.375
5376733,11.0,0.0,11.0,0.0,1.0,1.0,0.0
5376739,8.0,0.0,8.0,0.0,3.0,1.0,0.0
5376753,8.0,3.0,5.0,0.0,2.0,1.375,0.375
5376800,12.0,1.0,10.0,1.0,3.0,1.0,0.08333333333333333
5376801,11.0,3.0,7.0,1.0,4.0,1.1818181818181819,0.2727272727272727
5376839,9.0,0.0,9.0,0.0,0.0,1.0,0.0
5376848,10.0,1.0,9.0,0.0,4.0,1.1,0.1
5376908,9.0,5.0,4.0,0.0,0.0,1.5555555555555556,0.5555555555555556
5376970,14.0,5.0,9.0,0.0,3.0,1.3571428571428572,0.35714285714285715
5376985,5.0,2.0,3.0,0.0,0.0,1.4,0.4
5377028,10.0,1.0,9.0,0.0,1.0,1.1,0.1
5377074,5.0,0.0,4.0,1.0,0.0,0.8,0.0
5377158,8.0,0.0,7.0,1.0,3.0,0.875,0.0
5377163,9.0,0.0,8.0,1.0,2.0,0.8888888888888888,0.0
5377209,7.0,0.0,6.0,1.0,3.0,0.8571428571428571,0.0
5377213,11.0,0.0,11.0,0.0,5.0,1.0,0.0
5377279,14.0,4.0,10.0,0.0,4.0,1.2857142857142858,0.2857142857142857
5377303,10.0,0.0,4.0,6.0,4.0,0.4,0.0
5377338,9.0,0.0,8.0,1.0,2.0,0.8888888888888888,0.0
5377342,7.0,0.0,6.0,1.0,5.0,0.8571428571428571,0.0
5377361,11.0,0.0,7.0,4.0,4.0,0.6363636363636364,0.0
5377373,8.0,0.0,8.0,0.0,2.0,1.0,0.0
5377382,8.0,0.0,6.0,2.0,1.0,0.75,0.0
5377434,9.0,0.0,5.0,4.0,0.0,0.5555555555555556,0.0
5377465,7.0,0.0,6.0,1.0,1.0,0.8571428571428571,0.0
5377550,2.0,0.0,2.0,0.0,0.0,1.0,0.0
5377598,10.0,0.0,4.0,6.0,2.0,0.4,0.0
5377795,10.0,0.0,6.0,4.0,1.0,0.6,0.0
537781115212010thLitAB,5.0,0.0,5.0,0.0,0.0,1.0,0.0
5378032,8.0,0.0,8.0,0.0,4.0,1.0,0.0
5378155,2.0,0.0,0.0,2.0,0.0,0.0,0.0
5378176,9.0,0.0,8.0,1.0,0.0,0.8888888888888888,0.0
5378203,9.0,0.0,9.0,0.0,2.0,1.0,0.0
5378214,6.0,0.0,6.0,0.0,1.0,1.0,0.0
5378264,5.0,0.0,1.0,4.0,0.0,0.2,0.0
5378268,6.0,0.0,6.0,0.0,2.0,1.0,0.0
5378349,9.0,2.0,7.0,0.0,0.0,1.2222222222222223,0.2222222222222222
5378517,15.0,0.0,15.0,0.0,5.0,1.0,0.0
5378534,10.0,0.0,6.0,4.0,2.0,0.6,0.0
5378536,13.0,1.0,12.0,0.0,1.0,1.0769230769230769,0.07692307692307693
5378607,9.0,0.0,8.0,1.0,3.0,0.8888888888888888,0.0
5378621,10.0,3.0,7.0,0.0,5.0,1.3,0.3
5378685,11.0,6.0,5.0,0.0,3.0,1.5454545454545454,0.5454545454545454
5378731,11.0,0.0,11.0,0.0,0.0,1.0,0.0
5378775,10.0,6.0,4.0,0.0,0.0,1.6,0.6
5378801,7.0,2.0,5.0,0.0,1.0,1.2857142857142858,0.2857142857142857
5378844,10.0,6.0,4.0,0.0,3.0,1.6,0.6
5378922,15.0,9.0,6.0,0.0,4.0,1.6,0.6
5379013,9.0,1.0,6.0,2.0,6.0,0.8888888888888888,0.1111111111111111
5379046,18.0,17.0,1.0,0.0,2.0,1.9444444444444444,0.9444444444444444
5379152,6.0,1.0,5.0,0.0,0.0,1.1666666666666667,0.16666666666666666
5379182,10.0,0.0,10.0,0.0,2.0,1.0,0.0
5379244,13.0,2.0,11.0,0.0,3.0,1.1538461538461537,0.15384615384615385
5379352,12.0,0.0,12.0,0.0,0.0,1.0,0.0
5379539,6.0,0.0,6.0,0.0,0.0,1.0,0.0
5379613,9.0,0.0,8.0,1.0,0.0,0.8888888888888888,0.0
5379672,5.0,0.0,5.0,0.0,2.0,1.0,0.0
5379738_cleaned,12.0,7.0,5.0,0.0,2.0,1.5833333333333333,0.5833333333333334
5379857,11.0,0.0,11.0,0.0,2.0,1.0,0.0
5379865,9.0,0.0,7.0,2.0,3.0,0.7777777777777778,0.0
5379948,15.0,5.0,10.0,0.0,1.0,1.3333333333333333,0.3333333333333333
5380274,9.0,2.0,7.0,0.0,1.0,1.2222222222222223,0.2222222222222222
5380284,9.0,0.0,9.0,0.0,1.0,1.0,0.0
5380299,12.0,5.0,7.0,0.0,2.0,1.4166666666666667,0.4166666666666667
5380359,11.0,0.0,11.0,0.0,6.0,1.0,0.0
5380373,9.0,2.0,7.0,0.0,3.0,1.2222222222222223,0.2222222222222222
5380469,7.0,0.0,7.0,0.0,1.0,1.0,0.0
5380483,11.0,2.0,9.0,0.0,7.0,1.1818181818181819,0.18181818181818182
5380506,8.0,0.0,8.0,0.0,2.0,1.0,0.0
5380524,9.0,8.0,1.0,0.0,0.0,1.8888888888888888,0.8888888888888888
5380667,15.0,4.0,10.0,1.0,3.0,1.2,0.26666666666666666
5380827,6.0,0.0,4.0,2.0,3.0,0.6666666666666666,0.0
5380834,4.0,0.0,2.0,2.0,0.0,0.5,0.0
5380914,11.0,1.0,10.0,0.0,3.0,1.0909090909090908,0.09090909090909091
5380940,14.0,0.0,12.0,2.0,5.0,0.8571428571428571,0.0
5380952,12.0,2.0,10.0,0.0,1.0,1.1666666666666667,0.16666666666666666
5380962,7.0,1.0,6.0,0.0,1.0,1.1428571428571428,0.14285714285714285
5381008,12.0,2.0,10.0,0.0,1.0,1.1666666666666667,0.16666666666666666
5381028,7.0,0.0,7.0,0.0,1.0,1.0,0.0
5381331,10.0,1.0,9.0,0.0,0.0,1.1,0.1
5381389,6.0,1.0,5.0,0.0,0.0,1.1666666666666667,0.16666666666666666
5381453,10.0,3.0,7.0,0.0,0.0,1.3,0.3
5381463,9.0,0.0,9.0,0.0,0.0,1.0,0.0
5381476,18.0,1.0,17.0,0.0,1.0,1.0555555555555556,0.05555555555555555
5381501,6.0,0.0,6.0,0.0,2.0,1.0,0.0
5381576,7.0,0.0,7.0,0.0,1.0,1.0,0.0
5381589,14.0,7.0,7.0,0.0,1.0,1.5,0.5
5381607,2.0,0.0,1.0,1.0,0.0,0.5,0.0
5381622,9.0,0.0,5.0,4.0,0.0,0.5555555555555556,0.0
5381809,11.0,0.0,11.0,0.0,1.0,1.0,0.0
5381851,2.0,0.0,1.0,1.0,1.0,0.5,0.0
5381902,6.0,0.0,6.0,0.0,0.0,1.0,0.0
5381946,11.0,5.0,6.0,0.0,1.0,1.4545454545454546,0.45454545454545453
5381957,13.0,1.0,12.0,0.0,4.0,1.0769230769230769,0.07692307692307693
5381990,9.0,0.0,9.0,0.0,0.0,1.0,0.0
5382160,6.0,0.0,6.0,0.0,0.0,1.0,0.0
538598115212010thLitAB,10.0,0.0,10.0,0.0,0.0,1.0,0.0
540791115212010thLitAB,9.0,6.0,3.0,0.0,1.0,1.6666666666666667,0.6666666666666666
5415126,2.0,0.0,0.0,2.0,0.0,0.0,0.0
5415131,7.0,0.0,5.0,2.0,1.0,0.7142857142857143,0.0
5415138,2.0,0.0,1.0,1.0,1.0,0.5,0.0
5415171,11.0,9.0,2.0,0.0,2.0,1.8181818181818181,0.8181818181818182
5415181,16.0,2.0,14.0,0.0,3.0,1.125,0.125
5415302,11.0,0.0,11.0,0.0,4.0,1.0,0.0
5415383,10.0,0.0,10.0,0.0,4.0,1.0,0.0
5415505,11.0,1.0,10.0,0.0,1.0,1.0909090909090908,0.09090909090909091
5415605,9.0,2.0,7.0,0.0,3.0,1.2222222222222223,0.2222222222222222
5415629,12.0,0.0,12.0,0.0,1.0,1.0,0.0
5415635,11.0,5.0,6.0,0.0,1.0,1.4545454545454546,0.45454545454545453
5415641,9.0,0.0,9.0,0.0,4.0,1.0,0.0
5415646,7.0,4.0,3.0,0.0,3.0,1.5714285714285714,0.5714285714285714
5415659,9.0,3.0,6.0,0.0,5.0,1.3333333333333333,0.3333333333333333
5415673,8.0,0.0,7.0,1.0,1.0,0.875,0.0
5415678,12.0,0.0,12.0,0.0,2.0,1.0,0.0
5415688,18.0,12.0,6.0,0.0,4.0,1.6666666666666667,0.6666666666666666
5415707,5.0,0.0,4.0,1.0,1.0,0.8,0.0
5415743,11.0,4.0,7.0,0.0,4.0,1.3636363636363635,0.36363636363636365
5415746,13.0,0.0,13.0,0.0,1.0,1.0,0.0
5415760,14.0,0.0,8.0,6.0,0.0,0.5714285714285714,0.0
5415781,5.0,0.0,0.0,5.0,1.0,0.0,0.0
5415823,13.0,1.0,12.0,0.0,0.0,1.0769230769230769,0.07692307692307693
5415829,12.0,0.0,12.0,0.0,2.0,1.0,0.0
5415848,8.0,2.0,6.0,0.0,0.0,1.25,0.25
5415855,9.0,1.0,7.0,1.0,2.0,1.0,0.1111111111111111
5415911,11.0,4.0,7.0,0.0,2.0,1.3636363636363635,0.36363636363636365
5415925,6.0,1.0,5.0,0.0,3.0,1.1666666666666667,0.16666666666666666
5415953,8.0,0.0,8.0,0.0,1.0,1.0,0.0
5415965,12.0,0.0,12.0,0.0,2.0,1.0,0.0
5415978,5.0,0.0,5.0,0.0,0.0,1.0,0.0
5415983,6.0,0.0,6.0,0.0,0.0,1.0,0.0
5416016,10.0,1.0,9.0,0.0,0.0,1.1,0.1
5416021,4.0,0.0,3.0,1.0,1.0,0.75,0.0
5416026,11.0,0.0,11.0,0.0,3.0,1.0,0.0
5416039,11.0,0.0,11.0,0.0,5.0,1.0,0.0
5416043,5.0,0.0,5.0,0.0,3.0,1.0,0.0
5416045,17.0,3.0,14.0,0.0,4.0,1.1764705882352942,0.17647058823529413
5416071,6.0,0.0,4.0,2.0,2.0,0.6666666666666666,0.0
5416114,15.0,0.0,14.0,1.0,3.0,0.9333333333333333,0.0
5416144,11.0,3.0,8.0,0.0,4.0,1.2727272727272727,0.2727272727272727
5416146,5.0,0.0,3.0,2.0,2.0,0.6,0.0
5416152,14.0,0.0,14.0,0.0,5.0,1.0,0.0
5416170,5.0,0.0,5.0,0.0,2.0,1.0,0.0
5416181,5.0,0.0,5.0,0.0,0.0,1.0,0.0
5416187,6.0,3.0,3.0,0.0,1.0,1.5,0.5
5416202,11.0,0.0,10.0,1.0,0.0,0.9090909090909091,0.0
5416236,12.0,0.0,9.0,3.0,0.0,0.75,0.0
5416246,13.0,2.0,11.0,0.0,1.0,1.1538461538461537,0.15384615384615385
5417090,5.0,0.0,5.0,0.0,2.0,1.0,0.0
5417175,7.0,0.0,7.0,0.0,1.0,1.0,0.0
5417916,10.0,3.0,7.0,0.0,1.0,1.3,0.3
5417943,10.0,1.0,9.0,0.0,0.0,1.1,0.1
5420394,12.0,0.0,10.0,2.0,1.0,0.8333333333333334,0.0
5420406,15.0,2.0,7.0,6.0,2.0,0.7333333333333333,0.13333333333333333
5420418,8.0,0.0,7.0,1.0,0.0,0.875,0.0
5420447,11.0,0.0,11.0,0.0,1.0,1.0,0.0
5420455,12.0,0.0,3.0,9.0,0.0,0.25,0.0
5420461,12.0,5.0,7.0,0.0,2.0,1.4166666666666667,0.4166666666666667
5420473,9.0,0.0,9.0,0.0,0.0,1.0,0.0
5420487,5.0,0.0,4.0,1.0,2.0,0.8,0.0
5420544_cleaned,10.0,1.0,8.0,1.0,1.0,1.0,0.1
5420548,7.0,2.0,5.0,0.0,0.0,1.2857142857142858,0.2857142857142857
5420563,9.0,9.0,0.0,0.0,3.0,2.0,1.0
5420572,8.0,0.0,5.0,3.0,1.0,0.625,0.0
5420591,5.0,0.0,3.0,2.0,2.0,0.6,0.0
5420601,10.0,0.0,7.0,3.0,4.0,0.7,0.0
5420605,8.0,1.0,5.0,2.0,1.0,0.875,0.125
5420609,6.0,0.0,6.0,0.0,0.0,1.0,0.0
5420610,10.0,4.0,6.0,0.0,1.0,1.4,0.4
5420622,12.0,0.0,12.0,0.0,3.0,1.0,0.0
5420623,10.0,4.0,6.0,0.0,4.0,1.4,0.4
5420630,9.0,0.0,8.0,1.0,1.0,0.8888888888888888,0.0
5420687,6.0,0.0,4.0,2.0,5.0,0.6666666666666666,0.0
5420762,4.0,0.0,1.0,3.0,0.0,0.25,0.0
5420895,11.0,2.0,9.0,0.0,6.0,1.1818181818181819,0.18181818181818182
5421014,13.0,9.0,4.0,0.0,3.0,1.6923076923076923,0.6923076923076923
5421063,2.0,0.0,1.0,1.0,0.0,0.5,0.0
5421071,10.0,0.0,1.0,9.0,3.0,0.1,0.0
547188115212010thLitAB,7.0,2.0,5.0,0.0,2.0,1.2857142857142858,0.2857142857142857
549090115212010thLitAB,12.0,0.0,12.0,0.0,1.0,1.0,0.0
550006115212010thLitAB,5.0,0.0,5.0,0.0,1.0,1.0,0.0
5541921152126_cleaned,9.0,5.0,4.0,0.0,2.0,1.5555555555555556,0.5555555555555556
5583907,6.0,0.0,3.0,3.0,3.0,0.5,0.0
5624994,10.0,1.0,6.0,3.0,5.0,0.8,0.1
563047115212010thLitAB,7.0,2.0,5.0,0.0,1.0,1.2857142857142858,0.2857142857142857
5631226,14.0,3.0,10.0,1.0,3.0,1.1428571428571428,0.21428571428571427
564142115212010thLitAB,7.0,2.0,5.0,0.0,0.0,1.2857142857142858,0.2857142857142857
564159115212010thLitAB,8.0,0.0,8.0,0.0,0.0,1.0,0.0
565918115212010thLitAB,9.0,0.0,9.0,0.0,1.0,1.0,0.0
565942115212010thLitAB,13.0,0.0,13.0,0.0,0.0,1.0,0.0
565996115212010thLitAB,6.0,0.0,5.0,1.0,1.0,0.8333333333333334,0.0
567153115212010thLitAB,13.0,1.0,12.0,0.0,2.0,1.0769230769230769,0.07692307692307693
567353115212010thLitAB,8.0,1.0,7.0,0.0,1.0,1.125,0.125
575761115212010thLitAB,8.0,0.0,8.0,0.0,3.0,1.0,0.0
5761731152126_cleaned,12.0,0.0,12.0,0.0,3.0,1.0,0.0
576452115212610thLitBPhones&Driving,11.0,1.0,10.0,0.0,1.0,1.0909090909090908,0.09090909090909091
576552115212010thLitAB,6.0,0.0,6.0,0.0,0.0,1.0,0.0
582297115212610thLitBPhones&Driving,11.0,2.0,9.0,0.0,1.0,1.1818181818181819,0.18181818181818182
6.00056E+12,12.0,1.0,11.0,0.0,1.0,1.0833333333333333,0.08333333333333333
6.0015E+12,8.0,0.0,8.0,0.0,1.0,1.0,0.0
6.00191E+12,10.0,2.0,8.0,0.0,1.0,1.2,0.2
6.00207E+12,6.0,0.0,6.0,0.0,0.0,1.0,0.0
6.0024E+12,11.0,0.0,11.0,0.0,2.0,1.0,0.0
6.00252E+12,4.0,0.0,4.0,0.0,1.0,1.0,0.0
6.00339E+12,12.0,2.0,10.0,0.0,3.0,1.1666666666666667,0.16666666666666666
6.00704E+12,9.0,0.0,9.0,0.0,3.0,1.0,0.0
6.00744E+12,12.0,1.0,11.0,0.0,1.0,1.0833333333333333,0.08333333333333333
6002021152120_cleaned,9.0,0.0,9.0,0.0,0.0,1.0,0.0
6108776,10.0,5.0,5.0,0.0,3.0,1.5,0.5
6111970,11.0,6.0,5.0,0.0,3.0,1.5454545454545454,0.5454545454545454
6111973,10.0,0.0,3.0,7.0,3.0,0.3,0.0
6501962,6.0,1.0,5.0,0.0,2.0,1.1666666666666667,0.16666666666666666
6592601,8.0,0.0,8.0,0.0,2.0,1.0,0.0
6856850,10.0,6.0,4.0,0.0,0.0,1.6,0.6
6981625,4.0,0.0,3.0,1.0,0.0,0.75,0.0
6983588,6.0,0.0,6.0,0.0,1.0,1.0,0.0
6983620,11.0,0.0,10.0,1.0,3.0,0.9090909090909091,0.0
6984602,5.0,0.0,4.0,1.0,0.0,0.8,0.0
6985218,7.0,0.0,6.0,1.0,0.0,0.8571428571428571,0.0
7010014_cleaned,13.0,0.0,12.0,1.0,1.0,0.9230769230769231,0.0
7018889,6.0,0.0,1.0,5.0,0.0,0.16666666666666666,0.0
7046409,10.0,0.0,10.0,0.0,3.0,1.0,0.0
7068687,7.0,0.0,7.0,0.0,5.0,1.0,0.0
7069512,11.0,10.0,1.0,0.0,1.0,1.9090909090909092,0.9090909090909091
7076715,10.0,2.0,7.0,1.0,0.0,1.1,0.2
7085625,6.0,0.0,6.0,0.0,0.0,1.0,0.0
7085827,4.0,0.0,4.0,0.0,2.0,1.0,0.0
7089431,2.0,0.0,0.0,2.0,0.0,0.0,0.0
7107200,9.0,1.0,7.0,1.0,2.0,1.0,0.1111111111111111
AAAOPP13416000000055,5.0,0.0,1.0,4.0,1.0,0.2,0.0
AAAOPP13416000000094,9.0,2.0,7.0,0.0,2.0,1.2222222222222223,0.2222222222222222
AAAOPP13416000000180,12.0,0.0,12.0,0.0,3.0,1.0,0.0
AAAOPP13416000000254,12.0,1.0,11.0,0.0,4.0,1.0833333333333333,0.08333333333333333
AAAOPP13416000000281,11.0,0.0,11.0,0.0,2.0,1.0,0.0
AAAOPP13416000000340,9.0,2.0,7.0,0.0,0.0,1.2222222222222223,0.2222222222222222
AAAOPP13416000000440,8.0,0.0,8.0,0.0,4.0,1.0,0.0
AAAOPP13416000000466,9.0,0.0,9.0,0.0,6.0,1.0,0.0
AAAOPP13416000000482,6.0,3.0,3.0,0.0,1.0,1.5,0.5
AAAOPP13416000000501,11.0,4.0,7.0,0.0,5.0,1.3636363636363635,0.36363636363636365
AAAOPP13416000000514,7.0,0.0,7.0,0.0,1.0,1.0,0.0
AAAOPP13416000000613,6.0,0.0,5.0,1.0,1.0,0.8333333333333334,0.0
AAAOPP13416000000659,6.0,0.0,5.0,1.0,0.0,0.8333333333333334,0.0
AAAOPP13416000000716,12.0,0.0,12.0,0.0,5.0,1.0,0.0
AAAOPP13416000000719,10.0,0.0,10.0,0.0,1.0,1.0,0.0
AAAOPP13416000000750,4.0,0.0,4.0,0.0,0.0,1.0,0.0
AAAOPP13416000000754,9.0,0.0,9.0,0.0,3.0,1.0,0.0
AAAOPP13416000000766,9.0,1.0,8.0,0.0,2.0,1.1111111111111112,0.1111111111111111
AAAOPP13416000000806,7.0,2.0,5.0,0.0,1.0,1.2857142857142858,0.2857142857142857
AAAOPP13416000000808,7.0,0.0,6.0,1.0,1.0,0.8571428571428571,0.0
AAAOPP13416000000815,9.0,0.0,9.0,0.0,1.0,1.0,0.0
AAAOPP13416000000834,13.0,0.0,13.0,0.0,7.0,1.0,0.0
AAAOPP13416000000844,5.0,0.0,5.0,0.0,0.0,1.0,0.0
AAAOPP13416000000858,12.0,0.0,12.0,0.0,7.0,1.0,0.0
AAAOPP13416000000873,8.0,0.0,8.0,0.0,0.0,1.0,0.0
AAAOPP13416000000897,9.0,1.0,8.0,0.0,5.0,1.1111111111111112,0.1111111111111111
AAAOPP13416000000907,9.0,0.0,9.0,0.0,2.0,1.0,0.0
AAAOPP13416000000919,11.0,1.0,10.0,0.0,0.0,1.0909090909090908,0.09090909090909091
AAAOPP13416000001063,1.0,0.0,0.0,1.0,0.0,0.0,0.0
AAAOPP13416000001126,7.0,0.0,7.0,0.0,0.0,1.0,0.0
AAAOPP13416000001130,7.0,1.0,6.0,0.0,0.0,1.1428571428571428,0.14285714285714285
AAAOPP13416000001141,11.0,0.0,11.0,0.0,6.0,1.0,0.0
AAAOPP13416000001143,10.0,2.0,8.0,0.0,3.0,1.2,0.2
AAAOPP13416000001162,9.0,0.0,9.0,0.0,3.0,1.0,0.0
AAAOPP13416000001166,5.0,0.0,5.0,0.0,0.0,1.0,0.0
AAAOPP13416000001186,11.0,0.0,11.0,0.0,5.0,1.0,0.0
AAAOPP13416000001208,11.0,2.0,9.0,0.0,3.0,1.1818181818181819,0.18181818181818182
AAAOPP13416000001291,11.0,6.0,5.0,0.0,1.0,1.5454545454545454,0.5454545454545454
AAAOPP13416000001294,5.0,0.0,5.0,0.0,2.0,1.0,0.0
AAAOPP13416000001311,10.0,1.0,9.0,0.0,3.0,1.1,0.1
AAAOPP13416000001374,9.0,0.0,9.0,0.0,4.0,1.0,0.0
AAAOPP13416000001389,11.0,1.0,10.0,0.0,2.0,1.0909090909090908,0.09090909090909091
AAAOPP13416000001391,9.0,1.0,8.0,0.0,0.0,1.1111111111111112,0.1111111111111111
AAAOPP13416000001401,9.0,0.0,9.0,0.0,0.0,1.0,0.0
AAAOPP13416000001555,6.0,0.0,6.0,0.0,5.0,1.0,0.0
AAAOPP13416000001566,11.0,0.0,11.0,0.0,3.0,1.0,0.0
AAAOPP13416000001567,7.0,0.0,7.0,0.0,2.0,1.0,0.0
AAAOPP13416000001576,5.0,0.0,5.0,0.0,0.0,1.0,0.0
AAAOPP13416000001600,7.0,0.0,7.0,0.0,1.0,1.0,0.0
AAAOPP13416000001605,6.0,0.0,6.0,0.0,4.0,1.0,0.0
AAAOPP13416000001618,15.0,2.0,13.0,0.0,5.0,1.1333333333333333,0.13333333333333333
AAAOPP13416000001622,5.0,0.0,5.0,0.0,1.0,1.0,0.0
AAAOPP13416000001647_cleaned,10.0,4.0,6.0,0.0,0.0,1.4,0.4
AAAOPP13416000001651,12.0,0.0,12.0,0.0,1.0,1.0,0.0
AAAOPP13416000001687,4.0,0.0,4.0,0.0,0.0,1.0,0.0
AAAOPP13416000001695,7.0,0.0,7.0,0.0,0.0,1.0,0.0
AAAOPP13416000001708,6.0,1.0,5.0,0.0,0.0,1.1666666666666667,0.16666666666666666
AAAOPP13416000001714,5.0,0.0,4.0,1.0,1.0,0.8,0.0
AAAOPP13416000001749,11.0,0.0,11.0,0.0,5.0,1.0,0.0
AAAOPP13416000001827,10.0,0.0,9.0,1.0,1.0,0.9,0.0
AAAOPP13416000001878,1.0,0.0,0.0,1.0,0.0,0.0,0.0
AAAOPP13416000001888,11.0,0.0,10.0,1.0,2.0,0.9090909090909091,0.0
AAAOPP13416000001924,12.0,0.0,12.0,0.0,4.0,1.0,0.0
AAAOPP13416000001947,3.0,0.0,2.0,1.0,1.0,0.6666666666666666,0.0
AAAOPP13416000001975,5.0,0.0,5.0,0.0,1.0,1.0,0.0
AAAOPP13416000001980,12.0,0.0,12.0,0.0,6.0,1.0,0.0
AAAOPP13416000002001,6.0,0.0,5.0,1.0,2.0,0.8333333333333334,0.0
AAAOPP13416000002048,9.0,3.0,6.0,0.0,1.0,1.3333333333333333,0.3333333333333333
AAAOPP13416000002071,1.0,0.0,1.0,0.0,0.0,1.0,0.0
AAAOPP13416000002115,8.0,0.0,6.0,2.0,1.0,0.75,0.0
AAAOPP13416000002152,13.0,3.0,10.0,0.0,0.0,1.2307692307692308,0.23076923076923078
AAAOPP13416000002197,7.0,0.0,7.0,0.0,1.0,1.0,0.0
AAAOPP13416000002202,7.0,0.0,6.0,1.0,1.0,0.8571428571428571,0.0
AAAOPP13416000002239,11.0,0.0,11.0,0.0,4.0,1.0,0.0
AAAOPP13416000002244,2.0,0.0,2.0,0.0,0.0,1.0,0.0
AAAOPP13416000002283,13.0,0.0,13.0,0.0,9.0,1.0,0.0
AAAOPP13416000002287,8.0,0.0,8.0,0.0,4.0,1.0,0.0
AAAOPP13416000002297,9.0,0.0,9.0,0.0,0.0,1.0,0.0
AAAOPP13416000002319,9.0,1.0,8.0,0.0,1.0,1.1111111111111112,0.1111111111111111
AAAOPP13416000002325,6.0,0.0,6.0,0.0,1.0,1.0,0.0
AAAOPP13416000002358,5.0,0.0,5.0,0.0,0.0,1.0,0.0
AAAOPP13416000002379,8.0,0.0,8.0,0.0,0.0,1.0,0.0
AAAOPP13416000002409,12.0,4.0,8.0,0.0,1.0,1.3333333333333333,0.3333333333333333
AAAOPP13416000002413,11.0,4.0,7.0,0.0,1.0,1.3636363636363635,0.36363636363636365
AAAOPP13416000002417,9.0,0.0,9.0,0.0,1.0,1.0,0.0
AAAOPP13416000002473,5.0,0.0,5.0,0.0,2.0,1.0,0.0
AAAOPP13416000002480,4.0,0.0,3.0,1.0,0.0,0.75,0.0
AAAOPP13416000002536,1.0,0.0,1.0,0.0,0.0,1.0,0.0
AAAOPP13416000002555,5.0,0.0,5.0,0.0,2.0,1.0,0.0
AAAOPP13416000002596,7.0,0.0,7.0,0.0,2.0,1.0,0.0
AAAOPP13416000002613,11.0,0.0,11.0,0.0,4.0,1.0,0.0
AAAOPP13416000002639,3.0,0.0,3.0,0.0,0.0,1.0,0.0
AAAOPP13416000002654,8.0,0.0,8.0,0.0,0.0,1.0,0.0
AAAOPP13416000002689,2.0,0.0,2.0,0.0,0.0,1.0,0.0
AAAOPP13416000002702,1.0,0.0,1.0,0.0,0.0,1.0,0.0
AAAOPP13416000002779,6.0,0.0,6.0,0.0,1.0,1.0,0.0
AAAOPP13416000002827,7.0,2.0,5.0,0.0,0.0,1.2857142857142858,0.2857142857142857
AAAOPP13416000002860,8.0,0.0,8.0,0.0,4.0,1.0,0.0
AAAOPP13416000002864,7.0,0.0,6.0,1.0,2.0,0.8571428571428571,0.0
AAAOPP13416000002878,9.0,0.0,9.0,0.0,2.0,1.0,0.0
AAAOPP13416000002895,7.0,0.0,7.0,0.0,1.0,1.0,0.0
AAAOPP13416000002909,9.0,0.0,9.0,0.0,0.0,1.0,0.0
AAAOPP13416000002960,6.0,1.0,5.0,0.0,0.0,1.1666666666666667,0.16666666666666666
AAAOPP13416000003048,5.0,0.0,5.0,0.0,1.0,1.0,0.0
AAAOPP13416000003077,11.0,7.0,4.0,0.0,1.0,1.6363636363636365,0.6363636363636364
AAAOPP13416000003091,5.0,0.0,5.0,0.0,1.0,1.0,0.0
AAAOPP13416000003171,4.0,0.0,4.0,0.0,1.0,1.0,0.0
AAAOPP13416000003186,11.0,9.0,2.0,0.0,1.0,1.8181818181818181,0.8181818181818182
AAAOPP13416000003212,9.0,1.0,8.0,0.0,0.0,1.1111111111111112,0.1111111111111111
AAAOPP13416000003247,10.0,0.0,10.0,0.0,2.0,1.0,0.0
AAAOPP13416000003270,6.0,0.0,6.0,0.0,0.0,1.0,0.0
AAAOPP13416000003278,9.0,0.0,9.0,0.0,1.0,1.0,0.0
AAAOPP13416000003279,3.0,0.0,1.0,2.0,1.0,0.3333333333333333,0.0
AAAOPP13416000003335,8.0,0.0,8.0,0.0,2.0,1.0,0.0
AAAOPP13416000003346,7.0,0.0,7.0,0.0,1.0,1.0,0.0
AAAOPP13416000003366,11.0,0.0,11.0,0.0,2.0,1.0,0.0
AAAOPP13416000003418,8.0,2.0,5.0,1.0,0.0,1.125,0.25
AAAOPP13416000003485,11.0,0.0,11.0,0.0,4.0,1.0,0.0
AAAOPP13416000003489,12.0,0.0,12.0,0.0,1.0,1.0,0.0
AAAOPP13416000003504,9.0,0.0,9.0,0.0,2.0,1.0,0.0
AAAOPP13416000003538,8.0,0.0,3.0,5.0,0.0,0.375,0.0
AAAOPP13416000003670,10.0,0.0,10.0,0.0,0.0,1.0,0.0
AAAOPP13416000003686,13.0,0.0,13.0,0.0,5.0,1.0,0.0
AAAOPP13416000003722,9.0,3.0,6.0,0.0,0.0,1.3333333333333333,0.3333333333333333
AAAOPP13416000003733,13.0,0.0,13.0,0.0,2.0,1.0,0.0
AAAOPP13416000003743,9.0,2.0,7.0,0.0,0.0,1.2222222222222223,0.2222222222222222
AAAOPP13416000003746,8.0,0.0,8.0,0.0,2.0,1.0,0.0
AAAOPP13416000003751,9.0,0.0,9.0,0.0,0.0,1.0,0.0
AAAOPP13416000003764,10.0,3.0,7.0,0.0,5.0,1.3,0.3
AAAOPP13416000003766,2.0,0.0,0.0,2.0,1.0,0.0,0.0
AAAOPP13416000003850,8.0,0.0,7.0,1.0,1.0,0.875,0.0
AAAOPP13416000003868,6.0,1.0,4.0,1.0,1.0,1.0,0.16666666666666666
AAAOPP13416000003876,12.0,0.0,12.0,0.0,2.0,1.0,0.0
AAAOPP13416000003920,9.0,3.0,6.0,0.0,0.0,1.3333333333333333,0.3333333333333333
AAAOPP13416000003963,9.0,3.0,6.0,0.0,0.0,1.3333333333333333,0.3333333333333333
AAAOPP13416000003994,6.0,0.0,4.0,2.0,1.0,0.6666666666666666,0.0
AAAOPP13416000003995,11.0,0.0,11.0,0.0,2.0,1.0,0.0
AAAOPP13416000004008,7.0,0.0,5.0,2.0,4.0,0.7142857142857143,0.0
AAAOPP13416000004036,12.0,1.0,10.0,1.0,1.0,1.0,0.08333333333333333
AAAOPP13416000004043,12.0,0.0,12.0,0.0,0.0,1.0,0.0
AAAOPP13416000004126,9.0,0.0,9.0,0.0,2.0,1.0,0.0
AAAOPP13416000004202,9.0,0.0,9.0,0.0,5.0,1.0,0.0
AAAOPP13416000004203,10.0,0.0,10.0,0.0,3.0,1.0,0.0
AAAOPP13416000004208,11.0,0.0,11.0,0.0,6.0,1.0,0.0
AAAOPP13416000004214,8.0,2.0,6.0,0.0,3.0,1.25,0.25
AAAOPP13416000004225,10.0,0.0,10.0,0.0,2.0,1.0,0.0
AAAOPP13416000004244,8.0,3.0,5.0,0.0,1.0,1.375,0.375
AAAOPP13416000004251,9.0,0.0,9.0,0.0,0.0,1.0,0.0
AAAOPP13416000004275,9.0,1.0,8.0,0.0,5.0,1.1111111111111112,0.1111111111111111
AAAOPP13416000004276,12.0,0.0,12.0,0.0,2.0,1.0,0.0
AAAOPP13416000004277,9.0,1.0,8.0,0.0,2.0,1.1111111111111112,0.1111111111111111
AAAOPP13416000004291,13.0,2.0,11.0,0.0,1.0,1.1538461538461537,0.15384615384615385
AAAOPP13416000004303,9.0,0.0,9.0,0.0,1.0,1.0,0.0
AAAOPP13416000004308,9.0,2.0,7.0,0.0,3.0,1.2222222222222223,0.2222222222222222
AAAOPP13416000004313,9.0,0.0,9.0,0.0,3.0,1.0,0.0
AAAOPP13416000004319,10.0,0.0,10.0,0.0,4.0,1.0,0.0
AAAOPP13416000004327,10.0,0.0,9.0,1.0,0.0,0.9,0.0
AAAOPP13416000004339,9.0,4.0,5.0,0.0,3.0,1.4444444444444444,0.4444444444444444
AAAOPP13416000004360,9.0,1.0,8.0,0.0,4.0,1.1111111111111112,0.1111111111111111
AAAOPP13416000004406,13.0,6.0,7.0,0.0,2.0,1.4615384615384615,0.46153846153846156
AAAOPP13416000004533,8.0,2.0,6.0,0.0,0.0,1.25,0.25
AAAOPP13416000004671,8.0,1.0,7.0,0.0,3.0,1.125,0.125
AAAOPP13416000004681,9.0,2.0,7.0,0.0,1.0,1.2222222222222223,0.2222222222222222
AAAOPP13416000004682,9.0,4.0,5.0,0.0,0.0,1.4444444444444444,0.4444444444444444
AAAOPP13416000004692,8.0,2.0,6.0,0.0,0.0,1.25,0.25
AAAOPP13416000004713,9.0,0.0,9.0,0.0,4.0,1.0,0.0
AAAOPP13416000004741,9.0,0.0,9.0,0.0,0.0,1.0,0.0
AAAOPP13416000004824,9.0,0.0,9.0,0.0,2.0,1.0,0.0
AAAOPP13416000004830,8.0,1.0,7.0,0.0,0.0,1.125,0.125
AAAOPP13416000004945,6.0,0.0,6.0,0.0,1.0,1.0,0.0
AAAOPP13416000005094,14.0,0.0,14.0,0.0,3.0,1.0,0.0
AAAOPP13416000005169,11.0,0.0,10.0,1.0,0.0,0.9090909090909091,0.0
AAAOPP13416000005184,9.0,1.0,8.0,0.0,1.0,1.1111111111111112,0.1111111111111111
AAAOPP13416000005200,11.0,0.0,10.0,1.0,2.0,0.9090909090909091,0.0
AAAOPP13416000005219,9.0,3.0,6.0,0.0,0.0,1.3333333333333333,0.3333333333333333
AAAOPP13416000005240,10.0,0.0,10.0,0.0,4.0,1.0,0.0
AAAOPP13416000005269,7.0,0.0,7.0,0.0,1.0,1.0,0.0
AAAOPP13416000005431,9.0,0.0,8.0,1.0,0.0,0.8888888888888888,0.0
AAAOPP13416000005474,8.0,1.0,7.0,0.0,0.0,1.125,0.125
AAAOPP13416000005599,5.0,0.0,5.0,0.0,1.0,1.0,0.0
AAAOPP13416000005622,12.0,0.0,7.0,5.0,4.0,0.5833333333333334,0.0
AAAOPP13416000005638,9.0,0.0,9.0,0.0,3.0,1.0,0.0
AAAOPP13416000005649,8.0,0.0,8.0,0.0,4.0,1.0,0.0
AAAOPP13416000005720,9.0,0.0,4.0,5.0,4.0,0.4444444444444444,0.0
AAAOPP13416000005738,9.0,0.0,9.0,0.0,0.0,1.0,0.0
AAAOPP13416000005780,9.0,0.0,4.0,5.0,3.0,0.4444444444444444,0.0
AAAOPP13416000005783,11.0,1.0,9.0,1.0,4.0,1.0,0.09090909090909091
AAAOPP13416000005814,1.0,0.0,0.0,1.0,0.0,0.0,0.0
AAAOPP13416000005821,7.0,4.0,3.0,0.0,0.0,1.5714285714285714,0.5714285714285714
AAAOPP13416000005829,7.0,0.0,7.0,0.0,1.0,1.0,0.0
AAAOPP13416000005831,5.0,0.0,5.0,0.0,2.0,1.0,0.0
AAAOPP13416000005836,1.0,0.0,1.0,0.0,0.0,1.0,0.0
AAAOPP13416000005839,10.0,0.0,9.0,1.0,0.0,0.9,0.0
AAAOPP13416000005844,8.0,0.0,6.0,2.0,0.0,0.75,0.0
AAAOPP13416000005856,11.0,6.0,5.0,0.0,0.0,1.5454545454545454,0.5454545454545454
AAAOPP13416000005901,12.0,4.0,8.0,0.0,1.0,1.3333333333333333,0.3333333333333333
AAAOPP13416000005914,10.0,0.0,10.0,0.0,0.0,1.0,0.0
AAAOPP13416000005917,7.0,0.0,7.0,0.0,0.0,1.0,0.0
AAAOPP13416000005927,8.0,2.0,6.0,0.0,1.0,1.25,0.25
AAAOPP13416000005942,7.0,0.0,7.0,0.0,3.0,1.0,0.0
AAAOPP13416000005993,11.0,4.0,7.0,0.0,1.0,1.3636363636363635,0.36363636363636365
AAAOPP13416000006002,12.0,3.0,9.0,0.0,1.0,1.25,0.25
AAAOPP13416000006076,9.0,0.0,9.0,0.0,1.0,1.0,0.0
AAAOPP13416000006171,9.0,0.0,9.0,0.0,2.0,1.0,0.0
AAAOPP13416000006184,8.0,0.0,8.0,0.0,1.0,1.0,0.0
AAAOPP13416000006187,5.0,2.0,3.0,0.0,0.0,1.4,0.4
AAAOPP13416000006196,8.0,0.0,8.0,0.0,0.0,1.0,0.0
AAAOPP13416000006203,7.0,0.0,7.0,0.0,0.0,1.0,0.0
AAAOPP13416000006229,1.0,0.0,0.0,1.0,0.0,0.0,0.0
AAAOPP13416000006252,11.0,0.0,11.0,0.0,5.0,1.0,0.0
AAAOPP13416000006271,6.0,0.0,4.0,2.0,2.0,0.6666666666666666,0.0
AAAOPP13416000006322,6.0,0.0,6.0,0.0,0.0,1.0,0.0
AAAOPP13416000006369,13.0,0.0,13.0,0.0,6.0,1.0,0.0
AAAOPP13416000006379,5.0,0.0,4.0,1.0,0.0,0.8,0.0
AAAOPP13416000006380,11.0,0.0,11.0,0.0,0.0,1.0,0.0
AAAOPP13416000006406,14.0,0.0,13.0,1.0,1.0,0.9285714285714286,0.0
AAAOPP13416000006407,11.0,0.0,9.0,2.0,0.0,0.8181818181818182,0.0
AAAOPP13416000006422,4.0,2.0,2.0,0.0,0.0,1.5,0.5
AAAOPP13416000006464,11.0,1.0,10.0,0.0,3.0,1.0909090909090908,0.09090909090909091
AAAOPP13416000006493,9.0,0.0,9.0,0.0,0.0,1.0,0.0
AAAOPP13416000006580,8.0,3.0,5.0,0.0,1.0,1.375,0.375
AAAOPP13416000006621,9.0,0.0,9.0,0.0,0.0,1.0,0.0
AAAOPP13416000006635,11.0,0.0,10.0,1.0,3.0,0.9090909090909091,0.0
AAAOPP13416000006918,5.0,0.0,5.0,0.0,2.0,1.0,0.0
AAAOPP13416000006936,10.0,0.0,10.0,0.0,4.0,1.0,0.0
AAAOPP13416000007036,10.0,0.0,10.0,0.0,2.0,1.0,0.0
AAAOPP13416000007048,9.0,2.0,7.0,0.0,2.0,1.2222222222222223,0.2222222222222222
AAAOPP13416000007063,7.0,0.0,6.0,1.0,0.0,0.8571428571428571,0.0
AAAOPP13416000007110,12.0,0.0,10.0,2.0,6.0,0.8333333333333334,0.0
AAAOPP13416000007192,11.0,0.0,11.0,0.0,2.0,1.0,0.0
AAAOPP13416000007203,8.0,0.0,8.0,0.0,5.0,1.0,0.0
AAAOPP13416000007239,9.0,0.0,9.0,0.0,5.0,1.0,0.0
AAAOPP13416000007241,11.0,0.0,11.0,0.0,1.0,1.0,0.0
AAAOPP13416000007267,11.0,0.0,10.0,1.0,6.0,0.9090909090909091,0.0
AAAOPP13416000007296,13.0,0.0,13.0,0.0,1.0,1.0,0.0
AAAOPP13416000007304,9.0,0.0,9.0,0.0,5.0,1.0,0.0
AAAOPP13416000007312,11.0,6.0,5.0,0.0,1.0,1.5454545454545454,0.5454545454545454
AAAOPP13416000007314,7.0,4.0,3.0,0.0,0.0,1.5714285714285714,0.5714285714285714
AAAOPP13416000007353,11.0,5.0,6.0,0.0,7.0,1.4545454545454546,0.45454545454545453
AAAOPP13416000007378,11.0,5.0,6.0,0.0,1.0,1.4545454545454546,0.45454545454545453
AAAOPP13416000007394,9.0,1.0,8.0,0.0,2.0,1.1111111111111112,0.1111111111111111
AAAOPP13416000007408,3.0,0.0,1.0,2.0,1.0,0.3333333333333333,0.0
AAAOPP13416000007415,9.0,0.0,6.0,3.0,9.0,0.6666666666666666,0.0
AAAOPP13416000007420,12.0,0.0,12.0,0.0,6.0,1.0,0.0
AAAOPP13416000007440,10.0,0.0,10.0,0.0,7.0,1.0,0.0
AAAOPP13416000007463,7.0,0.0,7.0,0.0,0.0,1.0,0.0
AAAOPP13416000007486,7.0,1.0,6.0,0.0,2.0,1.1428571428571428,0.14285714285714285
AAAOPP13416000007546,11.0,0.0,11.0,0.0,2.0,1.0,0.0
AAAOPP13416000007554,4.0,0.0,4.0,0.0,1.0,1.0,0.0
AAAOPP13416000007556,13.0,5.0,8.0,0.0,4.0,1.3846153846153846,0.38461538461538464
AAAOPP13416000007571,11.0,0.0,11.0,0.0,3.0,1.0,0.0
AAAOPP13416000007577,7.0,1.0,6.0,0.0,0.0,1.1428571428571428,0.14285714285714285
AAAOPP13416000007605,14.0,7.0,7.0,0.0,6.0,1.5,0.5
AAAOPP13416000007609,7.0,2.0,5.0,0.0,1.0,1.2857142857142858,0.2857142857142857
AAAOPP13416000007683,1.0,0.0,0.0,1.0,0.0,0.0,0.0
AAAOPP13416000007691,8.0,0.0,7.0,1.0,4.0,0.875,0.0
AAAOPP13416000007723,6.0,0.0,5.0,1.0,0.0,0.8333333333333334,0.0
AAAOPP13416000007735,10.0,1.0,9.0,0.0,0.0,1.1,0.1
AAAOPP13416000007782,9.0,0.0,9.0,0.0,4.0,1.0,0.0
AAAOPP13416000007799,9.0,1.0,8.0,0.0,4.0,1.1111111111111112,0.1111111111111111
AAAOPP13416000007801,12.0,1.0,11.0,0.0,6.0,1.0833333333333333,0.08333333333333333
AAAOPP13416000007851,7.0,0.0,6.0,1.0,1.0,0.8571428571428571,0.0
AAAOPP13416000007856,4.0,0.0,4.0,0.0,1.0,1.0,0.0
AAAOPP13416000007873,9.0,0.0,9.0,0.0,3.0,1.0,0.0
AAAOPP13416000007876,10.0,0.0,10.0,0.0,0.0,1.0,0.0
AAAOPP13416000007908,13.0,0.0,13.0,0.0,5.0,1.0,0.0
AAAOPP13416000007932,10.0,0.0,10.0,0.0,5.0,1.0,0.0
AAAOPP13416000007952,6.0,0.0,6.0,0.0,0.0,1.0,0.0
AAAOPP13416000007957,6.0,3.0,3.0,0.0,1.0,1.5,0.5
AAAOPP13416000008003,9.0,6.0,3.0,0.0,2.0,1.6666666666666667,0.6666666666666666
AAAOPP13416000008017,9.0,6.0,3.0,0.0,3.0,1.6666666666666667,0.6666666666666666
AAAOPP13416000008031,6.0,0.0,6.0,0.0,5.0,1.0,0.0
AAAOPP13416000008102,10.0,4.0,6.0,0.0,0.0,1.4,0.4
AAAOPP13416000008161,5.0,0.0,5.0,0.0,1.0,1.0,0.0
AAAOPP13416000008187,9.0,0.0,9.0,0.0,1.0,1.0,0.0
AAAOPP13416000008255,9.0,0.0,9.0,0.0,0.0,1.0,0.0
AAAOPP13416000008265,7.0,0.0,7.0,0.0,4.0,1.0,0.0
AAAOPP13416000008277,7.0,0.0,7.0,0.0,2.0,1.0,0.0
AAAOPP13416000008296,6.0,0.0,6.0,0.0,0.0,1.0,0.0
AAAOPP13416000008298,10.0,2.0,8.0,0.0,1.0,1.2,0.2
AAAOPP13416000008404,11.0,0.0,11.0,0.0,5.0,1.0,0.0
AAAOPP13416000008422,13.0,6.0,7.0,0.0,2.0,1.4615384615384615,0.46153846153846156
AAAOPP13416000008439,8.0,0.0,8.0,0.0,2.0,1.0,0.0
AAAOPP13416000008456,12.0,0.0,12.0,0.0,4.0,1.0,0.0
AAAOPP13416000008460,8.0,0.0,8.0,0.0,1.0,1.0,0.0
AAAOPP13416000008502,8.0,0.0,7.0,1.0,3.0,0.875,0.0
AAAOPP13416000008504,10.0,0.0,10.0,0.0,5.0,1.0,0.0
AAAOPP13416000008527,8.0,0.0,8.0,0.0,5.0,1.0,0.0
AAAOPP13416000008549,6.0,0.0,6.0,0.0,0.0,1.0,0.0
AAAOPP13416000008587,11.0,0.0,8.0,3.0,6.0,0.7272727272727273,0.0
AAAOPP13416000008600,13.0,0.0,13.0,0.0,1.0,1.0,0.0
AAAOPP13416000008708,3.0,0.0,3.0,0.0,0.0,1.0,0.0
AAAOPP13416000008790,10.0,1.0,9.0,0.0,0.0,1.1,0.1
AAAOPP13416000008977,13.0,6.0,7.0,0.0,0.0,1.4615384615384615,0.46153846153846156
AAAOPP13416000008987,11.0,2.0,9.0,0.0,2.0,1.1818181818181819,0.18181818181818182
AAAOPP13416000009033,12.0,1.0,11.0,0.0,3.0,1.0833333333333333,0.08333333333333333
AAAOPP13416000009066,11.0,1.0,7.0,3.0,3.0,0.8181818181818182,0.09090909090909091
AAAOPP13416000009093,14.0,0.0,13.0,1.0,6.0,0.9285714285714286,0.0
AAAOPP13416000009127,13.0,7.0,6.0,0.0,1.0,1.5384615384615385,0.5384615384615384
AAAOPP13416000009179,8.0,0.0,8.0,0.0,1.0,1.0,0.0
AAAOPP13416000009210,7.0,6.0,1.0,0.0,0.0,1.8571428571428572,0.8571428571428571
AAAOPP13416000009284,8.0,0.0,8.0,0.0,0.0,1.0,0.0
AAAOPP13416000009308,12.0,0.0,12.0,0.0,7.0,1.0,0.0
AAAOPP13416000009321,14.0,0.0,14.0,0.0,1.0,1.0,0.0
AAAOPP13416000009324,10.0,3.0,7.0,0.0,2.0,1.3,0.3
AAAOPP13416000009335,12.0,1.0,11.0,0.0,4.0,1.0833333333333333,0.08333333333333333
AAAOPP13416000009374,9.0,0.0,9.0,0.0,1.0,1.0,0.0
AAAOPP13416000009442,5.0,0.0,5.0,0.0,0.0,1.0,0.0
AAAOPP13416000009559,6.0,1.0,5.0,0.0,1.0,1.1666666666666667,0.16666666666666666
AAAOPP13416000009568,9.0,0.0,9.0,0.0,1.0,1.0,0.0
AAAOPP13416000009644,7.0,0.0,7.0,0.0,1.0,1.0,0.0
AAAOPP13416000009733,11.0,0.0,11.0,0.0,3.0,1.0,0.0
AAAOPP13416000009968,4.0,0.0,4.0,0.0,3.0,1.0,0.0
AAAOPP13416000009974,10.0,0.0,10.0,0.0,8.0,1.0,0.0
AAAOPP13416000010125,12.0,0.0,12.0,0.0,3.0,1.0,0.0
AAAOPP13416000010443,15.0,0.0,15.0,0.0,3.0,1.0,0.0
AAAOPP13416000010458,15.0,2.0,13.0,0.0,3.0,1.1333333333333333,0.13333333333333333
AAAOPP13416000010464,8.0,0.0,8.0,0.0,1.0,1.0,0.0
AAAOPP13416000010481,6.0,1.0,5.0,0.0,0.0,1.1666666666666667,0.16666666666666666
AAAOPP13416000010525,13.0,1.0,12.0,0.0,2.0,1.0769230769230769,0.07692307692307693
AAAOPP13416000010536,10.0,0.0,9.0,1.0,0.0,0.9,0.0
AAAOPP13416000010581,9.0,5.0,4.0,0.0,5.0,1.5555555555555556,0.5555555555555556
AAAOPP13416000010601,12.0,8.0,4.0,0.0,2.0,1.6666666666666667,0.6666666666666666
AAAOPP13416000010615,4.0,0.0,4.0,0.0,0.0,1.0,0.0
AAAOPP13416000010658,9.0,0.0,9.0,0.0,1.0,1.0,0.0
AAAOPP13416000010706,14.0,0.0,14.0,0.0,2.0,1.0,0.0
AAAOPP13416000010801,12.0,0.0,12.0,0.0,7.0,1.0,0.0
AAAOPP13416000010808,12.0,0.0,10.0,2.0,5.0,0.8333333333333334,0.0
AAAOPP13416000010877,9.0,2.0,7.0,0.0,0.0,1.2222222222222223,0.2222222222222222
AAAOPP13416000010888,7.0,0.0,7.0,0.0,1.0,1.0,0.0
AAAOPP13416000010923,13.0,7.0,6.0,0.0,3.0,1.5384615384615385,0.5384615384615384
AAAOPP13416000010954,10.0,3.0,7.0,0.0,0.0,1.3,0.3
AAAOPP13416000010965,12.0,6.0,6.0,0.0,6.0,1.5,0.5
AAAOPP13416000010982,6.0,0.0,6.0,0.0,1.0,1.0,0.0
AAAOPP13416000010986,5.0,0.0,5.0,0.0,0.0,1.0,0.0
AAAOPP13416000010998,12.0,0.0,12.0,0.0,0.0,1.0,0.0
AAAOPP13416000011063,11.0,0.0,11.0,0.0,5.0,1.0,0.0
AAAOPP13416000011077,11.0,1.0,10.0,0.0,0.0,1.0909090909090908,0.09090909090909091
AAAOPP13416000011136,9.0,1.0,8.0,0.0,1.0,1.1111111111111112,0.1111111111111111
AAAOPP13416000011257,11.0,0.0,11.0,0.0,6.0,1.0,0.0
AAAOPP13416000011353,13.0,0.0,13.0,0.0,0.0,1.0,0.0
AAAOPP13416000011397,12.0,1.0,11.0,0.0,1.0,1.0833333333333333,0.08333333333333333
AAAOPP13416000011450,12.0,1.0,11.0,0.0,0.0,1.0833333333333333,0.08333333333333333
AAAOPP13416000011482_cleaned,7.0,0.0,7.0,0.0,4.0,1.0,0.0
AAAOPP13416000011513,11.0,0.0,11.0,0.0,0.0,1.0,0.0
AAAOPP13416000011515,9.0,0.0,9.0,0.0,0.0,1.0,0.0
AAAOPP13416000011555,11.0,0.0,11.0,0.0,3.0,1.0,0.0
AAAOPP13416000011600,5.0,0.0,5.0,0.0,0.0,1.0,0.0
AAAOPP13416000011651,10.0,1.0,9.0,0.0,1.0,1.1,0.1
AAAOPP13416000011674,8.0,0.0,8.0,0.0,1.0,1.0,0.0
AAAOPP13416000011718,16.0,3.0,13.0,0.0,0.0,1.1875,0.1875
AAAOPP13416000011877,12.0,0.0,12.0,0.0,5.0,1.0,0.0
AAAOPP13416000011962,9.0,1.0,8.0,0.0,5.0,1.1111111111111112,0.1111111111111111
AAAOPP13416000012058,9.0,1.0,8.0,0.0,0.0,1.1111111111111112,0.1111111111111111
AAAOPP13416000012071,9.0,0.0,9.0,0.0,2.0,1.0,0.0
AAAOPP13416000012086,6.0,0.0,6.0,0.0,0.0,1.0,0.0
AAAOPP13416000012117,6.0,0.0,6.0,0.0,0.0,1.0,0.0
AAAOPP13416000012130,9.0,0.0,9.0,0.0,0.0,1.0,0.0
AAAOPP13416000012133,6.0,0.0,6.0,0.0,3.0,1.0,0.0
AAAOPP13416000012165,1.0,0.0,0.0,1.0,0.0,0.0,0.0
AAAOPP13416000012166,8.0,0.0,8.0,0.0,1.0,1.0,0.0
AAAOPP13416000012181,7.0,0.0,6.0,1.0,2.0,0.8571428571428571,0.0
AAAOPP13416000012241,10.0,6.0,3.0,1.0,0.0,1.5,0.6
AAAOPP13416000012265,7.0,4.0,3.0,0.0,1.0,1.5714285714285714,0.5714285714285714
AAAOPP13416000012280,5.0,0.0,5.0,0.0,4.0,1.0,0.0
AAAOPP13416000012313,14.0,5.0,9.0,0.0,2.0,1.3571428571428572,0.35714285714285715
AAAOPP13416000012317,9.0,1.0,8.0,0.0,3.0,1.1111111111111112,0.1111111111111111
AAAOPP13416000012320,15.0,3.0,11.0,1.0,0.0,1.1333333333333333,0.2
AAAOPP13416000012366,9.0,0.0,9.0,0.0,4.0,1.0,0.0
AAAOPP13416000012398,4.0,0.0,4.0,0.0,0.0,1.0,0.0
AAAOPP13416000012399,1.0,0.0,0.0,1.0,0.0,0.0,0.0
AAAOPP13416000012505,6.0,0.0,6.0,0.0,1.0,1.0,0.0
AAAOPP13416000013178,6.0,0.0,6.0,0.0,0.0,1.0,0.0
AAAOPP13416000013258,8.0,0.0,6.0,2.0,0.0,0.75,0.0
AAAOPP13416000013271,7.0,0.0,5.0,2.0,1.0,0.7142857142857143,0.0
AAAOPP13416000013314,9.0,0.0,2.0,7.0,4.0,0.2222222222222222,0.0
AAAOPP13416000013320,8.0,0.0,8.0,0.0,0.0,1.0,0.0
AAAOPP13416000013394,9.0,2.0,7.0,0.0,2.0,1.2222222222222223,0.2222222222222222
AAAOPP13416000013448,8.0,0.0,7.0,1.0,3.0,0.875,0.0
AAAOPP13416000013459,5.0,0.0,5.0,0.0,0.0,1.0,0.0
AAAOPP13416000013477,6.0,0.0,6.0,0.0,1.0,1.0,0.0
AAAOPP13416000013516,4.0,0.0,2.0,2.0,0.0,0.5,0.0
AAAOPP13416000013521,5.0,0.0,1.0,4.0,0.0,0.2,0.0
AAAOPP13416000013533,9.0,0.0,7.0,2.0,1.0,0.7777777777777778,0.0
AAAOPP13416000013536,10.0,0.0,4.0,6.0,1.0,0.4,0.0
AAAOPP13416000013539,2.0,0.0,0.0,2.0,0.0,0.0,0.0
AAAOPP13416000013546,6.0,0.0,5.0,1.0,1.0,0.8333333333333334,0.0
AAAOPP13416000013550,7.0,0.0,7.0,0.0,0.0,1.0,0.0
AAAOPP13416000013570,10.0,0.0,10.0,0.0,0.0,1.0,0.0
AAAOPP13416000013573,7.0,0.0,6.0,1.0,0.0,0.8571428571428571,0.0
AAAOPP13416000013914,8.0,0.0,8.0,0.0,0.0,1.0,0.0
AAAOPP13416000013921,11.0,0.0,11.0,0.0,0.0,1.0,0.0
AAAOPP13416000013957,12.0,0.0,12.0,0.0,1.0,1.0,0.0
AAAOPP13416000013995,4.0,1.0,3.0,0.0,0.0,1.25,0.25
AAAOPP13416000014003,8.0,4.0,4.0,0.0,2.0,1.5,0.5
AAAOPP13416000014009,6.0,0.0,6.0,0.0,3.0,1.0,0.0
AAAOPP13416000014028,7.0,4.0,3.0,0.0,0.0,1.5714285714285714,0.5714285714285714
AAAOPP13416000014053,6.0,2.0,4.0,0.0,0.0,1.3333333333333333,0.3333333333333333
AAAOPP13416000014141,8.0,0.0,8.0,0.0,3.0,1.0,0.0
AAAOPP13416000014170,3.0,0.0,3.0,0.0,2.0,1.0,0.0
AAAOPP13416000014189,10.0,0.0,10.0,0.0,4.0,1.0,0.0
AAAOPP13416000014259,11.0,5.0,4.0,2.0,0.0,1.2727272727272727,0.45454545454545453
AAAOPP13416000014297,15.0,0.0,15.0,0.0,6.0,1.0,0.0
AAAOPP13416000014308,10.0,5.0,5.0,0.0,0.0,1.5,0.5
AAAOPP13416000014312,9.0,0.0,9.0,0.0,4.0,1.0,0.0
AAAOPP13416000014360,9.0,0.0,9.0,0.0,1.0,1.0,0.0
AAAOPP13416000014421,10.0,0.0,6.0,4.0,0.0,0.6,0.0
AAAOPP13416000014505,14.0,0.0,14.0,0.0,2.0,1.0,0.0
AAAOPP13416000014590,7.0,0.0,7.0,0.0,1.0,1.0,0.0
AAAOPP13416000014631,7.0,0.0,6.0,1.0,2.0,0.8571428571428571,0.0
AAAOPP13416000014645,9.0,3.0,6.0,0.0,4.0,1.3333333333333333,0.3333333333333333
AAAOPP13416000014676,6.0,0.0,5.0,1.0,3.0,0.8333333333333334,0.0
AAAOPP13416000014708,9.0,0.0,9.0,0.0,0.0,1.0,0.0
AAAOPP13416000014773,12.0,0.0,12.0,0.0,0.0,1.0,0.0
AAAOPP13416000014868,9.0,0.0,9.0,0.0,1.0,1.0,0.0
AAAOPP13416000014869,9.0,6.0,3.0,0.0,1.0,1.6666666666666667,0.6666666666666666
AAAOPP13416000014919,4.0,0.0,4.0,0.0,1.0,1.0,0.0
AAAOPP13416000015104,1.0,0.0,0.0,1.0,0.0,0.0,0.0
AAAOPP13416000015174,12.0,0.0,12.0,0.0,2.0,1.0,0.0
AAAOPP13416000015204,11.0,0.0,8.0,3.0,0.0,0.7272727272727273,0.0
AAAOPP13416000015210,9.0,0.0,9.0,0.0,1.0,1.0,0.0
AAAOPP13416000015246,12.0,0.0,12.0,0.0,2.0,1.0,0.0
AAAOPP13416000015262,6.0,0.0,6.0,0.0,0.0,1.0,0.0
AAAOPP13416000015277,6.0,0.0,6.0,0.0,0.0,1.0,0.0
AAAOPP13416000015310,10.0,2.0,7.0,1.0,3.0,1.1,0.2
AAAOPP13416000015327,9.0,0.0,9.0,0.0,2.0,1.0,0.0
AAAOPP13416000015335,11.0,0.0,3.0,8.0,1.0,0.2727272727272727,0.0
AAAOPP13416000015405,7.0,0.0,7.0,0.0,5.0,1.0,0.0
AAAOPP13416000015729,11.0,0.0,8.0,3.0,0.0,0.7272727272727273,0.0
AAAOPP13416000015899,14.0,9.0,5.0,0.0,0.0,1.6428571428571428,0.6428571428571429
AAAOPP13416000015977,11.0,1.0,10.0,0.0,2.0,1.0909090909090908,0.09090909090909091
AAAOPP13416000015984,11.0,0.0,11.0,0.0,0.0,1.0,0.0
AAAOPP13416000015996,5.0,0.0,3.0,2.0,2.0,0.6,0.0
AAAOPP13416000016141,15.0,0.0,15.0,0.0,3.0,1.0,0.0
AAAOPP13416000016164,8.0,0.0,8.0,0.0,0.0,1.0,0.0
AAAOPP13416000016165,7.0,0.0,7.0,0.0,1.0,1.0,0.0
AAAOPP13416000016181,9.0,0.0,9.0,0.0,0.0,1.0,0.0
AAAOPP13416000016189,9.0,0.0,9.0,0.0,1.0,1.0,0.0
AAAOPP13416000016200,12.0,0.0,12.0,0.0,2.0,1.0,0.0
AAAOPP13416000016302,13.0,0.0,13.0,0.0,5.0,1.0,0.0
AAAOPP13416000016344,9.0,3.0,6.0,0.0,0.0,1.3333333333333333,0.3333333333333333
AAAOPP13416000016416,5.0,0.0,5.0,0.0,0.0,1.0,0.0
AAAOPP13416000016438,7.0,1.0,6.0,0.0,2.0,1.1428571428571428,0.14285714285714285
AAAOPP13416000016509,9.0,1.0,8.0,0.0,0.0,1.1111111111111112,0.1111111111111111
AAAOPP13416000016600,9.0,2.0,7.0,0.0,0.0,1.2222222222222223,0.2222222222222222
AAAOPP13416000016616,12.0,3.0,9.0,0.0,3.0,1.25,0.25
AAAOPP13416000016677,8.0,0.0,8.0,0.0,1.0,1.0,0.0
AAAOPP13416000016687,8.0,0.0,7.0,1.0,2.0,0.875,0.0
AAAOPP13416000016696,7.0,0.0,7.0,0.0,0.0,1.0,0.0
AAAOPP13416000016724,9.0,4.0,5.0,0.0,1.0,1.4444444444444444,0.4444444444444444
AAAOPP13416000016787,9.0,6.0,3.0,0.0,4.0,1.6666666666666667,0.6666666666666666
AAAOPP13416000016871,9.0,2.0,7.0,0.0,0.0,1.2222222222222223,0.2222222222222222
AAAOPP13416000017093,8.0,3.0,5.0,0.0,1.0,1.375,0.375
AAAOPP13416000017219,7.0,1.0,6.0,0.0,0.0,1.1428571428571428,0.14285714285714285
AAAOPP13416000017270,13.0,0.0,13.0,0.0,0.0,1.0,0.0
AAAOPP13416000017286,10.0,7.0,3.0,0.0,1.0,1.7,0.7
AAAOPP13416000017310,12.0,0.0,11.0,1.0,1.0,0.9166666666666666,0.0
AAAOPP13416000017432,6.0,1.0,5.0,0.0,3.0,1.1666666666666667,0.16666666666666666
AAAOPP13416000017437,11.0,0.0,11.0,0.0,1.0,1.0,0.0
AAAOPP13416000017472,5.0,1.0,4.0,0.0,0.0,1.2,0.2
AAAOPP13416000017541,11.0,0.0,11.0,0.0,0.0,1.0,0.0
AAAOPP13416000017589,10.0,0.0,7.0,3.0,0.0,0.7,0.0
AAAOPP13416000017602,7.0,0.0,5.0,2.0,0.0,0.7142857142857143,0.0
AAAOPP13416000017630,14.0,2.0,12.0,0.0,0.0,1.1428571428571428,0.14285714285714285
AAAOPP13416000017631,11.0,8.0,3.0,0.0,3.0,1.7272727272727273,0.7272727272727273
AAAOPP13416000017689,6.0,0.0,4.0,2.0,0.0,0.6666666666666666,0.0
AAAOPP13416000017694,8.0,1.0,4.0,3.0,1.0,0.75,0.125
AAAOPP13416000017752,12.0,4.0,8.0,0.0,1.0,1.3333333333333333,0.3333333333333333
AAAOPP13416000017842,12.0,0.0,12.0,0.0,0.0,1.0,0.0
AAAOPP13416000017969,12.0,0.0,10.0,2.0,0.0,0.8333333333333334,0.0
AAAOPP13416000017985,11.0,0.0,11.0,0.0,0.0,1.0,0.0
AAAOPP13416000018042,9.0,2.0,7.0,0.0,0.0,1.2222222222222223,0.2222222222222222
AAAOPP13416000018065,11.0,0.0,11.0,0.0,6.0,1.0,0.0
AAAOPP13416000018099,10.0,1.0,9.0,0.0,0.0,1.1,0.1
AAAOPP13416000018123,14.0,0.0,11.0,3.0,3.0,0.7857142857142857,0.0
AAAOPP13416000018134,9.0,0.0,7.0,2.0,1.0,0.7777777777777778,0.0
AAAOPP13416000018140,11.0,0.0,11.0,0.0,0.0,1.0,0.0
AAAOPP13416000018259,8.0,0.0,8.0,0.0,1.0,1.0,0.0
AAAOPP13416000018265,6.0,0.0,6.0,0.0,0.0,1.0,0.0
AAAOPP13416000018294,9.0,0.0,9.0,0.0,1.0,1.0,0.0
AAAOPP13416000018345,9.0,1.0,8.0,0.0,0.0,1.1111111111111112,0.1111111111111111
AAAOPP13416000018401,9.0,4.0,5.0,0.0,0.0,1.4444444444444444,0.4444444444444444
AAAOPP13416000018402,11.0,0.0,11.0,0.0,1.0,1.0,0.0
AAAOPP13416000018422,10.0,1.0,9.0,0.0,1.0,1.1,0.1
AAAOPP13416000018433,14.0,8.0,6.0,0.0,0.0,1.5714285714285714,0.5714285714285714
AAAOPP13416000018570,8.0,2.0,6.0,0.0,0.0,1.25,0.25
AAAOPP13416000018904,11.0,3.0,8.0,0.0,1.0,1.2727272727272727,0.2727272727272727
AAAOPP13416000019051,12.0,0.0,11.0,1.0,2.0,0.9166666666666666,0.0
AAAOPP13416000019097,9.0,2.0,7.0,0.0,0.0,1.2222222222222223,0.2222222222222222
AAAOPP13416000019603,10.0,6.0,4.0,0.0,0.0,1.6,0.6
AAAOPP13416000019618,8.0,0.0,8.0,0.0,0.0,1.0,0.0
AAAOPP13416000019703,13.0,8.0,5.0,0.0,1.0,1.6153846153846154,0.6153846153846154
AAAOPP13416000019762,11.0,0.0,11.0,0.0,0.0,1.0,0.0
AAAOPP13416000019769,8.0,5.0,3.0,0.0,5.0,1.625,0.625
AAAOPP13416000019786,17.0,0.0,16.0,1.0,0.0,0.9411764705882353,0.0
AAAOPP13416000019794,9.0,0.0,9.0,0.0,3.0,1.0,0.0
AAAOPP13416000019798,10.0,0.0,10.0,0.0,0.0,1.0,0.0
AAAOPP13416000019828,10.0,0.0,10.0,0.0,0.0,1.0,0.0
AAAOPP13416000019843,6.0,0.0,5.0,1.0,1.0,0.8333333333333334,0.0
AAAOPP13416000019861,9.0,4.0,5.0,0.0,6.0,1.4444444444444444,0.4444444444444444
AAAOPP13416000019886,12.0,2.0,9.0,1.0,5.0,1.0833333333333333,0.16666666666666666
AAAOPP13416000019958,11.0,0.0,11.0,0.0,0.0,1.0,0.0
AAAOPP13416000020007,6.0,0.0,6.0,0.0,2.0,1.0,0.0
AAAOPP13416000020043,5.0,0.0,5.0,0.0,0.0,1.0,0.0
AAAOPP13416000020052,12.0,0.0,12.0,0.0,3.0,1.0,0.0
AAAOPP13416000020086,5.0,0.0,5.0,0.0,1.0,1.0,0.0
AAAOPP13416000020099,8.0,0.0,8.0,0.0,4.0,1.0,0.0
AAAOPP13416000020108,4.0,0.0,4.0,0.0,2.0,1.0,0.0
AAAOPP13416000020121,9.0,0.0,9.0,0.0,4.0,1.0,0.0
AAAOPP13416000020137,9.0,0.0,9.0,0.0,3.0,1.0,0.0
AAAOPP13416000020155,9.0,0.0,9.0,0.0,2.0,1.0,0.0
AAAOPP13416000020203,8.0,0.0,8.0,0.0,0.0,1.0,0.0
AAAOPP13416000020205,5.0,1.0,4.0,0.0,0.0,1.2,0.2
AAAOPP13416000020221,5.0,0.0,5.0,0.0,0.0,1.0,0.0
AAAOPP13416000020268,8.0,0.0,8.0,0.0,8.0,1.0,0.0
AAAOPP13416000020283,9.0,0.0,7.0,2.0,4.0,0.7777777777777778,0.0
AAAOPP13416000020285,7.0,0.0,7.0,0.0,2.0,1.0,0.0
AAAOPP13416000020382,9.0,4.0,3.0,2.0,3.0,1.2222222222222223,0.4444444444444444
AAAOPP13416000020432,4.0,0.0,4.0,0.0,2.0,1.0,0.0
AAAOPP13416000020448,10.0,0.0,9.0,1.0,3.0,0.9,0.0
AAAOPP13416000020460,9.0,0.0,9.0,0.0,1.0,1.0,0.0
AAAOPP13416000020490,1.0,0.0,0.0,1.0,0.0,0.0,0.0
AAAOPP13416000020498,1.0,0.0,1.0,0.0,0.0,1.0,0.0
AAAOPP13416000020506_cleaned,13.0,0.0,11.0,2.0,3.0,0.8461538461538461,0.0
AAAOPP13416000020516,6.0,0.0,6.0,0.0,4.0,1.0,0.0
AAAOPP13416000020556,8.0,1.0,7.0,0.0,2.0,1.125,0.125
AAAOPP13416000020583,8.0,2.0,6.0,0.0,1.0,1.25,0.25
AAAOPP13416000020615,11.0,0.0,10.0,1.0,1.0,0.9090909090909091,0.0
AAAOPP13416000020625,10.0,0.0,10.0,0.0,3.0,1.0,0.0
AAAOPP13416000020665,8.0,0.0,8.0,0.0,2.0,1.0,0.0
AAAOPP13416000020672,2.0,0.0,1.0,1.0,0.0,0.5,0.0
AAAOPP13416000020679,11.0,0.0,11.0,0.0,0.0,1.0,0.0
AAAOPP13416000020685,3.0,0.0,2.0,1.0,0.0,0.6666666666666666,0.0
AAAOPP13416000020688,8.0,0.0,8.0,0.0,3.0,1.0,0.0
AAAOPP13416000020720,9.0,0.0,9.0,0.0,4.0,1.0,0.0
AAAOPP13416000020727,10.0,2.0,8.0,0.0,0.0,1.2,0.2
AAAOPP13416000020733,11.0,0.0,11.0,0.0,0.0,1.0,0.0
AAAOPP13416000020740,4.0,0.0,4.0,0.0,1.0,1.0,0.0
AAAOPP13416000020756,6.0,3.0,3.0,0.0,1.0,1.5,0.5
AAAOPP13416000020764,10.0,3.0,7.0,0.0,1.0,1.3,0.3
AAAOPP13416000020767,9.0,0.0,9.0,0.0,3.0,1.0,0.0
AAAOPP13416000020880,10.0,0.0,7.0,3.0,3.0,0.7,0.0
AAAOPP13416000020895,7.0,2.0,5.0,0.0,1.0,1.2857142857142858,0.2857142857142857
AAAOPP13416000020900,8.0,0.0,8.0,0.0,4.0,1.0,0.0
AAAOPP13416000020925,7.0,0.0,7.0,0.0,0.0,1.0,0.0
AAAOPP13416000020926,5.0,1.0,4.0,0.0,1.0,1.2,0.2
AAAOPP13416000020945,5.0,0.0,5.0,0.0,0.0,1.0,0.0
AAAOPP13416000020982,6.0,0.0,6.0,0.0,6.0,1.0,0.0
AAAOPP13416000020991,5.0,0.0,5.0,0.0,1.0,1.0,0.0
AAAOPP13416000021022,9.0,0.0,9.0,0.0,5.0,1.0,0.0
AAAOPP13416000021029,10.0,0.0,10.0,0.0,3.0,1.0,0.0
AAAOPP13416000021050,1.0,0.0,0.0,1.0,0.0,0.0,0.0
AAAOPP13416000021365,6.0,1.0,5.0,0.0,1.0,1.1666666666666667,0.16666666666666666
AAAOPP13416000021693,7.0,2.0,5.0,0.0,0.0,1.2857142857142858,0.2857142857142857
AAAOPP13416000021744,11.0,0.0,11.0,0.0,3.0,1.0,0.0
AAAOPP13416000021804,10.0,0.0,10.0,0.0,2.0,1.0,0.0
AAAOPP13416000021854,9.0,5.0,4.0,0.0,0.0,1.5555555555555556,0.5555555555555556
AAAOPP13416000021920,11.0,0.0,11.0,0.0,4.0,1.0,0.0
AAAOPP13416000021921,12.0,0.0,12.0,0.0,0.0,1.0,0.0
AAAOPP13416000021929,8.0,0.0,6.0,2.0,0.0,0.75,0.0
AAAOPP13416000021940,6.0,1.0,5.0,0.0,0.0,1.1666666666666667,0.16666666666666666
AAAOPP13416000021946,10.0,4.0,6.0,0.0,1.0,1.4,0.4
AAAOPP13416000021979,10.0,0.0,10.0,0.0,2.0,1.0,0.0
AAAOPP13416000021980,7.0,1.0,6.0,0.0,1.0,1.1428571428571428,0.14285714285714285
AAAOPP13416000022006,12.0,1.0,10.0,1.0,5.0,1.0,0.08333333333333333
AAAOPP13416000022012,8.0,0.0,5.0,3.0,2.0,0.625,0.0
AAAOPP13416000022019,2.0,0.0,0.0,2.0,0.0,0.0,0.0
AAAOPP13416000022029,1.0,0.0,0.0,1.0,0.0,0.0,0.0
AAAOPP13416000022047,11.0,0.0,11.0,0.0,5.0,1.0,0.0
AAAOPP13416000022126,9.0,3.0,6.0,0.0,0.0,1.3333333333333333,0.3333333333333333
AAAOPP13416000022155,7.0,0.0,7.0,0.0,2.0,1.0,0.0
AAAOPP13416000022163,8.0,0.0,8.0,0.0,1.0,1.0,0.0
AAAOPP13416000022167,11.0,0.0,11.0,0.0,3.0,1.0,0.0
AAAOPP13416000022372,9.0,1.0,8.0,0.0,0.0,1.1111111111111112,0.1111111111111111
AAAOPP13416000022377,12.0,1.0,11.0,0.0,0.0,1.0833333333333333,0.08333333333333333
AAAOPP13416000022403,5.0,2.0,3.0,0.0,0.0,1.4,0.4
AAAOPP13416000022408,9.0,4.0,5.0,0.0,4.0,1.4444444444444444,0.4444444444444444
AAAOPP13416000022413,9.0,2.0,7.0,0.0,0.0,1.2222222222222223,0.2222222222222222
AAAOPP13416000022424,11.0,0.0,11.0,0.0,0.0,1.0,0.0
AAAOPP13416000022427,15.0,1.0,14.0,0.0,1.0,1.0666666666666667,0.06666666666666667
AAAOPP13416000022438,9.0,0.0,9.0,0.0,3.0,1.0,0.0
AAAOPP13416000022440,8.0,0.0,8.0,0.0,0.0,1.0,0.0
AAAOPP13416000022442,14.0,4.0,10.0,0.0,0.0,1.2857142857142858,0.2857142857142857
AAAOPP13416000022473,10.0,0.0,9.0,1.0,0.0,0.9,0.0
AAAOPP13416000022501,9.0,2.0,7.0,0.0,4.0,1.2222222222222223,0.2222222222222222
AAAOPP13416000022586,8.0,0.0,8.0,0.0,0.0,1.0,0.0
AAAOPP13416000022602,9.0,8.0,1.0,0.0,0.0,1.8888888888888888,0.8888888888888888
AAAOPP13416000022609,9.0,1.0,8.0,0.0,2.0,1.1111111111111112,0.1111111111111111
AAAOPP13416000022614,3.0,0.0,3.0,0.0,1.0,1.0,0.0
AAAOPP13416000022626,9.0,0.0,9.0,0.0,1.0,1.0,0.0
AAAOPP13416000022661,9.0,6.0,3.0,0.0,1.0,1.6666666666666667,0.6666666666666666
AAAOPP13416000022662,4.0,1.0,3.0,0.0,0.0,1.25,0.25
AAAOPP13416000022663,7.0,4.0,3.0,0.0,0.0,1.5714285714285714,0.5714285714285714
AAAOPP13416000022702,9.0,3.0,6.0,0.0,2.0,1.3333333333333333,0.3333333333333333
AAAOPP13416000022704,9.0,0.0,9.0,0.0,4.0,1.0,0.0
AAAOPP13416000022717,8.0,0.0,8.0,0.0,1.0,1.0,0.0
AAAOPP13416000022746,11.0,0.0,11.0,0.0,5.0,1.0,0.0
AAAOPP13416000022754,9.0,0.0,9.0,0.0,3.0,1.0,0.0
AAAOPP13416000022764,8.0,1.0,7.0,0.0,3.0,1.125,0.125
AAAOPP13416000022767,11.0,4.0,7.0,0.0,0.0,1.3636363636363635,0.36363636363636365
AAAOPP13416000022768,4.0,0.0,3.0,1.0,1.0,0.75,0.0
AAAOPP13416000022809,11.0,0.0,11.0,0.0,1.0,1.0,0.0
AAAOPP13416000022819,8.0,1.0,7.0,0.0,1.0,1.125,0.125
AAAOPP13416000022820,5.0,1.0,4.0,0.0,0.0,1.2,0.2
AAAOPP13416000022842,9.0,0.0,9.0,0.0,2.0,1.0,0.0
AAAOPP13416000022844,9.0,0.0,9.0,0.0,1.0,1.0,0.0
AAAOPP13416000022868,9.0,0.0,9.0,0.0,3.0,1.0,0.0
AAAOPP13416000022879,7.0,0.0,7.0,0.0,1.0,1.0,0.0
AAAOPP13416000022916,15.0,10.0,5.0,0.0,0.0,1.6666666666666667,0.6666666666666666
AAAOPP13416000022933,9.0,3.0,6.0,0.0,3.0,1.3333333333333333,0.3333333333333333
AAAOPP13416000022948,8.0,3.0,5.0,0.0,6.0,1.375,0.375
AAAOPP13416000023025,11.0,1.0,10.0,0.0,1.0,1.0909090909090908,0.09090909090909091
AAAOPP13416000023033,12.0,0.0,12.0,0.0,6.0,1.0,0.0
AAAOPP13416000023057,8.0,3.0,5.0,0.0,0.0,1.375,0.375
AAAOPP13416000023069,1.0,0.0,0.0,1.0,0.0,0.0,0.0
AAAOPP13416000023077,7.0,3.0,4.0,0.0,0.0,1.4285714285714286,0.42857142857142855
AAAOPP13416000023080,3.0,0.0,3.0,0.0,0.0,1.0,0.0
AAAOPP13416000023104,6.0,2.0,4.0,0.0,0.0,1.3333333333333333,0.3333333333333333
AAAOPP13416000023145,14.0,7.0,7.0,0.0,2.0,1.5,0.5
AAAOPP13416000023279,13.0,2.0,11.0,0.0,2.0,1.1538461538461537,0.15384615384615385
AAAOPP13416000023302,15.0,0.0,15.0,0.0,1.0,1.0,0.0
AAAOPP13416000023306,3.0,0.0,3.0,0.0,0.0,1.0,0.0
AAAOPP13416000023349,9.0,1.0,8.0,0.0,0.0,1.1111111111111112,0.1111111111111111
AAAOPP13416000023407,10.0,0.0,10.0,0.0,0.0,1.0,0.0
AAAOPP13416000023534,9.0,2.0,7.0,0.0,0.0,1.2222222222222223,0.2222222222222222
AAAOPP13416000023564,8.0,0.0,8.0,0.0,0.0,1.0,0.0
AAAOPP13416000023657,9.0,1.0,8.0,0.0,2.0,1.1111111111111112,0.1111111111111111
AAAOPP13416000023676,11.0,1.0,10.0,0.0,5.0,1.0909090909090908,0.09090909090909091
AAAOPP13416000023681,12.0,0.0,12.0,0.0,1.0,1.0,0.0
AAAOPP13416000023727,11.0,6.0,5.0,0.0,3.0,1.5454545454545454,0.5454545454545454
AAAOPP13416000023767,8.0,0.0,8.0,0.0,3.0,1.0,0.0
AAAOPP13416000023811,9.0,6.0,3.0,0.0,5.0,1.6666666666666667,0.6666666666666666
AAAOPP13416000023921,8.0,0.0,8.0,0.0,1.0,1.0,0.0
AAAOPP13416000023939,9.0,8.0,1.0,0.0,1.0,1.8888888888888888,0.8888888888888888
AAAOPP13416000023970,9.0,0.0,9.0,0.0,5.0,1.0,0.0
AAAOPP13416000023992,9.0,3.0,6.0,0.0,0.0,1.3333333333333333,0.3333333333333333
AAAOPP13416000024066,8.0,0.0,8.0,0.0,1.0,1.0,0.0
AAAOPP13416000024084,9.0,6.0,3.0,0.0,2.0,1.6666666666666667,0.6666666666666666
AAAOPP13416000024097,9.0,4.0,5.0,0.0,1.0,1.4444444444444444,0.4444444444444444
AAAOPP13416000024235,9.0,2.0,7.0,0.0,4.0,1.2222222222222223,0.2222222222222222
AAAOPP13416000024250,10.0,0.0,10.0,0.0,4.0,1.0,0.0
AAAOPP13416000024337,10.0,3.0,7.0,0.0,0.0,1.3,0.3
AAAOPP13416000024394,8.0,2.0,6.0,0.0,5.0,1.25,0.25
AAAOPP13416000024415,7.0,2.0,5.0,0.0,2.0,1.2857142857142858,0.2857142857142857
AAAOPP13416000024421,11.0,0.0,11.0,0.0,1.0,1.0,0.0
AAAOPP13416000024436,9.0,0.0,9.0,0.0,2.0,1.0,0.0
AAAOPP13416000024456,5.0,0.0,4.0,1.0,1.0,0.8,0.0
AAAOPP13416000024561,9.0,3.0,6.0,0.0,5.0,1.3333333333333333,0.3333333333333333
AAAOPP13416000024608,4.0,0.0,3.0,1.0,0.0,0.75,0.0
AAAOPP13416000024615,7.0,0.0,7.0,0.0,0.0,1.0,0.0
AAAOPP13416000024699,11.0,0.0,11.0,0.0,0.0,1.0,0.0
AAAOPP13416000024730,8.0,0.0,8.0,0.0,5.0,1.0,0.0
AAAOPP13416000024825,9.0,0.0,8.0,1.0,3.0,0.8888888888888888,0.0
AAAOPP13416000024867,10.0,0.0,10.0,0.0,0.0,1.0,0.0
AAAOPP13416000024916,9.0,1.0,8.0,0.0,0.0,1.1111111111111112,0.1111111111111111
AAAOPP13416000024935,7.0,0.0,7.0,0.0,3.0,1.0,0.0
AAAOPP13416000024937,9.0,1.0,8.0,0.0,1.0,1.1111111111111112,0.1111111111111111
AAAOPP13416000024947,10.0,1.0,9.0,0.0,2.0,1.1,0.1
AAAOPP13416000025243,9.0,0.0,9.0,0.0,4.0,1.0,0.0
AAAOPP13416000025251,10.0,0.0,10.0,0.0,2.0,1.0,0.0
AAAOPP13416000025298,12.0,4.0,8.0,0.0,0.0,1.3333333333333333,0.3333333333333333
AAAOPP13416000025312,12.0,0.0,12.0,0.0,3.0,1.0,0.0
AAAOPP13416000025359,9.0,4.0,5.0,0.0,2.0,1.4444444444444444,0.4444444444444444
AAAOPP13416000025451,12.0,1.0,11.0,0.0,3.0,1.0833333333333333,0.08333333333333333
AAAOPP13416000025522,5.0,0.0,1.0,4.0,3.0,0.2,0.0
AAAOPP13416000025556,16.0,3.0,13.0,0.0,1.0,1.1875,0.1875
AAAOPP13416000025645,14.0,1.0,13.0,0.0,4.0,1.0714285714285714,0.07142857142857142
AAAOPP13416000025664,12.0,8.0,4.0,0.0,1.0,1.6666666666666667,0.6666666666666666
AAAOPP13416000025669,7.0,0.0,7.0,0.0,3.0,1.0,0.0
AAAOPP13416000026193,9.0,0.0,9.0,0.0,0.0,1.0,0.0
AAAOPP13416000026298,7.0,4.0,3.0,0.0,2.0,1.5714285714285714,0.5714285714285714
AAAOPP13416000026393,11.0,4.0,7.0,0.0,0.0,1.3636363636363635,0.36363636363636365
AAAOPP13416000026464,5.0,0.0,5.0,0.0,1.0,1.0,0.0
AAAOPP13416000026478,11.0,0.0,11.0,0.0,3.0,1.0,0.0
AAAOPP13416000026529,10.0,1.0,9.0,0.0,0.0,1.1,0.1
AAAOPP13416000026537,6.0,1.0,5.0,0.0,3.0,1.1666666666666667,0.16666666666666666
AAAOPP13416000026609,8.0,1.0,7.0,0.0,0.0,1.125,0.125
AAAOPP13416000026626,8.0,6.0,2.0,0.0,3.0,1.75,0.75
AAAOPP13416000026658,9.0,0.0,8.0,1.0,0.0,0.8888888888888888,0.0
AAAOPP13416000026684,14.0,5.0,9.0,0.0,0.0,1.3571428571428572,0.35714285714285715
AAAOPP13416000026701,11.0,2.0,9.0,0.0,3.0,1.1818181818181819,0.18181818181818182
AAAOPP13416000026840,7.0,4.0,3.0,0.0,1.0,1.5714285714285714,0.5714285714285714
AAAOPP13416000026847,8.0,1.0,7.0,0.0,2.0,1.125,0.125
AAAOPP13416000026997,8.0,0.0,8.0,0.0,0.0,1.0,0.0
AAAOPP13416000027004,6.0,2.0,4.0,0.0,0.0,1.3333333333333333,0.3333333333333333
AAAOPP13416000027160,15.0,5.0,10.0,0.0,12.0,1.3333333333333333,0.3333333333333333
AAAOPP13416000027682,11.0,0.0,8.0,3.0,1.0,0.7272727272727273,0.0
AAAOPP13416000027718,9.0,0.0,9.0,0.0,2.0,1.0,0.0
AAAOPP13416000027763,9.0,4.0,5.0,0.0,3.0,1.4444444444444444,0.4444444444444444
AAAOPP13416000027789,9.0,0.0,9.0,0.0,5.0,1.0,0.0
AAAOPP13416000027821,4.0,0.0,4.0,0.0,0.0,1.0,0.0
AAAOPP13416000027838,11.0,5.0,6.0,0.0,1.0,1.4545454545454546,0.45454545454545453
AAAOPP13416000027842,9.0,0.0,9.0,0.0,1.0,1.0,0.0
AAAOPP13416000027844,11.0,2.0,9.0,0.0,1.0,1.1818181818181819,0.18181818181818182
AAAOPP13416000027870,10.0,6.0,4.0,0.0,0.0,1.6,0.6
AAAOPP13416000027917,9.0,0.0,8.0,1.0,1.0,0.8888888888888888,0.0
AAAOPP13416000027986,7.0,0.0,7.0,0.0,1.0,1.0,0.0
AAAOPP13416000028083,9.0,6.0,3.0,0.0,0.0,1.6666666666666667,0.6666666666666666
AAAOPP13416000028173,11.0,7.0,4.0,0.0,1.0,1.6363636363636365,0.6363636363636364
AAAOPP13416000028195,14.0,7.0,7.0,0.0,1.0,1.5,0.5
AAAOPP13416000028219,11.0,0.0,9.0,2.0,1.0,0.8181818181818182,0.0
AAAOPP13416000028252,8.0,0.0,8.0,0.0,0.0,1.0,0.0
AAAOPP13416000028319,7.0,0.0,6.0,1.0,0.0,0.8571428571428571,0.0
AAAOPP13416000028428,6.0,2.0,4.0,0.0,0.0,1.3333333333333333,0.3333333333333333
AAAOPP13416000028442,10.0,0.0,10.0,0.0,0.0,1.0,0.0
AAAOPP13416000028511,9.0,0.0,9.0,0.0,0.0,1.0,0.0
AAAOPP13416000028528,5.0,0.0,5.0,0.0,3.0,1.0,0.0
AAAOPP13416000028540,8.0,0.0,6.0,2.0,0.0,0.75,0.0
AAAOPP13416000028623,13.0,1.0,12.0,0.0,0.0,1.0769230769230769,0.07692307692307693
AAAOPP13416000028696,10.0,0.0,10.0,0.0,1.0,1.0,0.0
AAAOPP13416000028710,9.0,4.0,5.0,0.0,0.0,1.4444444444444444,0.4444444444444444
AAAOPP13416000028736,10.0,0.0,9.0,1.0,1.0,0.9,0.0
AAAOPP13416000028788,12.0,0.0,12.0,0.0,4.0,1.0,0.0
AAAOPP13416000028825,4.0,0.0,4.0,0.0,2.0,1.0,0.0
AAAOPP13416000028851,9.0,7.0,2.0,0.0,0.0,1.7777777777777777,0.7777777777777778
AAAOPP13416000028860,7.0,2.0,5.0,0.0,1.0,1.2857142857142858,0.2857142857142857
AAAOPP13416000028987,7.0,0.0,6.0,1.0,0.0,0.8571428571428571,0.0
AAAOPP13416000029052,14.0,0.0,13.0,1.0,0.0,0.9285714285714286,0.0
AAAOPP13416000029368,5.0,3.0,2.0,0.0,0.0,1.6,0.6
AAAOPP13416000029532,9.0,0.0,9.0,0.0,6.0,1.0,0.0
AAAOPP13416000029550,11.0,0.0,11.0,0.0,2.0,1.0,0.0
AAAOPP13416000029591,3.0,0.0,2.0,1.0,1.0,0.6666666666666666,0.0
AAAOPP13416000029606,5.0,0.0,5.0,0.0,2.0,1.0,0.0
AAAOPP13416000029718,7.0,0.0,7.0,0.0,4.0,1.0,0.0
AAAOPP13416000029746,10.0,0.0,9.0,1.0,1.0,0.9,0.0
AAAOPP13416000029753,2.0,0.0,2.0,0.0,0.0,1.0,0.0
AAAOPP13416000029754,5.0,0.0,4.0,1.0,1.0,0.8,0.0
AAAOPP13416000029762,7.0,0.0,7.0,0.0,0.0,1.0,0.0
AAAOPP13416000029771,4.0,1.0,3.0,0.0,0.0,1.25,0.25
AAAOPP13416000029790,7.0,0.0,7.0,0.0,2.0,1.0,0.0
AAAOPP13416000029793,6.0,0.0,5.0,1.0,0.0,0.8333333333333334,0.0
AAAOPP13416000029799,6.0,0.0,6.0,0.0,0.0,1.0,0.0
AAAOPP13416000029802,9.0,0.0,9.0,0.0,3.0,1.0,0.0
AAAOPP13416000029821,8.0,0.0,8.0,0.0,4.0,1.0,0.0
AAAOPP13416000029823,9.0,0.0,9.0,0.0,0.0,1.0,0.0
AAAOPP13416000029833,10.0,0.0,9.0,1.0,1.0,0.9,0.0
AAAOPP13416000029890,6.0,1.0,5.0,0.0,1.0,1.1666666666666667,0.16666666666666666
AAAOPP13416000029916,9.0,0.0,9.0,0.0,4.0,1.0,0.0
AAAOPP13416000029982,11.0,0.0,11.0,0.0,2.0,1.0,0.0
AAAOPP13416000029983,10.0,4.0,6.0,0.0,4.0,1.4,0.4
AAAOPP13416000030000,4.0,1.0,3.0,0.0,0.0,1.25,0.25
AAAOPP13416000030066,9.0,4.0,5.0,0.0,0.0,1.4444444444444444,0.4444444444444444
AAAOPP13416000030074,13.0,2.0,11.0,0.0,1.0,1.1538461538461537,0.15384615384615385
AAAOPP13416000030082,8.0,0.0,8.0,0.0,1.0,1.0,0.0
AAAOPP13416000030095,6.0,3.0,3.0,0.0,1.0,1.5,0.5
AAAOPP13416000030145,9.0,0.0,9.0,0.0,2.0,1.0,0.0
AAAOPP13416000030154,2.0,0.0,2.0,0.0,1.0,1.0,0.0
AAAOPP13416000030191,10.0,4.0,6.0,0.0,1.0,1.4,0.4
AAAOPP13416000030220,7.0,0.0,3.0,4.0,0.0,0.42857142857142855,0.0
AAAOPP13416000030324,12.0,7.0,5.0,0.0,3.0,1.5833333333333333,0.5833333333333334
AAAOPP13416000030344,11.0,0.0,11.0,0.0,5.0,1.0,0.0
AAAOPP13416000030371,4.0,0.0,4.0,0.0,1.0,1.0,0.0
AAAOPP13416000030460,11.0,7.0,4.0,0.0,6.0,1.6363636363636365,0.6363636363636364
AAAOPP13416000030525,5.0,0.0,4.0,1.0,2.0,0.8,0.0
AAAOPP13416000030545,6.0,2.0,3.0,1.0,0.0,1.1666666666666667,0.3333333333333333
AAAOPP13416000030553,7.0,0.0,6.0,1.0,2.0,0.8571428571428571,0.0
AAAOPP13416000030701,8.0,0.0,7.0,1.0,5.0,0.875,0.0
AAAOPP13416000030796,6.0,0.0,6.0,0.0,2.0,1.0,0.0
AAAOPP13416000030873,6.0,1.0,5.0,0.0,1.0,1.1666666666666667,0.16666666666666666
AAAOPP13416000030890,8.0,0.0,8.0,0.0,0.0,1.0,0.0
AAAOPP13416000030907,5.0,0.0,5.0,0.0,1.0,1.0,0.0
AAAOPP13416000030978,4.0,0.0,4.0,0.0,1.0,1.0,0.0
AAAOPP13416000030992,12.0,0.0,12.0,0.0,0.0,1.0,0.0
AAAOPP13416000030997,10.0,0.0,10.0,0.0,3.0,1.0,0.0
AAAOPP13416000031019,8.0,3.0,5.0,0.0,3.0,1.375,0.375
AAAOPP13416000031049,8.0,3.0,5.0,0.0,1.0,1.375,0.375
AAAOPP13416000031088,11.0,1.0,10.0,0.0,3.0,1.0909090909090908,0.09090909090909091
AAAOPP13416000031122,8.0,4.0,4.0,0.0,2.0,1.5,0.5
AAAOPP13416000031164,7.0,0.0,7.0,0.0,5.0,1.0,0.0
AAAOPP13416000031170,11.0,0.0,11.0,0.0,1.0,1.0,0.0
AAAOPP13416000031190,8.0,0.0,8.0,0.0,0.0,1.0,0.0
AAAOPP13416000031198,13.0,0.0,13.0,0.0,0.0,1.0,0.0
AAAOPP13416000031239,8.0,0.0,8.0,0.0,2.0,1.0,0.0
AAAOPP13416000031244,8.0,0.0,8.0,0.0,0.0,1.0,0.0
AAAOPP13416000031296,8.0,0.0,8.0,0.0,1.0,1.0,0.0
AAAOPP13416000031445,11.0,0.0,11.0,0.0,0.0,1.0,0.0
AAAOPP13416000031447,4.0,0.0,4.0,0.0,0.0,1.0,0.0
AAAOPP13416000031710,10.0,0.0,8.0,2.0,0.0,0.8,0.0
AAAOPP13416000031751,14.0,0.0,14.0,0.0,1.0,1.0,0.0
AAAOPP13416000032578,7.0,7.0,0.0,0.0,3.0,2.0,1.0
AAAOPP13416000032862,12.0,0.0,12.0,0.0,0.0,1.0,0.0
AAAOPP13416000032863,10.0,0.0,10.0,0.0,0.0,1.0,0.0
AAAOPP13416000033088,5.0,0.0,5.0,0.0,0.0,1.0,0.0
AAAOPP13416000033121,13.0,1.0,12.0,0.0,1.0,1.0769230769230769,0.07692307692307693
AAAOPP13416000033360,9.0,2.0,7.0,0.0,0.0,1.2222222222222223,0.2222222222222222
AAAOPP13416000033489,10.0,0.0,8.0,2.0,2.0,0.8,0.0
AAAOPP13416000033631,8.0,0.0,8.0,0.0,2.0,1.0,0.0
AAAOPP13416000033695,13.0,0.0,13.0,0.0,2.0,1.0,0.0
AAAOPP13416000033709,9.0,0.0,6.0,3.0,0.0,0.6666666666666666,0.0
AAAOPP13416000033791,9.0,0.0,9.0,0.0,1.0,1.0,0.0
AAAOPP13416000033851,8.0,1.0,7.0,0.0,1.0,1.125,0.125
AAAOPP13416000033886,9.0,0.0,8.0,1.0,3.0,0.8888888888888888,0.0
AAAOPP13416000033887,14.0,9.0,5.0,0.0,1.0,1.6428571428571428,0.6428571428571429
AAAOPP13416000033893,8.0,0.0,7.0,1.0,1.0,0.875,0.0
AAAOPP13416000033900,14.0,0.0,14.0,0.0,0.0,1.0,0.0
AAAOPP13416000033973,8.0,0.0,8.0,0.0,0.0,1.0,0.0
AAAOPP13416000034397,10.0,0.0,10.0,0.0,1.0,1.0,0.0
AAAOPP13416000034407,17.0,0.0,17.0,0.0,3.0,1.0,0.0
AAAOPP13416000034424,11.0,0.0,11.0,0.0,2.0,1.0,0.0
AAAOPP13416000034489,8.0,0.0,8.0,0.0,3.0,1.0,0.0
AAAOPP13416000034534,8.0,0.0,7.0,1.0,3.0,0.875,0.0
AAAOPP13416000034554,11.0,5.0,6.0,0.0,1.0,1.4545454545454546,0.45454545454545453
AAAOPP13416000034557,3.0,0.0,3.0,0.0,0.0,1.0,0.0
AAAOPP13416000034562,10.0,0.0,10.0,0.0,0.0,1.0,0.0
AAAOPP13416000034641,5.0,0.0,5.0,0.0,0.0,1.0,0.0
AAAOPP13416000034649,2.0,1.0,1.0,0.0,0.0,1.5,0.5
AAAOPP13416000034685,1.0,0.0,1.0,0.0,0.0,1.0,0.0
AAAOPP13416000034691,4.0,0.0,4.0,0.0,2.0,1.0,0.0
AAAOPP13416000034743,10.0,0.0,10.0,0.0,3.0,1.0,0.0
AAAOPP13416000034776,9.0,2.0,7.0,0.0,0.0,1.2222222222222223,0.2222222222222222
AAAOPP13416000034791,6.0,0.0,6.0,0.0,0.0,1.0,0.0
AAAOPP13416000034794,8.0,0.0,7.0,1.0,2.0,0.875,0.0
AAAOPP13416000034806,9.0,3.0,6.0,0.0,1.0,1.3333333333333333,0.3333333333333333
AAAOPP13416000034838,7.0,0.0,6.0,1.0,0.0,0.8571428571428571,0.0
AAAOPP13416000034844,6.0,0.0,5.0,1.0,0.0,0.8333333333333334,0.0
AAAOPP13416000035005,12.0,0.0,3.0,9.0,0.0,0.25,0.0
AAAOPP13416000035658,11.0,1.0,10.0,0.0,1.0,1.0909090909090908,0.09090909090909091
AAAOPP13416000035916,11.0,4.0,7.0,0.0,3.0,1.3636363636363635,0.36363636363636365
AAAOPP13416000035959,13.0,4.0,9.0,0.0,2.0,1.3076923076923077,0.3076923076923077
AAAOPP13416000035970,18.0,9.0,9.0,0.0,2.0,1.5,0.5
AAAOPP13416000036048,13.0,10.0,3.0,0.0,2.0,1.7692307692307692,0.7692307692307693
AAAOPP13416000036080,9.0,0.0,9.0,0.0,0.0,1.0,0.0
AAAOPP13416000036090,12.0,5.0,7.0,0.0,2.0,1.4166666666666667,0.4166666666666667
AAAOPP13416000036110,9.0,0.0,9.0,0.0,0.0,1.0,0.0
AAAOPP13416000036129,14.0,5.0,9.0,0.0,2.0,1.3571428571428572,0.35714285714285715
AAAOPP13416000036134,9.0,0.0,9.0,0.0,1.0,1.0,0.0
AAAOPP13416000036151,12.0,1.0,11.0,0.0,3.0,1.0833333333333333,0.08333333333333333
AAAOPP13416000036183,12.0,0.0,12.0,0.0,3.0,1.0,0.0
AAAOPP13416000036217,9.0,2.0,7.0,0.0,0.0,1.2222222222222223,0.2222222222222222
AAAOPP13416000036229,9.0,1.0,8.0,0.0,2.0,1.1111111111111112,0.1111111111111111
AAAOPP13416000036232,11.0,4.0,7.0,0.0,4.0,1.3636363636363635,0.36363636363636365
AAAOPP13416000036282,12.0,6.0,6.0,0.0,0.0,1.5,0.5
AAAOPP13416000036298,12.0,4.0,8.0,0.0,4.0,1.3333333333333333,0.3333333333333333
AAAOPP13416000036329,18.0,7.0,11.0,0.0,5.0,1.3888888888888888,0.3888888888888889
AAAOPP13416000036331,12.0,4.0,8.0,0.0,4.0,1.3333333333333333,0.3333333333333333
AAAOPP13416000036349,7.0,3.0,4.0,0.0,2.0,1.4285714285714286,0.42857142857142855
AAAOPP13416000036466,10.0,1.0,8.0,1.0,0.0,1.0,0.1
AAAOPP13416000036471,11.0,1.0,10.0,0.0,0.0,1.0909090909090908,0.09090909090909091
AAAOPP13416000036501,8.0,0.0,8.0,0.0,1.0,1.0,0.0
AAAOPP13416000036509,9.0,1.0,8.0,0.0,0.0,1.1111111111111112,0.1111111111111111
AAAOPP13416000036515,10.0,1.0,9.0,0.0,0.0,1.1,0.1
AAAOPP13416000036559,12.0,0.0,12.0,0.0,3.0,1.0,0.0
AAAOPP13416000036563,16.0,11.0,5.0,0.0,6.0,1.6875,0.6875
AAAOPP13416000036589,13.0,4.0,9.0,0.0,5.0,1.3076923076923077,0.3076923076923077
AAAOPP13416000036646,10.0,3.0,7.0,0.0,2.0,1.3,0.3
AAAOPP13416000036679,9.0,6.0,3.0,0.0,0.0,1.6666666666666667,0.6666666666666666
AAAOPP13416000036767,8.0,0.0,7.0,1.0,2.0,0.875,0.0
AAAOPP13416000036768,17.0,0.0,13.0,4.0,8.0,0.7647058823529411,0.0
AAAOPP13416000036784,9.0,4.0,5.0,0.0,0.0,1.4444444444444444,0.4444444444444444
AAAOPP13416000036789,7.0,5.0,2.0,0.0,0.0,1.7142857142857142,0.7142857142857143
AAAOPP13416000036802,6.0,0.0,6.0,0.0,0.0,1.0,0.0
AAAOPP13416000036815,9.0,1.0,8.0,0.0,1.0,1.1111111111111112,0.1111111111111111
AAAOPP13416000036878,11.0,0.0,11.0,0.0,1.0,1.0,0.0
AAAOPP13416000036886,5.0,0.0,5.0,0.0,0.0,1.0,0.0
AAAOPP13416000036889,2.0,1.0,0.0,1.0,0.0,1.0,0.5
AAAOPP13416000036963,9.0,0.0,9.0,0.0,2.0,1.0,0.0
AAAOPP13416000036971,1.0,0.0,0.0,1.0,0.0,0.0,0.0
AAAOPP13416000036983,11.0,0.0,11.0,0.0,1.0,1.0,0.0
AAAOPP13416000037025,7.0,3.0,4.0,0.0,1.0,1.4285714285714286,0.42857142857142855
AAAOPP13416000037056,5.0,0.0,5.0,0.0,0.0,1.0,0.0
AAAOPP13416000037092,7.0,0.0,7.0,0.0,7.0,1.0,0.0
AAAOPP13416000037097,10.0,0.0,10.0,0.0,1.0,1.0,0.0
AAAOPP13416000037140,7.0,0.0,7.0,0.0,0.0,1.0,0.0
AAAOPP13416000037189,8.0,1.0,7.0,0.0,1.0,1.125,0.125
AAAOPP13416000037244,15.0,5.0,10.0,0.0,0.0,1.3333333333333333,0.3333333333333333
AAAOPP13416000037257,8.0,0.0,8.0,0.0,4.0,1.0,0.0
AAAOPP13416000037289,7.0,2.0,5.0,0.0,0.0,1.2857142857142858,0.2857142857142857
AAAOPP13416000037294,5.0,0.0,5.0,0.0,1.0,1.0,0.0
AAAOPP13416000037297,9.0,2.0,7.0,0.0,1.0,1.2222222222222223,0.2222222222222222
AAAOPP13416000037353,13.0,0.0,13.0,0.0,1.0,1.0,0.0
AAAOPP13416000037357,7.0,0.0,7.0,0.0,0.0,1.0,0.0
AAAOPP13416000037448,14.0,5.0,9.0,0.0,0.0,1.3571428571428572,0.35714285714285715
AAAOPP13416000037535,12.0,0.0,12.0,0.0,1.0,1.0,0.0
AAAOPP13416000037547,10.0,0.0,10.0,0.0,0.0,1.0,0.0
AAAOPP13416000037564,9.0,3.0,6.0,0.0,0.0,1.3333333333333333,0.3333333333333333
AAAOPP13416000037627,5.0,0.0,5.0,0.0,0.0,1.0,0.0
AAAOPP13416000037630,9.0,0.0,9.0,0.0,0.0,1.0,0.0
AAAOPP13416000037641,10.0,5.0,5.0,0.0,2.0,1.5,0.5
AAAOPP13416000037644,8.0,0.0,8.0,0.0,1.0,1.0,0.0
AAAOPP13416000037669,9.0,0.0,9.0,0.0,2.0,1.0,0.0
AAAOPP13416000037677,10.0,0.0,10.0,0.0,5.0,1.0,0.0
AAAOPP13416000037686,7.0,0.0,7.0,0.0,0.0,1.0,0.0
AAAOPP13416000037709,6.0,1.0,5.0,0.0,3.0,1.1666666666666667,0.16666666666666666
AAAOPP13416000037737,10.0,0.0,10.0,0.0,0.0,1.0,0.0
AAAOPP13416000037758,5.0,0.0,4.0,1.0,0.0,0.8,0.0
AAAOPP13416000037761,12.0,0.0,12.0,0.0,5.0,1.0,0.0
AAAOPP13416000037772,11.0,1.0,10.0,0.0,4.0,1.0909090909090908,0.09090909090909091
AAAOPP13416000037833,11.0,7.0,4.0,0.0,2.0,1.6363636363636365,0.6363636363636364
AAAOPP13416000037873,11.0,0.0,11.0,0.0,0.0,1.0,0.0
AAAOPP13416000037896,7.0,0.0,7.0,0.0,0.0,1.0,0.0
AAAOPP13416000037906,7.0,2.0,5.0,0.0,1.0,1.2857142857142858,0.2857142857142857
AAAOPP13416000037907,14.0,0.0,14.0,0.0,0.0,1.0,0.0
AAAOPP13416000037911,7.0,0.0,7.0,0.0,1.0,1.0,0.0
AAAOPP13416000037915,6.0,0.0,6.0,0.0,0.0,1.0,0.0
AAAOPP13416000037965,10.0,0.0,6.0,4.0,1.0,0.6,0.0
AAAOPP13416000037967,7.0,5.0,2.0,0.0,0.0,1.7142857142857142,0.7142857142857143
AAAOPP13416000037968,9.0,0.0,9.0,0.0,2.0,1.0,0.0
AAAOPP13416000037978,9.0,0.0,9.0,0.0,1.0,1.0,0.0
AAAOPP13416000037979,12.0,1.0,11.0,0.0,0.0,1.0833333333333333,0.08333333333333333
AAAOPP13416000037982,6.0,0.0,6.0,0.0,1.0,1.0,0.0
AAAOPP13416000037990,7.0,0.0,7.0,0.0,1.0,1.0,0.0
AAAOPP13416000038007,11.0,2.0,9.0,0.0,3.0,1.1818181818181819,0.18181818181818182
AAAOPP13416000038064,8.0,1.0,7.0,0.0,3.0,1.125,0.125
AAAOPP13416000038089,9.0,7.0,2.0,0.0,4.0,1.7777777777777777,0.7777777777777778
AAAOPP13416000038113,7.0,0.0,7.0,0.0,0.0,1.0,0.0
AAAOPP13416000038148,6.0,0.0,6.0,0.0,2.0,1.0,0.0
AAAOPP13416000038151,7.0,1.0,6.0,0.0,2.0,1.1428571428571428,0.14285714285714285
AAAOPP13416000038161,8.0,4.0,4.0,0.0,2.0,1.5,0.5
AAAOPP13416000038162,9.0,0.0,9.0,0.0,1.0,1.0,0.0
AAAOPP13416000038193,5.0,3.0,2.0,0.0,1.0,1.6,0.6
AAAOPP13416000038206,10.0,0.0,10.0,0.0,1.0,1.0,0.0
AAAOPP13416000038223,9.0,0.0,9.0,0.0,0.0,1.0,0.0
AAAOPP13416000038235,9.0,8.0,1.0,0.0,1.0,1.8888888888888888,0.8888888888888888
AAAOPP13416000038308,7.0,4.0,3.0,0.0,0.0,1.5714285714285714,0.5714285714285714
AAAOPP13416000038312,13.0,0.0,13.0,0.0,2.0,1.0,0.0
AAAOPP13416000038346,8.0,0.0,8.0,0.0,0.0,1.0,0.0
AAAOPP13416000038353,15.0,0.0,15.0,0.0,2.0,1.0,0.0
AAAOPP13416000038367,10.0,1.0,9.0,0.0,1.0,1.1,0.1
AAAOPP13416000038371,10.0,0.0,10.0,0.0,0.0,1.0,0.0
AAAOPP13416000038375,10.0,2.0,8.0,0.0,2.0,1.2,0.2
AAAOPP13416000038382,8.0,0.0,7.0,1.0,0.0,0.875,0.0
AAAOPP13416000038425,8.0,0.0,8.0,0.0,3.0,1.0,0.0
AAAOPP13416000038455,9.0,0.0,9.0,0.0,0.0,1.0,0.0
AAAOPP13416000038469,7.0,2.0,5.0,0.0,3.0,1.2857142857142858,0.2857142857142857
AAAOPP13416000038495,10.0,0.0,10.0,0.0,1.0,1.0,0.0
AAAOPP13416000038519,6.0,1.0,5.0,0.0,1.0,1.1666666666666667,0.16666666666666666
AAAOPP13416000038526,9.0,9.0,0.0,0.0,0.0,2.0,1.0
AAAOPP13416000038527,9.0,0.0,9.0,0.0,1.0,1.0,0.0
AAAOPP13416000038575,12.0,0.0,12.0,0.0,2.0,1.0,0.0
AAAOPP13416000038577,7.0,5.0,2.0,0.0,0.0,1.7142857142857142,0.7142857142857143
AAAOPP13416000038630,15.0,0.0,15.0,0.0,1.0,1.0,0.0
AAAOPP13416000038654,12.0,2.0,10.0,0.0,0.0,1.1666666666666667,0.16666666666666666
AAAOPP13416000038664,9.0,4.0,5.0,0.0,0.0,1.4444444444444444,0.4444444444444444
AAAOPP13416000038686,8.0,0.0,8.0,0.0,0.0,1.0,0.0
AAAOPP13416000038687,9.0,2.0,7.0,0.0,0.0,1.2222222222222223,0.2222222222222222
AAAOPP13416000038693,4.0,1.0,3.0,0.0,1.0,1.25,0.25
AAAOPP13416000038726,10.0,5.0,5.0,0.0,1.0,1.5,0.5
AAAOPP13416000038729,14.0,5.0,9.0,0.0,3.0,1.3571428571428572,0.35714285714285715
AAAOPP13416000038782,8.0,1.0,7.0,0.0,1.0,1.125,0.125
AAAOPP13416000038801,12.0,1.0,11.0,0.0,0.0,1.0833333333333333,0.08333333333333333
AAAOPP13416000038856,11.0,0.0,11.0,0.0,1.0,1.0,0.0
AAAOPP13416000038875,9.0,0.0,9.0,0.0,3.0,1.0,0.0
AAAOPP13416000038902,13.0,0.0,13.0,0.0,1.0,1.0,0.0
AAAOPP13416000038904,10.0,0.0,10.0,0.0,2.0,1.0,0.0
AAAOPP13416000038908,13.0,0.0,12.0,1.0,4.0,0.9230769230769231,0.0
AAAOPP13416000038930,9.0,2.0,7.0,0.0,0.0,1.2222222222222223,0.2222222222222222
AAAOPP13416000038936,15.0,2.0,13.0,0.0,2.0,1.1333333333333333,0.13333333333333333
AAAOPP13416000038938,5.0,0.0,5.0,0.0,0.0,1.0,0.0
AAAOPP13416000038950,9.0,0.0,9.0,0.0,4.0,1.0,0.0
AAAOPP13416000038983,4.0,0.0,4.0,0.0,1.0,1.0,0.0
AAAOPP13416000038997,8.0,6.0,2.0,0.0,1.0,1.75,0.75
AAAOPP13416000039096,12.0,2.0,10.0,0.0,1.0,1.1666666666666667,0.16666666666666666
AAAOPP13416000039098,8.0,0.0,8.0,0.0,0.0,1.0,0.0
AAAOPP13416000039115,7.0,0.0,7.0,0.0,2.0,1.0,0.0
AAAOPP13416000039116,5.0,0.0,5.0,0.0,0.0,1.0,0.0
AAAOPP13416000039130,10.0,4.0,6.0,0.0,1.0,1.4,0.4
AAAOPP13416000039143,14.0,0.0,14.0,0.0,4.0,1.0,0.0
AAAOPP13416000039157,14.0,0.0,11.0,3.0,2.0,0.7857142857142857,0.0
AAAOPP13416000039201,8.0,0.0,8.0,0.0,2.0,1.0,0.0
AAAOPP13416000039206,12.0,0.0,12.0,0.0,1.0,1.0,0.0
AAAOPP13416000039224,11.0,2.0,9.0,0.0,0.0,1.1818181818181819,0.18181818181818182
AAAOPP13416000039229,13.0,2.0,11.0,0.0,3.0,1.1538461538461537,0.15384615384615385
AAAOPP13416000039234,11.0,0.0,11.0,0.0,0.0,1.0,0.0
AAAOPP13416000039282,9.0,0.0,9.0,0.0,0.0,1.0,0.0
AAAOPP13416000039302,4.0,0.0,0.0,4.0,0.0,0.0,0.0
AAAOPP13416000039304,12.0,0.0,12.0,0.0,1.0,1.0,0.0
AAAOPP13416000039305,7.0,0.0,7.0,0.0,0.0,1.0,0.0
AAAOPP13416000039340,9.0,0.0,9.0,0.0,0.0,1.0,0.0
AAAOPP13416000039352,11.0,7.0,4.0,0.0,6.0,1.6363636363636365,0.6363636363636364
AAAOPP13416000039366,7.0,0.0,7.0,0.0,1.0,1.0,0.0
AAAOPP13416000039386,3.0,0.0,3.0,0.0,0.0,1.0,0.0
AAAOPP13416000039420,7.0,0.0,7.0,0.0,0.0,1.0,0.0
AAAOPP13416000039507,9.0,0.0,9.0,0.0,2.0,1.0,0.0
AAAOPP13416000039544,9.0,0.0,9.0,0.0,0.0,1.0,0.0
AAAOPP13416000039611,9.0,2.0,5.0,2.0,0.0,1.0,0.2222222222222222
AAAOPP13416000039641,7.0,0.0,7.0,0.0,1.0,1.0,0.0
AAAOPP13416000039649,6.0,0.0,6.0,0.0,3.0,1.0,0.0
AAAOPP13416000039650,4.0,0.0,4.0,0.0,0.0,1.0,0.0
AAAOPP13416000039671,8.0,2.0,6.0,0.0,0.0,1.25,0.25
AAAOPP13416000039688,13.0,0.0,13.0,0.0,3.0,1.0,0.0
AAAOPP13416000039691,14.0,4.0,10.0,0.0,6.0,1.2857142857142858,0.2857142857142857
AAAOPP13416000039696,12.0,0.0,12.0,0.0,5.0,1.0,0.0
AAAOPP13416000039744,10.0,0.0,10.0,0.0,3.0,1.0,0.0
AAAOPP13416000039752,13.0,0.0,13.0,0.0,2.0,1.0,0.0
AAAOPP13416000039760,5.0,0.0,5.0,0.0,0.0,1.0,0.0
AAAOPP13416000039810,12.0,2.0,10.0,0.0,1.0,1.1666666666666667,0.16666666666666666
AAAOPP13416000039844,9.0,0.0,9.0,0.0,0.0,1.0,0.0
AAAOPP13416000039852,12.0,0.0,11.0,1.0,0.0,0.9166666666666666,0.0
AAAOPP13416000039878,11.0,5.0,6.0,0.0,0.0,1.4545454545454546,0.45454545454545453
AAAOPP13416000039884,8.0,1.0,7.0,0.0,3.0,1.125,0.125
AAAOPP13416000039905,12.0,0.0,12.0,0.0,2.0,1.0,0.0
AAAOPP13416000039913,18.0,0.0,18.0,0.0,5.0,1.0,0.0
AAAOPP13416000039925,9.0,1.0,8.0,0.0,0.0,1.1111111111111112,0.1111111111111111
AAAOPP13416000039933,14.0,0.0,14.0,0.0,5.0,1.0,0.0
AAAOPP13416000039989,8.0,0.0,7.0,1.0,3.0,0.875,0.0
AAAOPP13416000040003,5.0,2.0,3.0,0.0,0.0,1.4,0.4
AAAOPP13416000040074,8.0,0.0,8.0,0.0,0.0,1.0,0.0
AAAOPP13416000040077,13.0,12.0,1.0,0.0,0.0,1.9230769230769231,0.9230769230769231
AAAOPP13416000040097,12.0,0.0,12.0,0.0,1.0,1.0,0.0
AAAOPP13416000040120,8.0,0.0,7.0,1.0,1.0,0.875,0.0
AAAOPP13416000040134,6.0,0.0,4.0,2.0,2.0,0.6666666666666666,0.0
AAAOPP13416000040141,10.0,0.0,10.0,0.0,2.0,1.0,0.0
AAAOPP13416000040163,10.0,0.0,10.0,0.0,0.0,1.0,0.0
AAAOPP13416000040181,9.0,0.0,9.0,0.0,3.0,1.0,0.0
AAAOPP13416000040253,8.0,1.0,7.0,0.0,1.0,1.125,0.125
AAAOPP13416000040323,5.0,2.0,3.0,0.0,3.0,1.4,0.4
AAAOPP13416000040369,10.0,2.0,8.0,0.0,2.0,1.2,0.2
AAAOPP13416000040534,4.0,0.0,4.0,0.0,1.0,1.0,0.0
AAAOPP13416000040553,12.0,4.0,8.0,0.0,2.0,1.3333333333333333,0.3333333333333333
AAAOPP13416000040663,9.0,0.0,9.0,0.0,1.0,1.0,0.0
AAAOPP13416000040801,9.0,4.0,5.0,0.0,4.0,1.4444444444444444,0.4444444444444444
AAAOPP13416000040817,7.0,0.0,7.0,0.0,1.0,1.0,0.0
AAAOPP13416000040823,11.0,0.0,11.0,0.0,5.0,1.0,0.0
AAAOPP13416000040863,7.0,4.0,3.0,0.0,0.0,1.5714285714285714,0.5714285714285714
AAAOPP13416000040865,6.0,0.0,6.0,0.0,1.0,1.0,0.0
AAAOPP13416000040894,6.0,0.0,6.0,0.0,1.0,1.0,0.0
AAAOPP13416000040974,8.0,0.0,8.0,0.0,1.0,1.0,0.0
AAAOPP13416000040976,11.0,2.0,9.0,0.0,0.0,1.1818181818181819,0.18181818181818182
AAAOPP13416000040977,7.0,0.0,7.0,0.0,0.0,1.0,0.0
AAAOPP13416000040983,11.0,0.0,11.0,0.0,2.0,1.0,0.0
AAAOPP13416000040998,9.0,3.0,6.0,0.0,0.0,1.3333333333333333,0.3333333333333333
AAAOPP13416000041026,4.0,1.0,3.0,0.0,1.0,1.25,0.25
AAAOPP13416000041084,5.0,0.0,5.0,0.0,2.0,1.0,0.0
AAAOPP13416000041101,7.0,0.0,7.0,0.0,5.0,1.0,0.0
AAAOPP13416000041133,7.0,0.0,7.0,0.0,3.0,1.0,0.0
AAAOPP13416000041163,11.0,6.0,5.0,0.0,0.0,1.5454545454545454,0.5454545454545454
AAAOPP13416000041211,9.0,0.0,9.0,0.0,0.0,1.0,0.0
AAAOPP13416000041230,9.0,2.0,7.0,0.0,1.0,1.2222222222222223,0.2222222222222222
AAAOPP13416000041237,10.0,1.0,7.0,2.0,3.0,0.9,0.1
AAAOPP13416000041396,4.0,0.0,4.0,0.0,1.0,1.0,0.0
AAAOPP13416000041414,6.0,0.0,6.0,0.0,0.0,1.0,0.0
AAAOPP13416000041415,4.0,0.0,4.0,0.0,0.0,1.0,0.0
AAAOPP13416000041455,10.0,0.0,10.0,0.0,0.0,1.0,0.0
AAAOPP13416000041468,6.0,1.0,5.0,0.0,2.0,1.1666666666666667,0.16666666666666666
AAAOPP13416000041486,11.0,1.0,10.0,0.0,2.0,1.0909090909090908,0.09090909090909091
AAAOPP13416000041506,7.0,1.0,6.0,0.0,0.0,1.1428571428571428,0.14285714285714285
AAAOPP13416000041564,4.0,1.0,3.0,0.0,1.0,1.25,0.25
AAAOPP13416000041582,7.0,2.0,5.0,0.0,1.0,1.2857142857142858,0.2857142857142857
AAAOPP13416000041607,13.0,0.0,12.0,1.0,0.0,0.9230769230769231,0.0
AAAOPP13416000041613,9.0,0.0,9.0,0.0,0.0,1.0,0.0
AAAOPP13416000041711,6.0,0.0,6.0,0.0,0.0,1.0,0.0
AAAOPP13416000041728,9.0,1.0,7.0,1.0,2.0,1.0,0.1111111111111111
AAAOPP13416000041746,7.0,1.0,6.0,0.0,0.0,1.1428571428571428,0.14285714285714285
AAAOPP13416000041768,11.0,1.0,10.0,0.0,4.0,1.0909090909090908,0.09090909090909091
AAAOPP13416000041776,7.0,0.0,7.0,0.0,0.0,1.0,0.0
AAAOPP13416000041778,8.0,0.0,8.0,0.0,0.0,1.0,0.0
AAAOPP13416000041785,18.0,0.0,18.0,0.0,1.0,1.0,0.0
AAAOPP13416000041797,10.0,1.0,9.0,0.0,1.0,1.1,0.1
AAAOPP13416000041806,7.0,0.0,7.0,0.0,0.0,1.0,0.0
AAAOPP13416000041852,6.0,0.0,4.0,2.0,0.0,0.6666666666666666,0.0
AAAOPP13416000041934,9.0,0.0,9.0,0.0,1.0,1.0,0.0
AAAOPP13416000041946,6.0,2.0,4.0,0.0,1.0,1.3333333333333333,0.3333333333333333
AAAOPP13416000041968,11.0,4.0,7.0,0.0,0.0,1.3636363636363635,0.36363636363636365
AAAOPP13416000041984,2.0,0.0,2.0,0.0,1.0,1.0,0.0
AAAOPP13416000041986,3.0,0.0,3.0,0.0,1.0,1.0,0.0
AAAOPP13416000042023,10.0,2.0,8.0,0.0,1.0,1.2,0.2
AAAOPP13416000042062,10.0,1.0,9.0,0.0,0.0,1.1,0.1
AAAOPP13416000042067,1.0,0.0,1.0,0.0,0.0,1.0,0.0
AAAOPP13416000042083,5.0,0.0,5.0,0.0,1.0,1.0,0.0
AAAOPP13416000042086,7.0,0.0,7.0,0.0,1.0,1.0,0.0
AAAOPP13416000042175,4.0,0.0,4.0,0.0,1.0,1.0,0.0
AAAOPP13416000042193,10.0,0.0,10.0,0.0,3.0,1.0,0.0
AAAOPP13416000042213,3.0,0.0,3.0,0.0,0.0,1.0,0.0
AAAOPP13416000042230,9.0,0.0,9.0,0.0,1.0,1.0,0.0
AAAOPP13416000042281,7.0,0.0,7.0,0.0,1.0,1.0,0.0
AAAOPP13416000042304,11.0,0.0,11.0,0.0,0.0,1.0,0.0
AAAOPP13416000042320,8.0,0.0,8.0,0.0,1.0,1.0,0.0
AAAOPP13416000042348,9.0,1.0,8.0,0.0,1.0,1.1111111111111112,0.1111111111111111
AAAOPP13416000042502,9.0,0.0,6.0,3.0,0.0,0.6666666666666666,0.0
AAAOPP13416000042653,4.0,0.0,4.0,0.0,2.0,1.0,0.0
AAAOPP13416000042736,3.0,0.0,3.0,0.0,0.0,1.0,0.0
AAAOPP13416000042770,7.0,1.0,6.0,0.0,0.0,1.1428571428571428,0.14285714285714285
AAAOPP13416000042796,8.0,0.0,8.0,0.0,4.0,1.0,0.0
AAAOPP13416000042806,7.0,1.0,6.0,0.0,1.0,1.1428571428571428,0.14285714285714285
AAAOPP13416000043365,5.0,0.0,5.0,0.0,0.0,1.0,0.0
AAAOPP13416000043461,9.0,1.0,8.0,0.0,0.0,1.1111111111111112,0.1111111111111111
AAAOPP13416000043479,6.0,1.0,5.0,0.0,0.0,1.1666666666666667,0.16666666666666666
AAAOPP13416000043627,9.0,0.0,9.0,0.0,0.0,1.0,0.0
AAAOPP13416000043669,10.0,1.0,9.0,0.0,2.0,1.1,0.1
AAAOPP13416000043677,8.0,0.0,8.0,0.0,0.0,1.0,0.0
AAAOPP13416000043685,7.0,0.0,6.0,1.0,1.0,0.8571428571428571,0.0
AAAOPP13416000043735,8.0,3.0,5.0,0.0,3.0,1.375,0.375
AAAOPP13416000043755,7.0,3.0,4.0,0.0,1.0,1.4285714285714286,0.42857142857142855
AAAOPP13416000043793,12.0,1.0,11.0,0.0,1.0,1.0833333333333333,0.08333333333333333
AAAOPP13416000043855,6.0,0.0,6.0,0.0,1.0,1.0,0.0
AAAOPP13416000043915,6.0,0.0,6.0,0.0,0.0,1.0,0.0
AAAOPP13416000043918,10.0,0.0,6.0,4.0,3.0,0.6,0.0
AAAOPP13416000043938,6.0,0.0,1.0,5.0,5.0,0.16666666666666666,0.0
AAAOPP13416000044022,10.0,0.0,10.0,0.0,0.0,1.0,0.0
AAAOPP13416000044044,7.0,5.0,2.0,0.0,1.0,1.7142857142857142,0.7142857142857143
AAAOPP13416000044065,4.0,0.0,4.0,0.0,0.0,1.0,0.0
AAAOPP13416000044086,9.0,1.0,8.0,0.0,1.0,1.1111111111111112,0.1111111111111111
AAAOPP13416000044089,3.0,0.0,1.0,2.0,0.0,0.3333333333333333,0.0
AAAOPP13416000044221,11.0,0.0,8.0,3.0,1.0,0.7272727272727273,0.0
AAAOPP13416000044234,4.0,0.0,4.0,0.0,0.0,1.0,0.0
AAAOPP13416000044313,9.0,0.0,9.0,0.0,3.0,1.0,0.0
AAAOPP13416000044335,5.0,0.0,3.0,2.0,0.0,0.6,0.0
AAAOPP13416000044339,7.0,0.0,5.0,2.0,0.0,0.7142857142857143,0.0
AAAOPP13416000044365,8.0,0.0,8.0,0.0,0.0,1.0,0.0
AAAOPP13416000044413,9.0,0.0,9.0,0.0,0.0,1.0,0.0
AAAOPP13416000044414,9.0,0.0,9.0,0.0,1.0,1.0,0.0
AAAOPP13416000044448,5.0,0.0,5.0,0.0,1.0,1.0,0.0
AAAOPP13416000044482,8.0,0.0,8.0,0.0,4.0,1.0,0.0
AAAOPP13416000044513,9.0,0.0,9.0,0.0,0.0,1.0,0.0
AAAOPP13416000044550,5.0,1.0,4.0,0.0,2.0,1.2,0.2
AAAOPP13416000044649,3.0,0.0,3.0,0.0,0.0,1.0,0.0
AAAOPP13416000044671,10.0,2.0,8.0,0.0,0.0,1.2,0.2
AAAOPP13416000044707,7.0,1.0,6.0,0.0,3.0,1.1428571428571428,0.14285714285714285
AAAOPP13416000044781,6.0,0.0,6.0,0.0,1.0,1.0,0.0
AAAOPP13416000044786,11.0,0.0,11.0,0.0,0.0,1.0,0.0
AAAOPP13416000044807,10.0,0.0,10.0,0.0,5.0,1.0,0.0
AAAOPP13416000044812,11.0,0.0,11.0,0.0,4.0,1.0,0.0
AAAOPP13416000044861,8.0,0.0,7.0,1.0,0.0,0.875,0.0
AAAOPP13416000044881,10.0,0.0,10.0,0.0,2.0,1.0,0.0
AAAOPP13416000044916,9.0,0.0,7.0,2.0,0.0,0.7777777777777778,0.0
AAAOPP13416000044929,8.0,0.0,6.0,2.0,2.0,0.75,0.0
AAAOPP13416000044934,13.0,0.0,12.0,1.0,3.0,0.9230769230769231,0.0
AAAOPP13416000044944,11.0,1.0,9.0,1.0,2.0,1.0,0.09090909090909091
AAAOPP13416000044958,9.0,1.0,8.0,0.0,0.0,1.1111111111111112,0.1111111111111111
AAAOPP13416000044960,6.0,0.0,5.0,1.0,1.0,0.8333333333333334,0.0
AAAOPP13416000044990,12.0,2.0,10.0,0.0,1.0,1.1666666666666667,0.16666666666666666
AAAOPP13416000045004,11.0,0.0,8.0,3.0,0.0,0.7272727272727273,0.0
AAAOPP13416000045007,19.0,0.0,19.0,0.0,0.0,1.0,0.0
AAAOPP13416000045017,12.0,0.0,12.0,0.0,0.0,1.0,0.0
AAAOPP13416000045022,4.0,0.0,4.0,0.0,0.0,1.0,0.0
AAAOPP13416000045040,12.0,3.0,9.0,0.0,1.0,1.25,0.25
AAAOPP13416000045045,17.0,0.0,17.0,0.0,1.0,1.0,0.0
AAAOPP13416000045059,13.0,0.0,13.0,0.0,0.0,1.0,0.0
AAAOPP13416000045060,8.0,1.0,7.0,0.0,0.0,1.125,0.125
AAAOPP13416000045070,13.0,3.0,10.0,0.0,0.0,1.2307692307692308,0.23076923076923078
AAAOPP13416000045072,9.0,0.0,9.0,0.0,0.0,1.0,0.0
AAAOPP13416000045080,12.0,0.0,9.0,3.0,1.0,0.75,0.0
AAAOPP13416000045082,13.0,4.0,9.0,0.0,0.0,1.3076923076923077,0.3076923076923077
AAAOPP13416000045086,10.0,5.0,5.0,0.0,3.0,1.5,0.5
AAAOPP13416000045090,10.0,0.0,10.0,0.0,4.0,1.0,0.0
AAAOPP13416000045159,10.0,7.0,3.0,0.0,1.0,1.7,0.7
AAAOPP13416000045161,10.0,0.0,10.0,0.0,1.0,1.0,0.0
AAAOPP13416000045177,11.0,3.0,8.0,0.0,1.0,1.2727272727272727,0.2727272727272727
AAAOPP13416000045221,9.0,1.0,7.0,1.0,0.0,1.0,0.1111111111111111
AAAOPP13416000045235,13.0,2.0,11.0,0.0,2.0,1.1538461538461537,0.15384615384615385
AAAOPP13416000045238,9.0,0.0,9.0,0.0,2.0,1.0,0.0
AAAOPP13416000045239,10.0,0.0,8.0,2.0,1.0,0.8,0.0
AAAOPP13416000045251,13.0,0.0,13.0,0.0,1.0,1.0,0.0
AAAOPP13416000045254,14.0,5.0,9.0,0.0,2.0,1.3571428571428572,0.35714285714285715
AAAOPP13416000045282,12.0,2.0,10.0,0.0,4.0,1.1666666666666667,0.16666666666666666
AAAOPP13416000045283,9.0,2.0,7.0,0.0,2.0,1.2222222222222223,0.2222222222222222
AAAOPP13416000045322,12.0,2.0,10.0,0.0,2.0,1.1666666666666667,0.16666666666666666
AAAOPP13416000045345,10.0,0.0,10.0,0.0,3.0,1.0,0.0
AAAOPP13416000045431,11.0,1.0,10.0,0.0,0.0,1.0909090909090908,0.09090909090909091
AAAOPP13416000045446,10.0,0.0,10.0,0.0,1.0,1.0,0.0
AAAOPP13416000045456,7.0,0.0,5.0,2.0,3.0,0.7142857142857143,0.0
AAAOPP13416000045465,9.0,0.0,8.0,1.0,0.0,0.8888888888888888,0.0
AAAOPP13416000045499,9.0,1.0,8.0,0.0,0.0,1.1111111111111112,0.1111111111111111
AAAOPP13416000045511,11.0,0.0,8.0,3.0,1.0,0.7272727272727273,0.0
AAAOPP13416000045579,12.0,3.0,9.0,0.0,0.0,1.25,0.25
AAAOPP13416000045608,13.0,1.0,12.0,0.0,5.0,1.0769230769230769,0.07692307692307693
AAAOPP13416000045616,12.0,0.0,12.0,0.0,5.0,1.0,0.0
AAAOPP13416000045631,8.0,1.0,7.0,0.0,4.0,1.125,0.125
AAAOPP13416000045641,11.0,0.0,11.0,0.0,1.0,1.0,0.0
AAAOPP13416000045642,8.0,0.0,8.0,0.0,0.0,1.0,0.0
AAAOPP13416000045657,6.0,0.0,6.0,0.0,4.0,1.0,0.0
AAAOPP13416000045659,2.0,0.0,0.0,2.0,0.0,0.0,0.0
AAAOPP13416000045731,15.0,3.0,12.0,0.0,1.0,1.2,0.2
AAAOPP13416000045740,6.0,0.0,6.0,0.0,1.0,1.0,0.0
AAAOPP13416000045754,10.0,0.0,8.0,2.0,0.0,0.8,0.0
AAAOPP13416000045766,9.0,4.0,5.0,0.0,1.0,1.4444444444444444,0.4444444444444444
AAAOPP13416000045768,11.0,2.0,9.0,0.0,0.0,1.1818181818181819,0.18181818181818182
AAAOPP13416000045812,13.0,0.0,13.0,0.0,1.0,1.0,0.0
AAAOPP13416000045826,4.0,1.0,2.0,1.0,1.0,1.0,0.25
AAAOPP13416000045844,10.0,0.0,10.0,0.0,1.0,1.0,0.0
AAAOPP13416000045852,8.0,0.0,8.0,0.0,1.0,1.0,0.0
AAAOPP13416000045864,12.0,0.0,12.0,0.0,0.0,1.0,0.0
AAAOPP13416000045872,12.0,0.0,10.0,2.0,0.0,0.8333333333333334,0.0
AAAOPP13416000045877,7.0,1.0,5.0,1.0,1.0,1.0,0.14285714285714285
AAAOPP13416000045887,10.0,8.0,2.0,0.0,0.0,1.8,0.8
AAAOPP13416000045896,12.0,0.0,12.0,0.0,0.0,1.0,0.0
AAAOPP13416000045916,7.0,0.0,7.0,0.0,5.0,1.0,0.0
AAAOPP13416000045951,6.0,0.0,5.0,1.0,1.0,0.8333333333333334,0.0
AAAOPP13416000045987,9.0,0.0,8.0,1.0,0.0,0.8888888888888888,0.0
AAAOPP13416000046028,17.0,1.0,16.0,0.0,0.0,1.0588235294117647,0.058823529411764705
AAAOPP13416000046048,13.0,8.0,5.0,0.0,0.0,1.6153846153846154,0.6153846153846154
AAAOPP13416000046051,9.0,3.0,6.0,0.0,0.0,1.3333333333333333,0.3333333333333333
AAAOPP13416000046092,9.0,0.0,9.0,0.0,0.0,1.0,0.0
AAAOPP13416000046111,5.0,0.0,2.0,3.0,1.0,0.4,0.0
AAAOPP13416000046115,8.0,0.0,7.0,1.0,0.0,0.875,0.0
AAAOPP13416000046162,10.0,0.0,10.0,0.0,1.0,1.0,0.0
AAAOPP13416000046213,12.0,0.0,12.0,0.0,3.0,1.0,0.0
AAAOPP13416000046220,8.0,4.0,4.0,0.0,0.0,1.5,0.5
AAAOPP13416000046232,8.0,1.0,7.0,0.0,1.0,1.125,0.125
AAAOPP13416000046290,6.0,0.0,6.0,0.0,0.0,1.0,0.0
AAAOPP13416000046296,10.0,1.0,9.0,0.0,3.0,1.1,0.1
AAAOPP13416000046297,9.0,1.0,8.0,0.0,0.0,1.1111111111111112,0.1111111111111111
AAAOPP13416000046311,4.0,0.0,4.0,0.0,1.0,1.0,0.0
AAAOPP13416000046343,9.0,0.0,9.0,0.0,4.0,1.0,0.0
AAAOPP13416000046346,8.0,0.0,8.0,0.0,6.0,1.0,0.0
AAAOPP13416000046484,6.0,0.0,6.0,0.0,1.0,1.0,0.0
AAAOPP13416000046528,12.0,0.0,11.0,1.0,4.0,0.9166666666666666,0.0
AAAOPP13416000046582_cleaned,8.0,0.0,8.0,0.0,5.0,1.0,0.0
AAAOPP13416000046618,5.0,0.0,3.0,2.0,1.0,0.6,0.0
AAAOPP13416000046665,13.0,0.0,12.0,1.0,0.0,0.9230769230769231,0.0
AAAOPP13416000046724,6.0,0.0,6.0,0.0,1.0,1.0,0.0
AAAOPP13416000046744,11.0,6.0,5.0,0.0,0.0,1.5454545454545454,0.5454545454545454
AAAOPP13416000046853,8.0,0.0,8.0,0.0,6.0,1.0,0.0
AAAOPP13416000046854,9.0,0.0,5.0,4.0,8.0,0.5555555555555556,0.0
AAAOPP13416000046903,8.0,1.0,6.0,1.0,0.0,1.0,0.125
AAAOPP13416000046944,10.0,0.0,8.0,2.0,0.0,0.8,0.0
AAAOPP13416000046951,4.0,0.0,4.0,0.0,0.0,1.0,0.0
AAAOPP13416000046968,1.0,0.0,0.0,1.0,0.0,0.0,0.0
AAAOPP13416000046972,1.0,0.0,1.0,0.0,0.0,1.0,0.0
AAAOPP13416000046973,12.0,0.0,12.0,0.0,0.0,1.0,0.0
AAAOPP13416000046976,3.0,0.0,0.0,3.0,0.0,0.0,0.0
AAAOPP13416000047040,8.0,0.0,4.0,4.0,0.0,0.5,0.0
AAAOPP13416000047077,8.0,0.0,8.0,0.0,1.0,1.0,0.0
AAAOPP13416000047100,4.0,0.0,4.0,0.0,0.0,1.0,0.0
AAAOPP13416000047104,6.0,0.0,6.0,0.0,0.0,1.0,0.0
AAAOPP13416000047115,5.0,0.0,4.0,1.0,5.0,0.8,0.0
AAAOPP13416000047130,8.0,2.0,5.0,1.0,1.0,1.125,0.25
AAAOPP13416000047145,9.0,0.0,9.0,0.0,1.0,1.0,0.0
AAAOPP13416000047218,4.0,0.0,3.0,1.0,1.0,0.75,0.0
AAAOPP13416000047271,7.0,4.0,3.0,0.0,4.0,1.5714285714285714,0.5714285714285714
AAAOPP13416000047294,7.0,0.0,7.0,0.0,0.0,1.0,0.0
AAAOPP13416000047303,10.0,5.0,5.0,0.0,4.0,1.5,0.5
AAAOPP13416000047315,9.0,0.0,9.0,0.0,0.0,1.0,0.0
AAAOPP13416000047348,5.0,0.0,5.0,0.0,1.0,1.0,0.0
AAAOPP13416000047351,8.0,0.0,8.0,0.0,1.0,1.0,0.0
AAAOPP13416000047365,5.0,0.0,5.0,0.0,1.0,1.0,0.0
AAAOPP13416000047372,6.0,1.0,5.0,0.0,0.0,1.1666666666666667,0.16666666666666666
AAAOPP13416000047388,10.0,0.0,8.0,2.0,1.0,0.8,0.0
AAAOPP13416000047423,10.0,0.0,10.0,0.0,5.0,1.0,0.0
AAAOPP13416000047440,8.0,0.0,8.0,0.0,2.0,1.0,0.0
AAAOPP13416000047441,9.0,0.0,9.0,0.0,0.0,1.0,0.0
AAAOPP13416000047448,11.0,0.0,9.0,2.0,0.0,0.8181818181818182,0.0
AAAOPP13416000047449,12.0,0.0,12.0,0.0,1.0,1.0,0.0
AAAOPP13416000047474,4.0,0.0,4.0,0.0,1.0,1.0,0.0
AAAOPP13416000047478,10.0,0.0,10.0,0.0,0.0,1.0,0.0
AAAOPP13416000047485,11.0,5.0,6.0,0.0,1.0,1.4545454545454546,0.45454545454545453
AAAOPP13416000047579,8.0,3.0,5.0,0.0,1.0,1.375,0.375
AAAOPP13416000047624,12.0,0.0,12.0,0.0,4.0,1.0,0.0
AAAOPP13416000047649,10.0,1.0,9.0,0.0,0.0,1.1,0.1
AAAOPP13416000047713,11.0,7.0,4.0,0.0,2.0,1.6363636363636365,0.6363636363636364
AAAOPP13416000047851,11.0,0.0,10.0,1.0,1.0,0.9090909090909091,0.0
AAAOPP13416000047964,12.0,0.0,12.0,0.0,1.0,1.0,0.0
AAAOPP13416000047970,13.0,0.0,12.0,1.0,0.0,0.9230769230769231,0.0
AAAOPP13416000048196,9.0,0.0,8.0,1.0,3.0,0.8888888888888888,0.0
AAAOPP13416000048260,6.0,0.0,6.0,0.0,0.0,1.0,0.0
AAAOPP13416000048285,9.0,0.0,9.0,0.0,1.0,1.0,0.0
AAAOPP13416000048287,11.0,3.0,8.0,0.0,1.0,1.2727272727272727,0.2727272727272727
AAAOPP13416000048297,8.0,0.0,8.0,0.0,0.0,1.0,0.0
AAAOPP13416000048348,13.0,0.0,12.0,1.0,0.0,0.9230769230769231,0.0
AAAOPP13416000048366,7.0,1.0,6.0,0.0,0.0,1.1428571428571428,0.14285714285714285
AAAOPP13416000048396,9.0,0.0,9.0,0.0,0.0,1.0,0.0
AAAOPP13416000048399,8.0,0.0,8.0,0.0,0.0,1.0,0.0
AAAOPP13416000048401,11.0,4.0,7.0,0.0,0.0,1.3636363636363635,0.36363636363636365
AAAOPP13416000048408,8.0,0.0,8.0,0.0,4.0,1.0,0.0
AAAOPP13416000048431,6.0,0.0,6.0,0.0,3.0,1.0,0.0
AAAOPP13416000048537,8.0,1.0,7.0,0.0,0.0,1.125,0.125
AAAOPP13416000048558,11.0,1.0,10.0,0.0,0.0,1.0909090909090908,0.09090909090909091
AAAOPP13416000048586,7.0,0.0,7.0,0.0,0.0,1.0,0.0
AAAOPP13416000048596,7.0,0.0,7.0,0.0,1.0,1.0,0.0
AAAOPP13416000048652,9.0,0.0,9.0,0.0,0.0,1.0,0.0
AAAOPP13416000048676,6.0,0.0,6.0,0.0,0.0,1.0,0.0
AAAOPP13416000048715,5.0,0.0,5.0,0.0,0.0,1.0,0.0
AAAOPP13416000048774,4.0,0.0,4.0,0.0,0.0,1.0,0.0
AAAOPP13416000048787,14.0,0.0,14.0,0.0,5.0,1.0,0.0
AAAOPP13416000048798,12.0,5.0,7.0,0.0,0.0,1.4166666666666667,0.4166666666666667
AAAOPP13416000049163,12.0,1.0,11.0,0.0,1.0,1.0833333333333333,0.08333333333333333
AAAOPP13416000049212,7.0,5.0,2.0,0.0,0.0,1.7142857142857142,0.7142857142857143
AAAOPP13416000049234,10.0,0.0,9.0,1.0,1.0,0.9,0.0
AAAOPP13416000049267,10.0,0.0,3.0,7.0,5.0,0.3,0.0
AAAOPP13416000049408,10.0,0.0,10.0,0.0,0.0,1.0,0.0
AAAOPP13416000049415,12.0,2.0,10.0,0.0,0.0,1.1666666666666667,0.16666666666666666
AAAOPP13416000049424,8.0,0.0,7.0,1.0,0.0,0.875,0.0
AAAOPP13416000049459,9.0,1.0,8.0,0.0,0.0,1.1111111111111112,0.1111111111111111
AAAOPP13416000049467,12.0,0.0,12.0,0.0,0.0,1.0,0.0
AAAOPP13416000049492,12.0,0.0,12.0,0.0,4.0,1.0,0.0
AAAOPP13416000049539,12.0,2.0,10.0,0.0,0.0,1.1666666666666667,0.16666666666666666
AAAOPP13416000049565,12.0,0.0,10.0,2.0,3.0,0.8333333333333334,0.0
AAAOPP13416000049600,8.0,0.0,8.0,0.0,1.0,1.0,0.0
AAAOPP13416000049614,9.0,0.0,4.0,5.0,0.0,0.4444444444444444,0.0
AAAOPP13416000049616,7.0,0.0,7.0,0.0,0.0,1.0,0.0
AAAOPP13416000049639,11.0,1.0,8.0,2.0,4.0,0.9090909090909091,0.09090909090909091
AAAOPP13416000049651,5.0,0.0,3.0,2.0,0.0,0.6,0.0
AAAOPP13416000049668,12.0,0.0,11.0,1.0,0.0,0.9166666666666666,0.0
AAAOPP13416000049671,11.0,3.0,8.0,0.0,0.0,1.2727272727272727,0.2727272727272727
AAAOPP13416000049687,8.0,0.0,8.0,0.0,0.0,1.0,0.0
AAAOPP13416000049690,5.0,0.0,3.0,2.0,1.0,0.6,0.0
AAAOPP13416000049701,12.0,0.0,12.0,0.0,2.0,1.0,0.0
AAAOPP13416000049722,6.0,0.0,5.0,1.0,0.0,0.8333333333333334,0.0
AAAOPP13416000049727,10.0,0.0,10.0,0.0,0.0,1.0,0.0
AAAOPP13416000049733,9.0,3.0,5.0,1.0,0.0,1.2222222222222223,0.3333333333333333
AAAOPP13416000049745,10.0,1.0,9.0,0.0,0.0,1.1,0.1
AAAOPP13416000049755,12.0,2.0,10.0,0.0,0.0,1.1666666666666667,0.16666666666666666
AAAOPP13416000049839,6.0,0.0,4.0,2.0,0.0,0.6666666666666666,0.0
AAAOPP13416000049897,9.0,0.0,9.0,0.0,5.0,1.0,0.0
AAAOPP13416000049955,8.0,1.0,7.0,0.0,2.0,1.125,0.125
AAAOPP13416000049971,7.0,0.0,7.0,0.0,0.0,1.0,0.0
AAAOPP13416000049998,6.0,0.0,5.0,1.0,0.0,0.8333333333333334,0.0
AAAOPP13416000050031,12.0,0.0,10.0,2.0,1.0,0.8333333333333334,0.0
AAAOPP13416000050072,7.0,0.0,6.0,1.0,0.0,0.8571428571428571,0.0
AAAOPP13416000050135,13.0,0.0,12.0,1.0,3.0,0.9230769230769231,0.0
AAAOPP13416000050148,6.0,0.0,5.0,1.0,5.0,0.8333333333333334,0.0
AAAOPP13416000050150,8.0,1.0,6.0,1.0,0.0,1.0,0.125
AAAOPP13416000050155,9.0,1.0,8.0,0.0,4.0,1.1111111111111112,0.1111111111111111
AAAOPP13416000050271,6.0,0.0,6.0,0.0,0.0,1.0,0.0
AAAOPP13416000050273,10.0,0.0,10.0,0.0,1.0,1.0,0.0
AAAOPP13416000050279,6.0,0.0,5.0,1.0,0.0,0.8333333333333334,0.0
AAAOPP13416000050302,5.0,0.0,2.0,3.0,0.0,0.4,0.0
AAAOPP13416000050308,6.0,0.0,5.0,1.0,0.0,0.8333333333333334,0.0
AAAOPP13416000050311,4.0,0.0,2.0,2.0,4.0,0.5,0.0
AAAOPP13416000050340,8.0,0.0,6.0,2.0,0.0,0.75,0.0
AAAOPP13416000050348,7.0,0.0,7.0,0.0,1.0,1.0,0.0
AAAOPP13416000050361,9.0,0.0,9.0,0.0,2.0,1.0,0.0
AAAOPP13416000050373,10.0,0.0,10.0,0.0,0.0,1.0,0.0
AAAOPP13416000050386,7.0,0.0,4.0,3.0,1.0,0.5714285714285714,0.0
AAAOPP13416000050388,9.0,1.0,8.0,0.0,0.0,1.1111111111111112,0.1111111111111111
AAAOPP13416000050407,11.0,0.0,10.0,1.0,3.0,0.9090909090909091,0.0
AAAOPP13416000050409,7.0,0.0,7.0,0.0,0.0,1.0,0.0
AAAOPP13416000050426,5.0,0.0,5.0,0.0,1.0,1.0,0.0
AAAOPP13416000050438,5.0,0.0,5.0,0.0,0.0,1.0,0.0
AAAOPP13416000050467,16.0,0.0,15.0,1.0,1.0,0.9375,0.0
AAAOPP13416000050526,6.0,0.0,6.0,0.0,0.0,1.0,0.0
AAAOPP13416000050726,5.0,0.0,5.0,0.0,1.0,1.0,0.0
AAAOPP13416000050728,5.0,1.0,4.0,0.0,1.0,1.2,0.2
AAAOPP13416000050811,9.0,0.0,9.0,0.0,0.0,1.0,0.0
AAAOPP13416000050845,5.0,0.0,5.0,0.0,0.0,1.0,0.0
AAAOPP13416000050917,11.0,5.0,6.0,0.0,6.0,1.4545454545454546,0.45454545454545453
AAAOPP13416000051102,8.0,1.0,7.0,0.0,0.0,1.125,0.125
AAAOPP13416000051166,12.0,0.0,12.0,0.0,3.0,1.0,0.0
AAAOPP13416000051249,9.0,0.0,9.0,0.0,1.0,1.0,0.0
AAAOPP13416000051266,11.0,0.0,11.0,0.0,1.0,1.0,0.0
AAAOPP13416000051304,13.0,5.0,8.0,0.0,2.0,1.3846153846153846,0.38461538461538464
AAAOPP13416000051325,9.0,0.0,9.0,0.0,1.0,1.0,0.0
AAAOPP13416000051340,8.0,3.0,5.0,0.0,0.0,1.375,0.375
AAAOPP13416000051348,16.0,0.0,16.0,0.0,2.0,1.0,0.0
AAAOPP13416000051409,13.0,0.0,13.0,0.0,4.0,1.0,0.0
AAAOPP13416000051462,14.0,7.0,7.0,0.0,2.0,1.5,0.5
AAAOPP13416000051485,10.0,0.0,10.0,0.0,3.0,1.0,0.0
AAAOPP13416000051490,11.0,1.0,10.0,0.0,0.0,1.0909090909090908,0.09090909090909091
AAAOPP13416000051495,6.0,0.0,6.0,0.0,5.0,1.0,0.0
AAAOPP13416000051511,7.0,1.0,6.0,0.0,0.0,1.1428571428571428,0.14285714285714285
AAAOPP13416000051562,11.0,0.0,11.0,0.0,3.0,1.0,0.0
AAAOPP13416000051592,9.0,0.0,9.0,0.0,0.0,1.0,0.0
AAAOPP13416000051635,11.0,10.0,1.0,0.0,2.0,1.9090909090909092,0.9090909090909091
AAAOPP13416000051636,11.0,6.0,5.0,0.0,0.0,1.5454545454545454,0.5454545454545454
AAAOPP13416000051697,7.0,1.0,6.0,0.0,1.0,1.1428571428571428,0.14285714285714285
AAAOPP13416000051705,12.0,0.0,12.0,0.0,6.0,1.0,0.0
AAAOPP13416000051909,6.0,0.0,6.0,0.0,0.0,1.0,0.0
AAAOPP13416000051911,9.0,0.0,9.0,0.0,0.0,1.0,0.0
AAAOPP13416000051915,9.0,4.0,5.0,0.0,5.0,1.4444444444444444,0.4444444444444444
AAAOPP13416000052008,6.0,3.0,3.0,0.0,1.0,1.5,0.5
AAAOPP13416000052038,8.0,0.0,8.0,0.0,0.0,1.0,0.0
AAAOPP13416000052123,9.0,7.0,2.0,0.0,2.0,1.7777777777777777,0.7777777777777778
AAAOPP13416000052291,11.0,6.0,5.0,0.0,3.0,1.5454545454545454,0.5454545454545454
AAAOPP13416000052292,8.0,0.0,8.0,0.0,3.0,1.0,0.0
AAAOPP13416000052308,6.0,1.0,5.0,0.0,1.0,1.1666666666666667,0.16666666666666666
AAAOPP13416000052316,5.0,0.0,5.0,0.0,0.0,1.0,0.0
AAAOPP13416000052325,8.0,0.0,7.0,1.0,2.0,0.875,0.0
AAAOPP13416000052340,13.0,0.0,13.0,0.0,3.0,1.0,0.0
AAAOPP13416000052347,12.0,0.0,12.0,0.0,4.0,1.0,0.0
AAAOPP13416000052350,14.0,5.0,9.0,0.0,1.0,1.3571428571428572,0.35714285714285715
AAAOPP13416000052359,7.0,4.0,3.0,0.0,0.0,1.5714285714285714,0.5714285714285714
AAAOPP13416000052525,12.0,0.0,10.0,2.0,1.0,0.8333333333333334,0.0
AAAOPP13416000052581,19.0,0.0,19.0,0.0,2.0,1.0,0.0
AAAOPP13416000052599,10.0,0.0,5.0,5.0,0.0,0.5,0.0
AAAOPP13416000052606,13.0,0.0,13.0,0.0,1.0,1.0,0.0
AAAOPP13416000053182,5.0,0.0,5.0,0.0,0.0,1.0,0.0
AAAOPP13416000053829,6.0,0.0,6.0,0.0,1.0,1.0,0.0
AAAOPP13416000054284,1.0,0.0,0.0,1.0,1.0,0.0,0.0
AAAOPP13416000054293,9.0,0.0,7.0,2.0,7.0,0.7777777777777778,0.0
AAAOPP13416000054309,13.0,0.0,13.0,0.0,0.0,1.0,0.0
AAAOPP13416000055092,10.0,0.0,10.0,0.0,2.0,1.0,0.0
AAAOPP13416000055118,10.0,1.0,9.0,0.0,3.0,1.1,0.1
AAAOPP13416000055177,6.0,0.0,6.0,0.0,2.0,1.0,0.0
AAAOPP13416000055239,6.0,0.0,6.0,0.0,1.0,1.0,0.0
AAAOPP13416000055285,5.0,1.0,4.0,0.0,1.0,1.2,0.2
AAAOPP13416000055395,11.0,0.0,11.0,0.0,5.0,1.0,0.0
AAAOPP13416000055412,8.0,0.0,8.0,0.0,3.0,1.0,0.0
AAAOPP13416000055519,7.0,0.0,7.0,0.0,0.0,1.0,0.0
AAAOPP13416000055599,2.0,0.0,1.0,1.0,0.0,0.5,0.0
AAAOPP13416000055726,9.0,2.0,7.0,0.0,7.0,1.2222222222222223,0.2222222222222222
AAAOPP13416000055822,7.0,1.0,6.0,0.0,2.0,1.1428571428571428,0.14285714285714285
AAAOPP13416000056046,4.0,1.0,3.0,0.0,1.0,1.25,0.25
AAAOPP13416000056122,5.0,0.0,5.0,0.0,2.0,1.0,0.0
AAAOPP13416000056286,11.0,5.0,6.0,0.0,0.0,1.4545454545454546,0.45454545454545453
AAAOPP13416000056688,4.0,2.0,2.0,0.0,1.0,1.5,0.5
AAAOPP13416000056769,7.0,0.0,7.0,0.0,4.0,1.0,0.0
AAAOPP13416000056780,4.0,0.0,4.0,0.0,0.0,1.0,0.0
AAAOPP13416000056802,2.0,0.0,0.0,2.0,0.0,0.0,0.0
AAAOPP13416000056864,4.0,0.0,4.0,0.0,0.0,1.0,0.0
AAAOPP13416000056871,8.0,1.0,7.0,0.0,0.0,1.125,0.125
AAAOPP13416000056907,12.0,0.0,12.0,0.0,3.0,1.0,0.0
AAAOPP13416000056923,6.0,0.0,6.0,0.0,2.0,1.0,0.0
AAAOPP13416000056969,16.0,0.0,13.0,3.0,5.0,0.8125,0.0
AAAOPP13416000057867,11.0,0.0,11.0,0.0,3.0,1.0,0.0
AAAOPP13416000057873,12.0,0.0,11.0,1.0,3.0,0.9166666666666666,0.0
AAAOPP13416000057877,10.0,0.0,10.0,0.0,0.0,1.0,0.0
AAAOPP13416000057890,12.0,0.0,12.0,0.0,0.0,1.0,0.0
AAAOPP13416000057894,9.0,0.0,9.0,0.0,2.0,1.0,0.0
AAAOPP13416000057923,11.0,0.0,11.0,0.0,3.0,1.0,0.0
AAAOPP13416000059959,1.0,0.0,0.0,1.0,0.0,0.0,0.0
AAAOPP13416000060070,1.0,0.0,1.0,0.0,0.0,1.0,0.0
AAAOPP13416000060123,8.0,0.0,8.0,0.0,1.0,1.0,0.0
AAAOPP13416000060276,9.0,1.0,8.0,0.0,0.0,1.1111111111111112,0.1111111111111111
AAAOPP13416000060406,8.0,0.0,8.0,0.0,1.0,1.0,0.0
AAAOPP13416000060474,9.0,0.0,3.0,6.0,0.0,0.3333333333333333,0.0
AAAOPP13416000060518,7.0,0.0,4.0,3.0,1.0,0.5714285714285714,0.0
AAAOPP13416000060552,11.0,1.0,10.0,0.0,0.0,1.0909090909090908,0.09090909090909091
AAAOPP13416000060565,11.0,0.0,10.0,1.0,0.0,0.9090909090909091,0.0
AAAOPP13416000060607,8.0,0.0,8.0,0.0,1.0,1.0,0.0
AAAOPP13416000060639,16.0,0.0,16.0,0.0,0.0,1.0,0.0
AAAOPP13416000060687,9.0,1.0,8.0,0.0,0.0,1.1111111111111112,0.1111111111111111
AAAOPP13416000060743,12.0,0.0,12.0,0.0,0.0,1.0,0.0
AAAOPP13416000060754,10.0,7.0,3.0,0.0,0.0,1.7,0.7
AAAOPP13416000060761,3.0,0.0,1.0,2.0,0.0,0.3333333333333333,0.0
AAAOPP13416000060773,8.0,0.0,8.0,0.0,1.0,1.0,0.0
AAAOPP13416000060788,9.0,0.0,7.0,2.0,4.0,0.7777777777777778,0.0
AAAOPP13416000061241,5.0,0.0,5.0,0.0,1.0,1.0,0.0
AAAOPP13416000061312,8.0,1.0,7.0,0.0,1.0,1.125,0.125
AAAOPP13416000061473,9.0,0.0,9.0,0.0,2.0,1.0,0.0
AAAOPP13416000061507,15.0,1.0,13.0,1.0,2.0,1.0,0.06666666666666667
AAAOPP13416000061509,13.0,0.0,12.0,1.0,3.0,0.9230769230769231,0.0
AAAOPP13416000061519,9.0,0.0,9.0,0.0,0.0,1.0,0.0
AAAOPP13416000061520,15.0,2.0,13.0,0.0,0.0,1.1333333333333333,0.13333333333333333
AAAOPP13416000061532,14.0,2.0,12.0,0.0,0.0,1.1428571428571428,0.14285714285714285
AAAOPP13416000061548,12.0,0.0,11.0,1.0,5.0,0.9166666666666666,0.0
AAAOPP13416000061622,9.0,2.0,7.0,0.0,6.0,1.2222222222222223,0.2222222222222222
AAAOPP13416000061641,13.0,1.0,12.0,0.0,0.0,1.0769230769230769,0.07692307692307693
AAAOPP13416000061682,8.0,0.0,5.0,3.0,2.0,0.625,0.0
AAAOPP13416000061730,11.0,2.0,9.0,0.0,0.0,1.1818181818181819,0.18181818181818182
AAAOPP13416000061737,7.0,0.0,5.0,2.0,0.0,0.7142857142857143,0.0
AAAOPP13416000061763,11.0,0.0,11.0,0.0,0.0,1.0,0.0
AAAOPP13416000061772,14.0,0.0,14.0,0.0,0.0,1.0,0.0
AAAOPP13416000061789,13.0,3.0,10.0,0.0,0.0,1.2307692307692308,0.23076923076923078
AAAOPP13416000061794,1.0,0.0,0.0,1.0,0.0,0.0,0.0
AAAOPP13416000061798,7.0,3.0,4.0,0.0,2.0,1.4285714285714286,0.42857142857142855
AAAOPP13416000061802,11.0,1.0,10.0,0.0,1.0,1.0909090909090908,0.09090909090909091
AAAOPP13416000061804,11.0,4.0,7.0,0.0,0.0,1.3636363636363635,0.36363636363636365
AAAOPP13416000061853,4.0,0.0,4.0,0.0,0.0,1.0,0.0
AAAOPP13416000061906,10.0,0.0,7.0,3.0,0.0,0.7,0.0
AAAOPP13416000062066,11.0,3.0,8.0,0.0,1.0,1.2727272727272727,0.2727272727272727
AAAOPP13416000062081,1.0,0.0,0.0,1.0,0.0,0.0,0.0
AAAOPP13416000062089,8.0,0.0,8.0,0.0,0.0,1.0,0.0
AAAOPP13416000062134,8.0,1.0,7.0,0.0,1.0,1.125,0.125
AAAOPP13416000062147,13.0,0.0,13.0,0.0,1.0,1.0,0.0
AAAOPP13416000062156,11.0,3.0,7.0,1.0,2.0,1.1818181818181819,0.2727272727272727
AAAOPP13416000062167,12.0,0.0,11.0,1.0,0.0,0.9166666666666666,0.0
AAAOPP13416000062177,15.0,0.0,14.0,1.0,2.0,0.9333333333333333,0.0
AAAOPP13416000062179,9.0,0.0,9.0,0.0,0.0,1.0,0.0
AAAOPP13416000062264,10.0,1.0,9.0,0.0,0.0,1.1,0.1
AAAOPP13416000062275,8.0,0.0,8.0,0.0,5.0,1.0,0.0
AAAOPP13416000062522,9.0,0.0,5.0,4.0,2.0,0.5555555555555556,0.0
AAAOPP13416000063543,8.0,0.0,3.0,5.0,0.0,0.375,0.0
AAAOPP13416000063570,4.0,0.0,3.0,1.0,0.0,0.75,0.0
AAAOPP13416000063647,11.0,0.0,10.0,1.0,0.0,0.9090909090909091,0.0
AAAOPP13416000063878,1.0,0.0,0.0,1.0,0.0,0.0,0.0
AAAOPP13416000063915,8.0,1.0,7.0,0.0,0.0,1.125,0.125
AAAOPP13416000063922,9.0,2.0,7.0,0.0,2.0,1.2222222222222223,0.2222222222222222
AAAOPP13416000063971,8.0,1.0,7.0,0.0,0.0,1.125,0.125
AAAOPP13416000063978,6.0,0.0,6.0,0.0,5.0,1.0,0.0
AAAOPP13416000063984,8.0,0.0,8.0,0.0,0.0,1.0,0.0
AAAOPP13416000064012,1.0,0.0,0.0,1.0,0.0,0.0,0.0
AAAOPP13416000064027,11.0,0.0,11.0,0.0,4.0,1.0,0.0
AAAOPP13416000064031,11.0,0.0,11.0,0.0,2.0,1.0,0.0
AAAOPP13416000064061,12.0,0.0,11.0,1.0,1.0,0.9166666666666666,0.0
AAAOPP13416000064090,9.0,4.0,5.0,0.0,1.0,1.4444444444444444,0.4444444444444444
AAAOPP13416000064091,11.0,5.0,6.0,0.0,0.0,1.4545454545454546,0.45454545454545453
AAAOPP13416000064109,6.0,2.0,4.0,0.0,0.0,1.3333333333333333,0.3333333333333333
AAAOPP13416000064127,2.0,0.0,1.0,1.0,0.0,0.5,0.0
AAAOPP13416000064131,8.0,0.0,8.0,0.0,0.0,1.0,0.0
AAAOPP13416000064141,8.0,0.0,8.0,0.0,5.0,1.0,0.0
AAAOPP13416000064145,11.0,0.0,11.0,0.0,1.0,1.0,0.0
AAAOPP13416000064146,7.0,1.0,6.0,0.0,0.0,1.1428571428571428,0.14285714285714285
AAAOPP13416000064210,9.0,3.0,6.0,0.0,1.0,1.3333333333333333,0.3333333333333333
AAAOPP13416000064332,7.0,0.0,7.0,0.0,2.0,1.0,0.0
AAAOPP13416000064339,6.0,0.0,6.0,0.0,1.0,1.0,0.0
AAAOPP13416000064679,9.0,0.0,8.0,1.0,6.0,0.8888888888888888,0.0
AAAOPP13416000064783,6.0,0.0,4.0,2.0,0.0,0.6666666666666666,0.0
AAAOPP13416000064888,17.0,0.0,15.0,2.0,0.0,0.8823529411764706,0.0
AAAOPP13416000064889,9.0,0.0,3.0,6.0,0.0,0.3333333333333333,0.0
AAAOPP13416000064922,9.0,0.0,8.0,1.0,0.0,0.8888888888888888,0.0
AAAOPP13416000065057,8.0,7.0,1.0,0.0,1.0,1.875,0.875
AAAOPP13416000065134,7.0,0.0,7.0,0.0,0.0,1.0,0.0
AAAOPP13416000066136,8.0,1.0,7.0,0.0,1.0,1.125,0.125
AAAOPP13416000066200,9.0,0.0,9.0,0.0,4.0,1.0,0.0
AAAOPP13416000066207,10.0,0.0,10.0,0.0,5.0,1.0,0.0
AAAOPP13416000066241,8.0,1.0,7.0,0.0,0.0,1.125,0.125
AAAOPP13416000066670,11.0,0.0,8.0,3.0,2.0,0.7272727272727273,0.0
AAAOPP13416000066694,7.0,0.0,7.0,0.0,0.0,1.0,0.0
AAAOPP13416000066790,8.0,1.0,6.0,1.0,1.0,1.0,0.125
AAAOPP13416000066810,12.0,0.0,10.0,2.0,0.0,0.8333333333333334,0.0
AAAOPP13416000066892,7.0,0.0,7.0,0.0,0.0,1.0,0.0
AAAOPP13416000066904,11.0,4.0,7.0,0.0,0.0,1.3636363636363635,0.36363636363636365
AAAOPP13416000066952,15.0,0.0,10.0,5.0,2.0,0.6666666666666666,0.0
AAAOPP13416000066977,16.0,2.0,14.0,0.0,1.0,1.125,0.125
AAAOPP13416000067074,10.0,1.0,9.0,0.0,0.0,1.1,0.1
AAAOPP13416000067162,9.0,0.0,8.0,1.0,0.0,0.8888888888888888,0.0
AAAOPP13416000067277,13.0,2.0,11.0,0.0,2.0,1.1538461538461537,0.15384615384615385
AAAOPP13416000067281,7.0,0.0,7.0,0.0,1.0,1.0,0.0
AAAOPP13416000067691,1.0,0.0,0.0,1.0,0.0,0.0,0.0
AAAOPP13416000068336,12.0,2.0,10.0,0.0,2.0,1.1666666666666667,0.16666666666666666
AAAOPP13416000068341,7.0,0.0,7.0,0.0,0.0,1.0,0.0
AAAOPP13416000068591,11.0,1.0,10.0,0.0,1.0,1.0909090909090908,0.09090909090909091
AAAOPP13416000068616,10.0,0.0,8.0,2.0,0.0,0.8,0.0
AAAOPP13416000068618,9.0,2.0,7.0,0.0,1.0,1.2222222222222223,0.2222222222222222
AAAOPP13416000068682,9.0,0.0,9.0,0.0,3.0,1.0,0.0
AAAOPP13416000068758,9.0,0.0,9.0,0.0,4.0,1.0,0.0
AAAOPP13416000068779,9.0,1.0,8.0,0.0,5.0,1.1111111111111112,0.1111111111111111
AAAOPP13416000068848,12.0,0.0,12.0,0.0,5.0,1.0,0.0
AAAOPP13416000068855,8.0,0.0,8.0,0.0,5.0,1.0,0.0
AAAOPP13416000068856,7.0,0.0,7.0,0.0,2.0,1.0,0.0
AAAOPP13416000068879,4.0,0.0,4.0,0.0,0.0,1.0,0.0
AAAOPP13416000068916,2.0,0.0,2.0,0.0,1.0,1.0,0.0
AAAOPP13416000068922,9.0,0.0,9.0,0.0,5.0,1.0,0.0
AAAOPP13416000068990,8.0,3.0,5.0,0.0,0.0,1.375,0.375
AAAOPP13416000068995,9.0,0.0,9.0,0.0,0.0,1.0,0.0
AAAOPP13416000069033,8.0,0.0,8.0,0.0,4.0,1.0,0.0
AAAOPP13416000069089,9.0,3.0,6.0,0.0,1.0,1.3333333333333333,0.3333333333333333
AAAOPP13416000069104,6.0,0.0,6.0,0.0,1.0,1.0,0.0
AAAOPP13416000069113,11.0,0.0,11.0,0.0,2.0,1.0,0.0
AAAOPP13416000069153,8.0,0.0,8.0,0.0,2.0,1.0,0.0
AAAOPP13416000069163,9.0,0.0,9.0,0.0,0.0,1.0,0.0
AAAOPP13416000069298,12.0,0.0,12.0,0.0,1.0,1.0,0.0
AAAOPP13416000069306,13.0,0.0,13.0,0.0,1.0,1.0,0.0
AAAOPP13416000069320,9.0,2.0,7.0,0.0,4.0,1.2222222222222223,0.2222222222222222
AAAOPP13416000069331,1.0,0.0,0.0,1.0,0.0,0.0,0.0
AAAOPP13416000069347,8.0,0.0,8.0,0.0,5.0,1.0,0.0
AAAOPP13416000069358,7.0,0.0,7.0,0.0,4.0,1.0,0.0
AAAOPP13416000069402,8.0,0.0,8.0,0.0,2.0,1.0,0.0
AAAOPP13416000069412,8.0,0.0,8.0,0.0,2.0,1.0,0.0
AAAOPP13416000069419,1.0,0.0,0.0,1.0,0.0,0.0,0.0
AAAOPP13416000069451,4.0,0.0,4.0,0.0,1.0,1.0,0.0
AAAOPP13416000069485,7.0,2.0,5.0,0.0,0.0,1.2857142857142858,0.2857142857142857
AAAOPP13416000069950,11.0,0.0,11.0,0.0,1.0,1.0,0.0
AAAOPP13416000070000,11.0,4.0,7.0,0.0,4.0,1.3636363636363635,0.36363636363636365
AAAOPP13416000070294,15.0,9.0,6.0,0.0,1.0,1.6,0.6
AAAOPP13416000070314,10.0,3.0,6.0,1.0,3.0,1.2,0.3
AAAOPP13416000070329,10.0,0.0,10.0,0.0,0.0,1.0,0.0
AAAOPP13416000070476,4.0,0.0,2.0,2.0,0.0,0.5,0.0
AAAOPP13416000070533,3.0,0.0,1.0,2.0,0.0,0.3333333333333333,0.0
AAAOPP13416000070579,10.0,5.0,4.0,1.0,3.0,1.4,0.5
AAAOPP13416000070667,9.0,0.0,3.0,6.0,0.0,0.3333333333333333,0.0
AAAOPP13416000070720,9.0,0.0,9.0,0.0,3.0,1.0,0.0
AAAOPP13416000070732,5.0,0.0,5.0,0.0,0.0,1.0,0.0
AAAOPP13416000070749,12.0,1.0,10.0,1.0,0.0,1.0,0.08333333333333333
AAAOPP13416000070758,6.0,0.0,6.0,0.0,2.0,1.0,0.0
AAAOPP13416000070804,8.0,0.0,8.0,0.0,0.0,1.0,0.0
AAAOPP13416000070809,9.0,0.0,9.0,0.0,1.0,1.0,0.0
AAAOPP13416000070843,4.0,0.0,2.0,2.0,0.0,0.5,0.0
AAAOPP13416000070917,12.0,1.0,11.0,0.0,3.0,1.0833333333333333,0.08333333333333333
AAAOPP13416000070929,9.0,0.0,9.0,0.0,0.0,1.0,0.0
AAAOPP13416000070962,7.0,1.0,6.0,0.0,3.0,1.1428571428571428,0.14285714285714285
AAAOPP13416000071020_cleaned,5.0,0.0,4.0,1.0,0.0,0.8,0.0
AAAOPP13416000071038,9.0,0.0,9.0,0.0,1.0,1.0,0.0
AAAOPP13416000071043,9.0,0.0,6.0,3.0,2.0,0.6666666666666666,0.0
AAAOPP13416000071049,11.0,0.0,9.0,2.0,2.0,0.8181818181818182,0.0
AAAOPP13416000071080,8.0,3.0,5.0,0.0,1.0,1.375,0.375
AAAOPP13416000071086,9.0,0.0,8.0,1.0,0.0,0.8888888888888888,0.0
AAAOPP13416000071102,8.0,0.0,8.0,0.0,2.0,1.0,0.0
AAAOPP13416000071103,12.0,0.0,10.0,2.0,2.0,0.8333333333333334,0.0
AAAOPP13416000071110,12.0,0.0,12.0,0.0,0.0,1.0,0.0
AAAOPP13416000071113,5.0,0.0,5.0,0.0,1.0,1.0,0.0
AAAOPP13416000071114,10.0,0.0,10.0,0.0,0.0,1.0,0.0
AAAOPP13416000071123,12.0,0.0,11.0,1.0,0.0,0.9166666666666666,0.0
AAAOPP13416000071126,8.0,0.0,8.0,0.0,1.0,1.0,0.0
AAAOPP13416000071136,12.0,0.0,12.0,0.0,0.0,1.0,0.0
AAAOPP13416000071142,10.0,0.0,8.0,2.0,0.0,0.8,0.0
AAAOPP13416000071173,7.0,0.0,7.0,0.0,0.0,1.0,0.0
AAAOPP13416000071181,9.0,1.0,8.0,0.0,0.0,1.1111111111111112,0.1111111111111111
AAAOPP13416000071183,7.0,0.0,7.0,0.0,1.0,1.0,0.0
AAAOPP13416000071187,9.0,3.0,6.0,0.0,0.0,1.3333333333333333,0.3333333333333333
AAAOPP13416000071262,8.0,1.0,7.0,0.0,1.0,1.125,0.125
AAAOPP13416000071276,8.0,2.0,5.0,1.0,0.0,1.125,0.25
AAAOPP13416000071279,8.0,1.0,7.0,0.0,0.0,1.125,0.125
AAAOPP13416000071289,6.0,0.0,2.0,4.0,1.0,0.3333333333333333,0.0
AAAOPP13416000071321,9.0,0.0,9.0,0.0,0.0,1.0,0.0
AAAOPP13416000071325,9.0,1.0,8.0,0.0,2.0,1.1111111111111112,0.1111111111111111
AAAOPP13416000071334,9.0,0.0,9.0,0.0,1.0,1.0,0.0
AAAOPP13416000071362,9.0,0.0,9.0,0.0,0.0,1.0,0.0
AAAOPP13416000071375,11.0,1.0,10.0,0.0,3.0,1.0909090909090908,0.09090909090909091
AAAOPP13416000071403,7.0,1.0,6.0,0.0,0.0,1.1428571428571428,0.14285714285714285
AAAOPP13416000071426,6.0,0.0,6.0,0.0,0.0,1.0,0.0
AAAOPP13416000071491,8.0,2.0,4.0,2.0,2.0,1.0,0.25
AAAOPP13416000071496,5.0,0.0,2.0,3.0,4.0,0.4,0.0
AAAOPP13416000071511,7.0,0.0,7.0,0.0,0.0,1.0,0.0
AAAOPP13416000071512,9.0,1.0,8.0,0.0,3.0,1.1111111111111112,0.1111111111111111
AAAOPP13416000071519,2.0,0.0,0.0,2.0,0.0,0.0,0.0
AAAOPP13416000071532,10.0,0.0,10.0,0.0,0.0,1.0,0.0
AAAOPP13416000071581,7.0,0.0,7.0,0.0,0.0,1.0,0.0
AAAOPP13416000071585,10.0,3.0,7.0,0.0,1.0,1.3,0.3
AAAOPP13416000071586,7.0,0.0,6.0,1.0,1.0,0.8571428571428571,0.0
AAAOPP13416000071588,7.0,2.0,4.0,1.0,0.0,1.1428571428571428,0.2857142857142857
AAAOPP13416000071595,7.0,0.0,4.0,3.0,1.0,0.5714285714285714,0.0
AAAOPP13416000071596,5.0,0.0,3.0,2.0,0.0,0.6,0.0
AAAOPP13416000071598,5.0,0.0,5.0,0.0,2.0,1.0,0.0
AAAOPP13416000071617,14.0,3.0,11.0,0.0,1.0,1.2142857142857142,0.21428571428571427
AAAOPP13416000071627,9.0,0.0,9.0,0.0,5.0,1.0,0.0
AAAOPP13416000071629,7.0,0.0,7.0,0.0,1.0,1.0,0.0
AAAOPP13416000071645,10.0,0.0,10.0,0.0,5.0,1.0,0.0
AAAOPP13416000071653,5.0,0.0,5.0,0.0,0.0,1.0,0.0
AAAOPP13416000071663,9.0,0.0,9.0,0.0,1.0,1.0,0.0
AAAOPP13416000071669,12.0,0.0,12.0,0.0,1.0,1.0,0.0
AAAOPP13416000071683,5.0,0.0,5.0,0.0,0.0,1.0,0.0
AAAOPP13416000071687,14.0,2.0,12.0,0.0,0.0,1.1428571428571428,0.14285714285714285
AAAOPP13416000071702,7.0,0.0,4.0,3.0,1.0,0.5714285714285714,0.0
AAAOPP13416000071777,8.0,0.0,7.0,1.0,4.0,0.875,0.0
AAAOPP13416000071790,7.0,0.0,7.0,0.0,1.0,1.0,0.0
AAAOPP13416000071860,5.0,1.0,4.0,0.0,0.0,1.2,0.2
AAAOPP13416000071881,7.0,0.0,7.0,0.0,1.0,1.0,0.0
AAAOPP13416000071888,5.0,0.0,4.0,1.0,3.0,0.8,0.0
AAAOPP13416000071895,6.0,0.0,6.0,0.0,2.0,1.0,0.0
AAAOPP13416000071905,9.0,2.0,7.0,0.0,2.0,1.2222222222222223,0.2222222222222222
AAAOPP13416000071971,12.0,0.0,12.0,0.0,5.0,1.0,0.0
AAAOPP13416000071983,7.0,0.0,6.0,1.0,3.0,0.8571428571428571,0.0
AAAOPP13416000072022,7.0,0.0,7.0,0.0,5.0,1.0,0.0
AAAOPP13416000072046,7.0,0.0,7.0,0.0,0.0,1.0,0.0
AAAOPP13416000072083,7.0,0.0,6.0,1.0,1.0,0.8571428571428571,0.0
AAAOPP13416000072119,3.0,0.0,3.0,0.0,0.0,1.0,0.0
AAAOPP13416000072155,7.0,0.0,7.0,0.0,4.0,1.0,0.0
AAAOPP13416000072159,9.0,0.0,9.0,0.0,3.0,1.0,0.0
AAAOPP13416000072175,8.0,1.0,7.0,0.0,0.0,1.125,0.125
AAAOPP13416000072186,7.0,0.0,7.0,0.0,3.0,1.0,0.0
AAAOPP13416000072194,11.0,1.0,10.0,0.0,3.0,1.0909090909090908,0.09090909090909091
AAAOPP13416000072205,9.0,0.0,9.0,0.0,1.0,1.0,0.0
AAAOPP13416000072220,8.0,0.0,8.0,0.0,5.0,1.0,0.0
AAAOPP13416000072223,6.0,0.0,6.0,0.0,0.0,1.0,0.0
AAAOPP13416000072241,6.0,0.0,6.0,0.0,3.0,1.0,0.0
AAAOPP13416000072247,11.0,2.0,9.0,0.0,2.0,1.1818181818181819,0.18181818181818182
AAAOPP13416000072265,7.0,0.0,7.0,0.0,2.0,1.0,0.0
AAAOPP13416000072270,9.0,0.0,5.0,4.0,1.0,0.5555555555555556,0.0
AAAOPP13416000072293,15.0,7.0,8.0,0.0,5.0,1.4666666666666666,0.4666666666666667
AAAOPP13416000072295,6.0,0.0,6.0,0.0,1.0,1.0,0.0
AAAOPP13416000072306,9.0,0.0,7.0,2.0,3.0,0.7777777777777778,0.0
AAAOPP13416000072332,13.0,3.0,10.0,0.0,0.0,1.2307692307692308,0.23076923076923078
AAAOPP13416000072346,8.0,0.0,8.0,0.0,3.0,1.0,0.0
AAAOPP13416000072394,7.0,1.0,6.0,0.0,4.0,1.1428571428571428,0.14285714285714285
AAAOPP13416000072398,5.0,0.0,5.0,0.0,1.0,1.0,0.0
AAAOPP13416000072406,9.0,0.0,9.0,0.0,3.0,1.0,0.0
AAAOPP13416000072435,2.0,0.0,2.0,0.0,0.0,1.0,0.0
AAAOPP13416000072437,7.0,0.0,7.0,0.0,1.0,1.0,0.0
AAAOPP13416000072440,10.0,3.0,7.0,0.0,4.0,1.3,0.3
AAAOPP13416000072451,4.0,0.0,4.0,0.0,0.0,1.0,0.0
AAAOPP13416000072452,9.0,0.0,9.0,0.0,5.0,1.0,0.0
AAAOPP13416000072486,6.0,0.0,6.0,0.0,3.0,1.0,0.0
AAAOPP13416000072517,9.0,0.0,9.0,0.0,3.0,1.0,0.0
AAAOPP13416000072528,1.0,0.0,0.0,1.0,0.0,0.0,0.0
AAAOPP13416000072541,8.0,0.0,8.0,0.0,0.0,1.0,0.0
AAAOPP13416000072545,1.0,0.0,0.0,1.0,0.0,0.0,0.0
AAAOPP13416000072637,9.0,0.0,9.0,0.0,5.0,1.0,0.0
AAAOPP13416000072644,8.0,0.0,8.0,0.0,2.0,1.0,0.0
AAAOPP13416000072674,4.0,0.0,4.0,0.0,0.0,1.0,0.0
AAAOPP13416000072678,5.0,0.0,5.0,0.0,3.0,1.0,0.0
AAAOPP13416000072686,1.0,0.0,1.0,0.0,0.0,1.0,0.0
AAAOPP13416000072703,8.0,1.0,6.0,1.0,0.0,1.0,0.125
AAAOPP13416000072716,1.0,0.0,1.0,0.0,0.0,1.0,0.0
AAAOPP13416000072720,9.0,0.0,9.0,0.0,2.0,1.0,0.0
AAAOPP13416000072744,8.0,1.0,7.0,0.0,0.0,1.125,0.125
AAAOPP13416000072763,8.0,0.0,8.0,0.0,2.0,1.0,0.0
AAAOPP13416000072764,5.0,0.0,5.0,0.0,0.0,1.0,0.0
AAAOPP13416000072770,10.0,1.0,9.0,0.0,3.0,1.1,0.1
AAAOPP13416000072800,13.0,0.0,13.0,0.0,9.0,1.0,0.0
AAAOPP13416000072859,9.0,0.0,9.0,0.0,2.0,1.0,0.0
AAAOPP13416000072877,4.0,0.0,3.0,1.0,0.0,0.75,0.0
AAAOPP13416000073958,5.0,0.0,5.0,0.0,3.0,1.0,0.0
AAAOPP13416000073961,7.0,0.0,7.0,0.0,0.0,1.0,0.0
AAAOPP13416000074036,4.0,0.0,4.0,0.0,2.0,1.0,0.0
AAAOPP13416000074064,7.0,0.0,7.0,0.0,5.0,1.0,0.0
AAAOPP13416000074087,3.0,0.0,1.0,2.0,0.0,0.3333333333333333,0.0
AAAOPP13416000074115,4.0,1.0,3.0,0.0,0.0,1.25,0.25
AAAOPP13416000074126,8.0,0.0,8.0,0.0,3.0,1.0,0.0
AAAOPP13416000074156,2.0,0.0,2.0,0.0,0.0,1.0,0.0
AAAOPP13416000074173,4.0,0.0,4.0,0.0,1.0,1.0,0.0
AAAOPP13416000074175,11.0,0.0,11.0,0.0,3.0,1.0,0.0
AAAOPP13416000074224,1.0,0.0,0.0,1.0,0.0,0.0,0.0
AAAOPP13416000074300,5.0,0.0,5.0,0.0,1.0,1.0,0.0
AAAOPP13416000074327,4.0,1.0,3.0,0.0,1.0,1.25,0.25
AAAOPP13416000074354,1.0,0.0,0.0,1.0,0.0,0.0,0.0
AAAOPP13416000074416,4.0,0.0,4.0,0.0,0.0,1.0,0.0
AAAOPP13416000074421,11.0,0.0,9.0,2.0,1.0,0.8181818181818182,0.0
AAAOPP13416000074433,11.0,0.0,11.0,0.0,0.0,1.0,0.0
AAAOPP13416000074454,4.0,1.0,2.0,1.0,1.0,1.0,0.25
AAAOPP13416000074499,3.0,0.0,3.0,0.0,1.0,1.0,0.0
AAAOPP13416000074507,4.0,0.0,4.0,0.0,0.0,1.0,0.0
AAAOPP13416000074525,4.0,0.0,4.0,0.0,0.0,1.0,0.0
AAAOPP13416000074572,13.0,0.0,13.0,0.0,0.0,1.0,0.0
AAAOPP13416000074575,8.0,1.0,7.0,0.0,0.0,1.125,0.125
AAAOPP13416000074610,9.0,0.0,9.0,0.0,1.0,1.0,0.0
AAAOPP13416000074618,8.0,0.0,7.0,1.0,3.0,0.875,0.0
AAAOPP13416000074619,4.0,0.0,4.0,0.0,0.0,1.0,0.0
AAAOPP13416000074634,5.0,0.0,4.0,1.0,0.0,0.8,0.0
AAAOPP13416000074685,7.0,3.0,4.0,0.0,0.0,1.4285714285714286,0.42857142857142855
AAAOPP13416000074719,8.0,0.0,8.0,0.0,1.0,1.0,0.0
AAAOPP13416000074762,5.0,0.0,5.0,0.0,0.0,1.0,0.0
AAAOPP13416000074775,7.0,0.0,7.0,0.0,0.0,1.0,0.0
AAAOPP13416000074886,7.0,0.0,7.0,0.0,0.0,1.0,0.0
AAAOPP13416000074959,6.0,0.0,2.0,4.0,0.0,0.3333333333333333,0.0
AAAOPP13416000074979,9.0,0.0,9.0,0.0,3.0,1.0,0.0
AAAOPP13416000075025,10.0,2.0,8.0,0.0,1.0,1.2,0.2
AAAOPP13416000075099,6.0,0.0,5.0,1.0,3.0,0.8333333333333334,0.0
AAAOPP13416000075134,12.0,0.0,12.0,0.0,1.0,1.0,0.0
AAAOPP13416000075190,9.0,0.0,9.0,0.0,0.0,1.0,0.0
AAAOPP13416000075202,7.0,1.0,6.0,0.0,0.0,1.1428571428571428,0.14285714285714285
AAAOPP13416000075304,7.0,0.0,7.0,0.0,0.0,1.0,0.0
AAAOPP13416000075426,9.0,0.0,9.0,0.0,1.0,1.0,0.0
AAAOPP13416000075452,8.0,1.0,7.0,0.0,0.0,1.125,0.125
AAAOPP13416000075506,12.0,0.0,12.0,0.0,1.0,1.0,0.0
AAAOPP13416000075536,8.0,0.0,8.0,0.0,0.0,1.0,0.0
AAAOPP13416000075685,10.0,0.0,10.0,0.0,1.0,1.0,0.0
AAAOPP13416000075770,9.0,0.0,9.0,0.0,1.0,1.0,0.0
AAAOPP13416000075811,3.0,0.0,3.0,0.0,1.0,1.0,0.0
AAAOPP13416000075863,9.0,0.0,9.0,0.0,0.0,1.0,0.0
AAAOPP13416000075942,8.0,4.0,4.0,0.0,0.0,1.5,0.5
AAAOPP13416000075970,8.0,0.0,8.0,0.0,5.0,1.0,0.0
AAAOPP13416000075972,9.0,0.0,9.0,0.0,3.0,1.0,0.0
AAAOPP13416000075973,8.0,0.0,8.0,0.0,1.0,1.0,0.0
AAAOPP13416000076020,7.0,0.0,7.0,0.0,0.0,1.0,0.0
AAAOPP13416000076313,17.0,13.0,4.0,0.0,3.0,1.7647058823529411,0.7647058823529411
AAAOPP13416000076435,9.0,3.0,6.0,0.0,0.0,1.3333333333333333,0.3333333333333333
AAAOPP13416000076444,11.0,0.0,11.0,0.0,0.0,1.0,0.0
AAAOPP13416000076538,10.0,5.0,5.0,0.0,2.0,1.5,0.5
AAAOPP13416000076542,7.0,0.0,6.0,1.0,3.0,0.8571428571428571,0.0
AAAOPP13416000076560,11.0,0.0,11.0,0.0,1.0,1.0,0.0
AAAOPP13416000076707,9.0,3.0,6.0,0.0,0.0,1.3333333333333333,0.3333333333333333
AAAOPP13416000076818,5.0,0.0,5.0,0.0,0.0,1.0,0.0
AAAOPP13416000076843,11.0,1.0,8.0,2.0,4.0,0.9090909090909091,0.09090909090909091
AAAOPP13416000076872,7.0,4.0,3.0,0.0,1.0,1.5714285714285714,0.5714285714285714
AAAOPP13416000076940,9.0,2.0,7.0,0.0,7.0,1.2222222222222223,0.2222222222222222
AAAOPP13416000077149,9.0,4.0,5.0,0.0,0.0,1.4444444444444444,0.4444444444444444
AAAOPP13416000077174,5.0,0.0,4.0,1.0,0.0,0.8,0.0
AAAOPP13416000077238,10.0,0.0,9.0,1.0,0.0,0.9,0.0
AAAOPP13416000077294,6.0,0.0,2.0,4.0,1.0,0.3333333333333333,0.0
AAAOPP13416000078064,4.0,0.0,4.0,0.0,4.0,1.0,0.0
AAAOPP13416000078979,5.0,0.0,0.0,5.0,0.0,0.0,0.0
AAAOPP13416000079356,9.0,0.0,7.0,2.0,1.0,0.7777777777777778,0.0
AAAOPP13416000079387,16.0,1.0,15.0,0.0,4.0,1.0625,0.0625
AAAOPP13416000079578,13.0,0.0,13.0,0.0,2.0,1.0,0.0
AAAOPP13416000079672,9.0,0.0,9.0,0.0,1.0,1.0,0.0
AAAOPP13416000079740,9.0,0.0,9.0,0.0,1.0,1.0,0.0
AAAOPP13416000079747,12.0,0.0,5.0,7.0,2.0,0.4166666666666667,0.0
AAAOPP13416000079756,9.0,0.0,3.0,6.0,1.0,0.3333333333333333,0.0
AAAOPP13416000079783,2.0,0.0,0.0,2.0,2.0,0.0,0.0
AAAOPP13416000080014,10.0,0.0,6.0,4.0,1.0,0.6,0.0
AAAOPP13416000080028,6.0,0.0,6.0,0.0,1.0,1.0,0.0
AAAOPP13416000080094,3.0,0.0,0.0,3.0,0.0,0.0,0.0
AAAOPP13416000080228,7.0,0.0,2.0,5.0,0.0,0.2857142857142857,0.0
AAAOPP13416000080238,7.0,1.0,6.0,0.0,0.0,1.1428571428571428,0.14285714285714285
AAAOPP13416000080258,5.0,0.0,2.0,3.0,0.0,0.4,0.0
AAAOPP13416000080335,12.0,0.0,7.0,5.0,2.0,0.5833333333333334,0.0
AAAOPP13416000080677,5.0,0.0,5.0,0.0,1.0,1.0,0.0
AAAOPP13416000080679,10.0,2.0,7.0,1.0,0.0,1.1,0.2
AAAOPP13416000080726,7.0,0.0,2.0,5.0,0.0,0.2857142857142857,0.0
AAAOPP13416000080762,5.0,0.0,5.0,0.0,0.0,1.0,0.0
AAAOPP13416000080771,6.0,3.0,3.0,0.0,0.0,1.5,0.5
AAAOPP13416000080776,10.0,3.0,7.0,0.0,3.0,1.3,0.3
AAAOPP13416000080808,8.0,0.0,4.0,4.0,0.0,0.5,0.0
AAAOPP13416000080854,11.0,0.0,11.0,0.0,0.0,1.0,0.0
AAAOPP13416000080894,9.0,0.0,8.0,1.0,5.0,0.8888888888888888,0.0
AAAOPP13416000080906,6.0,0.0,6.0,0.0,1.0,1.0,0.0
AAAOPP13416000080950,11.0,0.0,10.0,1.0,0.0,0.9090909090909091,0.0
AAAOPP13416000080953,8.0,0.0,8.0,0.0,3.0,1.0,0.0
AAAOPP13416000081008,8.0,0.0,4.0,4.0,2.0,0.5,0.0
AAAOPP13416000081042,9.0,5.0,4.0,0.0,0.0,1.5555555555555556,0.5555555555555556
AAAOPP13416000081078,9.0,0.0,9.0,0.0,0.0,1.0,0.0
AAAOPP13416000081138,11.0,0.0,11.0,0.0,6.0,1.0,0.0
AAAOPP13416000081167,10.0,2.0,8.0,0.0,0.0,1.2,0.2
AAAOPP13416000081168,1.0,0.0,1.0,0.0,0.0,1.0,0.0
AAAOPP13416000081178,9.0,0.0,9.0,0.0,1.0,1.0,0.0
AAAOPP13416000081287,8.0,0.0,8.0,0.0,0.0,1.0,0.0
AAAOPP13416000081333,11.0,0.0,11.0,0.0,0.0,1.0,0.0
AAAOPP13416000081828,10.0,0.0,9.0,1.0,0.0,0.9,0.0
AAAOPP13416000081909,4.0,0.0,2.0,2.0,0.0,0.5,0.0
AAAOPP13416000081921,7.0,0.0,4.0,3.0,1.0,0.5714285714285714,0.0
AAAOPP13416000081931,7.0,0.0,0.0,7.0,0.0,0.0,0.0
AAAOPP13416000081945,8.0,0.0,8.0,0.0,1.0,1.0,0.0
AAAOPP13416000081972,5.0,1.0,4.0,0.0,0.0,1.2,0.2
AAAOPP13416000081998,8.0,0.0,7.0,1.0,1.0,0.875,0.0
AAAOPP13416000082036,13.0,2.0,11.0,0.0,0.0,1.1538461538461537,0.15384615384615385
AAAOPP13416000082047,8.0,0.0,8.0,0.0,1.0,1.0,0.0
AAAOPP13416000082060,9.0,0.0,5.0,4.0,0.0,0.5555555555555556,0.0
AAAOPP13416000082116,8.0,0.0,8.0,0.0,0.0,1.0,0.0
AAAOPP13416000082169,6.0,0.0,5.0,1.0,0.0,0.8333333333333334,0.0
AAAOPP13416000082456,5.0,0.0,5.0,0.0,0.0,1.0,0.0
AAAOPP13416000082457,6.0,0.0,6.0,0.0,0.0,1.0,0.0
AAAOPP13416000082483,9.0,0.0,9.0,0.0,0.0,1.0,0.0
AAAOPP13416000082535,7.0,0.0,7.0,0.0,0.0,1.0,0.0
AAAOPP13416000082603,6.0,0.0,6.0,0.0,0.0,1.0,0.0
AAAOPP13416000082633,7.0,0.0,7.0,0.0,0.0,1.0,0.0
AAAOPP13416000082688,9.0,1.0,8.0,0.0,0.0,1.1111111111111112,0.1111111111111111
AAAOPP13416000082719,5.0,0.0,5.0,0.0,2.0,1.0,0.0
AAAOPP13416000082749,11.0,0.0,9.0,2.0,3.0,0.8181818181818182,0.0
AAAOPP13416000082799,9.0,0.0,5.0,4.0,2.0,0.5555555555555556,0.0
AAAOPP13416000082801,11.0,0.0,11.0,0.0,0.0,1.0,0.0
AAAOPP13416000082805,9.0,0.0,9.0,0.0,0.0,1.0,0.0
AAAOPP13416000082830,8.0,0.0,8.0,0.0,1.0,1.0,0.0
AAAOPP13416000082902,11.0,0.0,11.0,0.0,2.0,1.0,0.0
AAAOPP13416000082940,7.0,0.0,7.0,0.0,1.0,1.0,0.0
AAAOPP13416000082976,7.0,0.0,7.0,0.0,0.0,1.0,0.0
AAAOPP13416000083002,6.0,0.0,6.0,0.0,2.0,1.0,0.0
AAAOPP13416000083035,9.0,0.0,9.0,0.0,1.0,1.0,0.0
AAAOPP13416000083049,11.0,0.0,11.0,0.0,0.0,1.0,0.0
AAAOPP13416000083199,8.0,0.0,7.0,1.0,1.0,0.875,0.0
AAAOPP13416000083283,10.0,0.0,10.0,0.0,1.0,1.0,0.0
AAAOPP13416000083293,14.0,9.0,5.0,0.0,0.0,1.6428571428571428,0.6428571428571429
AAAOPP13416000083408,15.0,1.0,14.0,0.0,1.0,1.0666666666666667,0.06666666666666667
AAAOPP13416000083435,11.0,1.0,10.0,0.0,0.0,1.0909090909090908,0.09090909090909091
AAAOPP13416000083448,11.0,1.0,10.0,0.0,1.0,1.0909090909090908,0.09090909090909091
AAAOPP13416000083478,9.0,3.0,6.0,0.0,0.0,1.3333333333333333,0.3333333333333333
AAAOPP13416000083618,11.0,0.0,11.0,0.0,5.0,1.0,0.0
AAAOPP13416000083620,13.0,0.0,13.0,0.0,1.0,1.0,0.0
AAAOPP13416000083629,11.0,5.0,6.0,0.0,4.0,1.4545454545454546,0.45454545454545453
AAAOPP13416000083677,9.0,0.0,9.0,0.0,6.0,1.0,0.0
AAAOPP13416000083717,7.0,0.0,6.0,1.0,3.0,0.8571428571428571,0.0
AAAOPP13416000083764,11.0,7.0,4.0,0.0,2.0,1.6363636363636365,0.6363636363636364
AAAOPP13416000083815,9.0,2.0,7.0,0.0,4.0,1.2222222222222223,0.2222222222222222
AAAOPP13416000083844,7.0,1.0,6.0,0.0,2.0,1.1428571428571428,0.14285714285714285
AAAOPP13416000084189,9.0,3.0,6.0,0.0,4.0,1.3333333333333333,0.3333333333333333
AAAOPP13416000084218,8.0,0.0,7.0,1.0,5.0,0.875,0.0
AAAOPP13416000086387,9.0,0.0,9.0,0.0,1.0,1.0,0.0
AAAOPP13416000086510,9.0,0.0,9.0,0.0,0.0,1.0,0.0
AAAOPP13416000086524,5.0,0.0,5.0,0.0,1.0,1.0,0.0
AAAOPP13416000086532,9.0,0.0,8.0,1.0,2.0,0.8888888888888888,0.0
AAAOPP13416000086695,7.0,0.0,5.0,2.0,0.0,0.7142857142857143,0.0
AAAOPP13416000086745,9.0,1.0,8.0,0.0,2.0,1.1111111111111112,0.1111111111111111
AAAOPP13416000086761,15.0,0.0,14.0,1.0,1.0,0.9333333333333333,0.0
AAAOPP13416000086763,8.0,0.0,7.0,1.0,2.0,0.875,0.0
AAAOPP13416000086860,8.0,0.0,8.0,0.0,3.0,1.0,0.0
AAAOPP13416000087421,10.0,3.0,7.0,0.0,1.0,1.3,0.3
AAAOPP13416000087515,10.0,3.0,7.0,0.0,3.0,1.3,0.3
AAAOPP13416000087839,11.0,0.0,11.0,0.0,6.0,1.0,0.0
AAAOPP13416000087851,16.0,0.0,12.0,4.0,5.0,0.75,0.0
AAAOPP13416000087887,9.0,0.0,9.0,0.0,2.0,1.0,0.0
AAAOPP13416000087900,18.0,3.0,15.0,0.0,5.0,1.1666666666666667,0.16666666666666666
AAAOPP13416000087905,17.0,1.0,16.0,0.0,5.0,1.0588235294117647,0.058823529411764705
AAAOPP13416000087935,9.0,0.0,9.0,0.0,6.0,1.0,0.0
AAAOPP13416000087951,12.0,0.0,8.0,4.0,5.0,0.6666666666666666,0.0
AAAOPP13416000087964,10.0,0.0,10.0,0.0,4.0,1.0,0.0
AAAOPP13416000087980,9.0,0.0,5.0,4.0,2.0,0.5555555555555556,0.0
AAAOPP13416000087982,10.0,0.0,6.0,4.0,1.0,0.6,0.0
AAAOPP13416000088037,8.0,2.0,6.0,0.0,3.0,1.25,0.25
AAAOPP13416000088038,12.0,0.0,12.0,0.0,2.0,1.0,0.0
AAAOPP13416000088118,7.0,2.0,5.0,0.0,0.0,1.2857142857142858,0.2857142857142857
AAAOPP13416000088135,12.0,0.0,12.0,0.0,7.0,1.0,0.0
AAAOPP13416000088139,11.0,0.0,11.0,0.0,8.0,1.0,0.0
AAAOPP13416000088148,9.0,0.0,9.0,0.0,4.0,1.0,0.0
AAAOPP13416000088234,11.0,0.0,11.0,0.0,0.0,1.0,0.0
AAAOPP13416000088294,10.0,1.0,9.0,0.0,0.0,1.1,0.1
AAAOPP13416000088410,7.0,0.0,7.0,0.0,0.0,1.0,0.0
AAAOPP13416000088417,7.0,0.0,7.0,0.0,2.0,1.0,0.0
AAAOPP13416000089069,10.0,0.0,10.0,0.0,0.0,1.0,0.0
AAAOPP13416000089099,10.0,0.0,10.0,0.0,0.0,1.0,0.0
AAAOPP13416000090270,17.0,2.0,15.0,0.0,0.0,1.1176470588235294,0.11764705882352941
AAAOPP13416000090273,16.0,2.0,14.0,0.0,4.0,1.125,0.125
AAAOPP13416000090285,13.0,5.0,8.0,0.0,0.0,1.3846153846153846,0.38461538461538464
AAAOPP13416000090294,16.0,6.0,10.0,0.0,0.0,1.375,0.375
AAAOPP13416000090330,12.0,6.0,6.0,0.0,1.0,1.5,0.5
AAAOPP13416000090574,8.0,0.0,8.0,0.0,1.0,1.0,0.0
AAAOPP13416000090750,7.0,0.0,7.0,0.0,0.0,1.0,0.0
AAAOPP13416000090869,9.0,1.0,8.0,0.0,0.0,1.1111111111111112,0.1111111111111111
AAAOPP13416000090897,9.0,1.0,8.0,0.0,0.0,1.1111111111111112,0.1111111111111111
AAAOPP13416000090979,10.0,1.0,9.0,0.0,1.0,1.1,0.1
AAAOPP13416000093093,5.0,0.0,4.0,1.0,1.0,0.8,0.0
AAAOPP13416000093359,7.0,0.0,7.0,0.0,0.0,1.0,0.0
AAAOPP13416000093514,9.0,0.0,9.0,0.0,5.0,1.0,0.0
AAAOPP13416000093877,12.0,0.0,12.0,0.0,0.0,1.0,0.0
AAAOPP13416000093889,13.0,0.0,13.0,0.0,1.0,1.0,0.0
AAAOPP13416000093901,15.0,4.0,11.0,0.0,3.0,1.2666666666666666,0.26666666666666666
AAAOPP13416000093954,16.0,2.0,14.0,0.0,1.0,1.125,0.125
AAAOPP13416000093969,18.0,7.0,11.0,0.0,3.0,1.3888888888888888,0.3888888888888889
AAAOPP13416000094010,13.0,0.0,13.0,0.0,1.0,1.0,0.0
AAAOPP13416000094037,17.0,5.0,12.0,0.0,1.0,1.2941176470588236,0.29411764705882354
AAAOPP13416000095284,16.0,1.0,15.0,0.0,2.0,1.0625,0.0625
AAAOPP13416000095326,12.0,1.0,11.0,0.0,2.0,1.0833333333333333,0.08333333333333333
AAAOPP13416000095868,10.0,0.0,9.0,1.0,0.0,0.9,0.0
AAAOPP13416000095871,10.0,0.0,8.0,2.0,0.0,0.8,0.0
AAAOPP13416000096820,6.0,0.0,6.0,0.0,1.0,1.0,0.0
AAAOPP13416000096948,11.0,2.0,9.0,0.0,0.0,1.1818181818181819,0.18181818181818182
AAAOPP13416000097001,11.0,0.0,11.0,0.0,0.0,1.0,0.0
AAAOPP13416000097875,11.0,0.0,11.0,0.0,2.0,1.0,0.0
AAAOPP13416000098001,8.0,0.0,8.0,0.0,2.0,1.0,0.0
AAAOPP13416000098089,9.0,1.0,8.0,0.0,1.0,1.1111111111111112,0.1111111111111111
AAAOPP13416000098118,9.0,2.0,7.0,0.0,1.0,1.2222222222222223,0.2222222222222222
AAAOPP13416000098390,9.0,1.0,8.0,0.0,0.0,1.1111111111111112,0.1111111111111111
AAAOPP13416000098444,8.0,0.0,8.0,0.0,1.0,1.0,0.0
AAAOPP13416000098462,4.0,0.0,3.0,1.0,1.0,0.75,0.0
AAAOPP13416000099166,3.0,0.0,3.0,0.0,0.0,1.0,0.0
AAAOPP13416000099177,10.0,0.0,10.0,0.0,5.0,1.0,0.0
AAAOPP13416000099209,9.0,0.0,9.0,0.0,0.0,1.0,0.0
AAAOPP13416000099220,3.0,0.0,3.0,0.0,1.0,1.0,0.0
AAAOPP13416000099234,9.0,0.0,7.0,2.0,5.0,0.7777777777777778,0.0
AAAOPP13416000099251,3.0,0.0,3.0,0.0,2.0,1.0,0.0
AAAOPP13416000099257,7.0,2.0,5.0,0.0,0.0,1.2857142857142858,0.2857142857142857
AAAOPP13416000099265,2.0,0.0,1.0,1.0,0.0,0.5,0.0
AAAOPP13416000099279,1.0,0.0,0.0,1.0,0.0,0.0,0.0
AAAOPP13416000099308,19.0,10.0,9.0,0.0,2.0,1.5263157894736843,0.5263157894736842
AAAOPP13416000099315,11.0,10.0,1.0,0.0,2.0,1.9090909090909092,0.9090909090909091
AAAOPP13416000099324,1.0,0.0,1.0,0.0,0.0,1.0,0.0
AAAOPP13416000099332,5.0,0.0,5.0,0.0,0.0,1.0,0.0
AAAOPP13416000099353,3.0,0.0,3.0,0.0,1.0,1.0,0.0
AAAOPP13416000099376,8.0,1.0,7.0,0.0,0.0,1.125,0.125
AAAOPP13416000099390,10.0,0.0,10.0,0.0,3.0,1.0,0.0
AAAOPP13416000099520,8.0,4.0,4.0,0.0,0.0,1.5,0.5
AAAOPP13416000099584,9.0,0.0,9.0,0.0,2.0,1.0,0.0
AAAOPP13416000099651,9.0,6.0,3.0,0.0,0.0,1.6666666666666667,0.6666666666666666
AAAOPP13416000099680,4.0,0.0,4.0,0.0,1.0,1.0,0.0
AAAOPP13416000099693,8.0,3.0,5.0,0.0,0.0,1.375,0.375
AAAOPP13416000099728,12.0,0.0,12.0,0.0,1.0,1.0,0.0
AAAOPP13416000099748,10.0,7.0,3.0,0.0,4.0,1.7,0.7
AAAOPP13416000099758,9.0,5.0,4.0,0.0,0.0,1.5555555555555556,0.5555555555555556
AAAOPP13416000099792,7.0,4.0,3.0,0.0,4.0,1.5714285714285714,0.5714285714285714
AAAOPP13416000099799,8.0,0.0,8.0,0.0,0.0,1.0,0.0
AAAOPP13416000099807,10.0,2.0,8.0,0.0,1.0,1.2,0.2
AAAOPP13416000099849,9.0,9.0,0.0,0.0,0.0,2.0,1.0
AAAOPP13416000099936,4.0,0.0,4.0,0.0,1.0,1.0,0.0
AAAOPP13416000100042,11.0,1.0,10.0,0.0,3.0,1.0909090909090908,0.09090909090909091
AAAOPP13416000100060,9.0,2.0,7.0,0.0,0.0,1.2222222222222223,0.2222222222222222
AAAOPP13416000100072,9.0,8.0,1.0,0.0,0.0,1.8888888888888888,0.8888888888888888
AAAOPP13416000100121,11.0,7.0,4.0,0.0,0.0,1.6363636363636365,0.6363636363636364
AAAOPP13416000100250,8.0,0.0,8.0,0.0,6.0,1.0,0.0
AAAOPP13416000100279,5.0,0.0,5.0,0.0,1.0,1.0,0.0
AAAOPP13416000100434,2.0,0.0,1.0,1.0,0.0,0.5,0.0
AAAOPP13416000100435,4.0,0.0,0.0,4.0,4.0,0.0,0.0
AAAOPP13416000100471,12.0,4.0,8.0,0.0,3.0,1.3333333333333333,0.3333333333333333
AAAOPP13416000100498,14.0,0.0,14.0,0.0,3.0,1.0,0.0
AAAOPP13416000100515,12.0,0.0,12.0,0.0,1.0,1.0,0.0
AAAOPP13416000100529,12.0,7.0,5.0,0.0,1.0,1.5833333333333333,0.5833333333333334
AAAOPP13416000100543,12.0,6.0,6.0,0.0,2.0,1.5,0.5
AAAOPP13416000100576,9.0,2.0,7.0,0.0,3.0,1.2222222222222223,0.2222222222222222
AAAOPP13416000100583,10.0,0.0,10.0,0.0,4.0,1.0,0.0
AAAOPP13416000100640,9.0,0.0,9.0,0.0,0.0,1.0,0.0
AAAOPP13416000100670,11.0,1.0,10.0,0.0,0.0,1.0909090909090908,0.09090909090909091
AAAOPP13416000100679,5.0,0.0,5.0,0.0,2.0,1.0,0.0
AAAOPP13416000100681,10.0,0.0,10.0,0.0,5.0,1.0,0.0
AAAOPP13416000100777,6.0,2.0,4.0,0.0,2.0,1.3333333333333333,0.3333333333333333
AAAOPP13416000100787,7.0,0.0,6.0,1.0,0.0,0.8571428571428571,0.0
AAAOPP13416000100825,6.0,1.0,5.0,0.0,0.0,1.1666666666666667,0.16666666666666666
AAAOPP13416000100829,15.0,1.0,13.0,1.0,1.0,1.0,0.06666666666666667
AAAOPP13416000100871,7.0,0.0,7.0,0.0,0.0,1.0,0.0
AAAOPP13416000100887,8.0,0.0,7.0,1.0,0.0,0.875,0.0
AAAOPP13416000100919,11.0,1.0,10.0,0.0,5.0,1.0909090909090908,0.09090909090909091
AAAOPP13416000100923,6.0,0.0,6.0,0.0,0.0,1.0,0.0
AAAOPP13416000100936,8.0,2.0,6.0,0.0,5.0,1.25,0.25
AAAOPP13416000100941,9.0,3.0,6.0,0.0,0.0,1.3333333333333333,0.3333333333333333
AAAOPP13416000101007,7.0,0.0,7.0,0.0,0.0,1.0,0.0
AAAOPP13416000101011,7.0,2.0,5.0,0.0,0.0,1.2857142857142858,0.2857142857142857
AAAOPP13416000101024,6.0,0.0,1.0,5.0,1.0,0.16666666666666666,0.0
AAAOPP13416000101033,7.0,5.0,2.0,0.0,0.0,1.7142857142857142,0.7142857142857143
AAAOPP13416000101054,10.0,3.0,7.0,0.0,0.0,1.3,0.3
AAAOPP13416000101062,11.0,5.0,6.0,0.0,3.0,1.4545454545454546,0.45454545454545453
AAAOPP13416000101064,7.0,0.0,6.0,1.0,3.0,0.8571428571428571,0.0
AAAOPP13416000101087,9.0,4.0,5.0,0.0,2.0,1.4444444444444444,0.4444444444444444
AAAOPP13416000101099,6.0,0.0,5.0,1.0,0.0,0.8333333333333334,0.0
AAAOPP13416000101112,9.0,0.0,9.0,0.0,6.0,1.0,0.0
AAAOPP13416000101318,5.0,2.0,3.0,0.0,0.0,1.4,0.4
AAAOPP13416000101327,10.0,6.0,4.0,0.0,1.0,1.6,0.6
AAAOPP13416000101332,7.0,0.0,7.0,0.0,0.0,1.0,0.0
AAAOPP13416000101363,11.0,1.0,10.0,0.0,0.0,1.0909090909090908,0.09090909090909091
AAAOPP13416000101501,8.0,0.0,7.0,1.0,0.0,0.875,0.0
AAAOPP13416000101515,9.0,0.0,9.0,0.0,0.0,1.0,0.0
AAAOPP13416000101572,9.0,1.0,8.0,0.0,0.0,1.1111111111111112,0.1111111111111111
AAAOPP13416000101586,5.0,0.0,5.0,0.0,0.0,1.0,0.0
AAAOPP13416000101605,7.0,1.0,6.0,0.0,2.0,1.1428571428571428,0.14285714285714285
AAAOPP13416000101648,9.0,3.0,6.0,0.0,2.0,1.3333333333333333,0.3333333333333333
AAAOPP13416000101732,7.0,1.0,6.0,0.0,0.0,1.1428571428571428,0.14285714285714285
AAAOPP13416000101756,10.0,4.0,6.0,0.0,0.0,1.4,0.4
AAAOPP13416000101762,10.0,1.0,9.0,0.0,0.0,1.1,0.1
AAAOPP13416000101826,7.0,2.0,5.0,0.0,0.0,1.2857142857142858,0.2857142857142857
AAAOPP13416000101913,8.0,2.0,6.0,0.0,0.0,1.25,0.25
AAAOPP13416000101988,9.0,3.0,6.0,0.0,1.0,1.3333333333333333,0.3333333333333333
AAAOPP13416000101996,12.0,0.0,12.0,0.0,1.0,1.0,0.0
AAAOPP13416000102008,13.0,0.0,13.0,0.0,1.0,1.0,0.0
AAAOPP13416000102068,14.0,9.0,5.0,0.0,3.0,1.6428571428571428,0.6428571428571429
AAAOPP13416000102106,13.0,0.0,13.0,0.0,0.0,1.0,0.0
AAAOPP13416000102118,10.0,2.0,8.0,0.0,1.0,1.2,0.2
AAAOPP13416000102141,15.0,2.0,13.0,0.0,0.0,1.1333333333333333,0.13333333333333333
AAAOPP13416000102142,7.0,0.0,7.0,0.0,2.0,1.0,0.0
AAAOPP13416000102145,3.0,0.0,3.0,0.0,1.0,1.0,0.0
AAAOPP13416000102184,12.0,0.0,12.0,0.0,0.0,1.0,0.0
AAAOPP13416000102187,7.0,0.0,7.0,0.0,0.0,1.0,0.0
AAAOPP13416000102201,8.0,0.0,8.0,0.0,2.0,1.0,0.0
AAAOPP13416000102254,7.0,0.0,7.0,0.0,1.0,1.0,0.0
AAAOPP13416000102266,8.0,1.0,7.0,0.0,2.0,1.125,0.125
AAAOPP13416000102398,9.0,0.0,9.0,0.0,0.0,1.0,0.0
AAAOPP13416000102429,10.0,3.0,7.0,0.0,0.0,1.3,0.3
AAAOPP13416000102465,11.0,2.0,9.0,0.0,1.0,1.1818181818181819,0.18181818181818182
AAAOPP13416000102508,8.0,0.0,8.0,0.0,1.0,1.0,0.0
AAAOPP13416000102574,8.0,0.0,8.0,0.0,2.0,1.0,0.0
AAAOPP13416000102589,3.0,0.0,1.0,2.0,0.0,0.3333333333333333,0.0
AAAOPP13416000102593,7.0,0.0,7.0,0.0,0.0,1.0,0.0
AAAOPP13416000102629,2.0,0.0,2.0,0.0,0.0,1.0,0.0
AAAOPP13416000102648,4.0,1.0,3.0,0.0,1.0,1.25,0.25
AAAOPP13416000102668,4.0,0.0,0.0,4.0,0.0,0.0,0.0
AAAOPP13416000102703,8.0,0.0,7.0,1.0,0.0,0.875,0.0
AAAOPP13416000102705,6.0,0.0,6.0,0.0,2.0,1.0,0.0
AAAOPP13416000102720,8.0,0.0,8.0,0.0,3.0,1.0,0.0
AAAOPP13416000102841,6.0,0.0,6.0,0.0,0.0,1.0,0.0
AAAOPP13416000102887,12.0,0.0,12.0,0.0,7.0,1.0,0.0
AAAOPP13416000102899,12.0,0.0,11.0,1.0,5.0,0.9166666666666666,0.0
AAAOPP13416000103040,6.0,0.0,6.0,0.0,0.0,1.0,0.0
AAAOPP13416000103085,1.0,0.0,1.0,0.0,0.0,1.0,0.0
AAAOPP13416000103221,8.0,2.0,6.0,0.0,5.0,1.25,0.25
AAAOPP13416000103226,6.0,0.0,6.0,0.0,3.0,1.0,0.0
AAAOPP13416000103313,9.0,0.0,9.0,0.0,0.0,1.0,0.0
AAAOPP13416000103321,9.0,1.0,8.0,0.0,1.0,1.1111111111111112,0.1111111111111111
AAAOPP13416000103364,6.0,4.0,2.0,0.0,2.0,1.6666666666666667,0.6666666666666666
AAAOPP13416000103486,7.0,0.0,3.0,4.0,0.0,0.42857142857142855,0.0
AAAOPP13416000103497,9.0,5.0,4.0,0.0,0.0,1.5555555555555556,0.5555555555555556
AAAOPP13416000103506,12.0,1.0,11.0,0.0,0.0,1.0833333333333333,0.08333333333333333
AAAOPP13416000103511,4.0,0.0,4.0,0.0,0.0,1.0,0.0
AAAOPP13416000103515,9.0,0.0,9.0,0.0,2.0,1.0,0.0
AAAOPP13416000103522,10.0,0.0,10.0,0.0,0.0,1.0,0.0
AAAOPP13416000103526,11.0,2.0,9.0,0.0,0.0,1.1818181818181819,0.18181818181818182
AAAOPP13416000103573,8.0,0.0,8.0,0.0,0.0,1.0,0.0
AAAOPP13416000103593,6.0,0.0,6.0,0.0,0.0,1.0,0.0
AAAOPP13416000103600,12.0,6.0,6.0,0.0,0.0,1.5,0.5
AAAOPP13416000103625,9.0,0.0,8.0,1.0,1.0,0.8888888888888888,0.0
AAAOPP13416000103634,12.0,0.0,12.0,0.0,0.0,1.0,0.0
AAAOPP13416000103681,9.0,1.0,8.0,0.0,0.0,1.1111111111111112,0.1111111111111111
AAAOPP13416000103689,8.0,0.0,8.0,0.0,4.0,1.0,0.0
AAAOPP13416000103727,6.0,0.0,6.0,0.0,0.0,1.0,0.0
AAAOPP13416000103729,4.0,0.0,4.0,0.0,1.0,1.0,0.0
AAAOPP13416000103740,9.0,0.0,9.0,0.0,4.0,1.0,0.0
AAAOPP13416000103773,7.0,0.0,7.0,0.0,1.0,1.0,0.0
AAAOPP13416000103794,10.0,0.0,9.0,1.0,1.0,0.9,0.0
AAAOPP13416000103806,10.0,1.0,9.0,0.0,6.0,1.1,0.1
AAAOPP13416000103813,8.0,0.0,8.0,0.0,0.0,1.0,0.0
AAAOPP13416000103821,9.0,0.0,7.0,2.0,3.0,0.7777777777777778,0.0
AAAOPP13416000103837,6.0,0.0,6.0,0.0,1.0,1.0,0.0
AAAOPP13416000103872,8.0,1.0,7.0,0.0,2.0,1.125,0.125
AAAOPP13416000103890,8.0,0.0,8.0,0.0,2.0,1.0,0.0
AAAOPP13416000103903,2.0,0.0,0.0,2.0,0.0,0.0,0.0
AAAOPP13416000103934,12.0,0.0,12.0,0.0,0.0,1.0,0.0
AAAOPP13416000104006,7.0,0.0,7.0,0.0,1.0,1.0,0.0
AAAOPP13416000104043,12.0,0.0,12.0,0.0,0.0,1.0,0.0
AAAOPP13416000104126,5.0,1.0,4.0,0.0,0.0,1.2,0.2
AAAOPP13416000104141,12.0,0.0,12.0,0.0,3.0,1.0,0.0
AAAOPP13416000104206,12.0,4.0,8.0,0.0,0.0,1.3333333333333333,0.3333333333333333
AAAOPP13416000104238,8.0,0.0,8.0,0.0,0.0,1.0,0.0
AAAOPP13416000104272,6.0,0.0,6.0,0.0,3.0,1.0,0.0
AAAOPP13416000104306,10.0,0.0,10.0,0.0,1.0,1.0,0.0
AAAOPP13416000104352,12.0,1.0,11.0,0.0,4.0,1.0833333333333333,0.08333333333333333
AAAOPP13416000104361,7.0,1.0,6.0,0.0,0.0,1.1428571428571428,0.14285714285714285
AAAOPP13416000104386,8.0,3.0,5.0,0.0,2.0,1.375,0.375
AAAOPP13416000104394,9.0,0.0,9.0,0.0,2.0,1.0,0.0
AAAOPP13416000104440,8.0,0.0,7.0,1.0,1.0,0.875,0.0
AAAOPP13416000104477,14.0,0.0,13.0,1.0,0.0,0.9285714285714286,0.0
AAAOPP13416000104522,9.0,0.0,9.0,0.0,1.0,1.0,0.0
AAAOPP13416000104541,11.0,0.0,11.0,0.0,0.0,1.0,0.0
AAAOPP13416000104832,9.0,3.0,6.0,0.0,1.0,1.3333333333333333,0.3333333333333333
AAAOPP13416000104895,9.0,0.0,9.0,0.0,3.0,1.0,0.0
AAAOPP13416000104907,4.0,0.0,4.0,0.0,3.0,1.0,0.0
AAAOPP13416000104912,12.0,10.0,2.0,0.0,2.0,1.8333333333333333,0.8333333333333334
AAAOPP13416000104951,8.0,2.0,6.0,0.0,6.0,1.25,0.25
AAAOPP13416000104973,2.0,0.0,0.0,2.0,0.0,0.0,0.0
AAAOPP13416000104979,10.0,3.0,7.0,0.0,0.0,1.3,0.3
AAAOPP13416000105039,8.0,0.0,8.0,0.0,1.0,1.0,0.0
AAAOPP13416000105088,10.0,2.0,8.0,0.0,4.0,1.2,0.2
AAAOPP13416000105101,9.0,0.0,9.0,0.0,1.0,1.0,0.0
AAAOPP13416000105113,11.0,0.0,11.0,0.0,2.0,1.0,0.0
AAAOPP13416000105293,9.0,0.0,9.0,0.0,3.0,1.0,0.0
AAAOPP13416000105425,3.0,1.0,2.0,0.0,0.0,1.3333333333333333,0.3333333333333333
AAAOPP13416000105436,7.0,0.0,7.0,0.0,0.0,1.0,0.0
AAAOPP13416000105437,11.0,0.0,11.0,0.0,3.0,1.0,0.0
AAAOPP13416000105473,9.0,4.0,5.0,0.0,0.0,1.4444444444444444,0.4444444444444444
AAAOPP13416000105478,7.0,0.0,7.0,0.0,2.0,1.0,0.0
AAAOPP13416000105748,11.0,6.0,5.0,0.0,1.0,1.5454545454545454,0.5454545454545454
AAAOPP13416000105772,5.0,0.0,5.0,0.0,0.0,1.0,0.0
AAAOPP13416000105788,10.0,2.0,8.0,0.0,2.0,1.2,0.2
AAAOPP13416000105841,9.0,5.0,4.0,0.0,5.0,1.5555555555555556,0.5555555555555556
AAAOPP13416000105927,9.0,0.0,9.0,0.0,0.0,1.0,0.0
AAAOPP13416000106143,10.0,0.0,10.0,0.0,0.0,1.0,0.0
AAAOPP13416000106327,4.0,0.0,4.0,0.0,1.0,1.0,0.0
AAAOPP13416000106565,4.0,0.0,4.0,0.0,2.0,1.0,0.0
AAAOPP13416000106604,3.0,0.0,3.0,0.0,0.0,1.0,0.0
AAAOPP13416000106628,14.0,0.0,14.0,0.0,0.0,1.0,0.0
AAAOPP13416000106647,7.0,0.0,7.0,0.0,0.0,1.0,0.0
AAAOPP13416000106650,11.0,0.0,9.0,2.0,0.0,0.8181818181818182,0.0
AAAOPP13416000106660,8.0,0.0,4.0,4.0,0.0,0.5,0.0
AAAOPP13416000106672,5.0,0.0,5.0,0.0,2.0,1.0,0.0
AAAOPP13416000106685,4.0,0.0,4.0,0.0,3.0,1.0,0.0
AAAOPP13416000106700,6.0,0.0,6.0,0.0,0.0,1.0,0.0
AAAOPP13416000106740,6.0,3.0,3.0,0.0,1.0,1.5,0.5
AAAOPP13416000106742,5.0,0.0,3.0,2.0,1.0,0.6,0.0
AAAOPP13416000106754,12.0,1.0,11.0,0.0,0.0,1.0833333333333333,0.08333333333333333
AAAOPP13416000106794,15.0,4.0,11.0,0.0,0.0,1.2666666666666666,0.26666666666666666
AAAOPP13416000106804,8.0,2.0,6.0,0.0,0.0,1.25,0.25
AAAOPP13416000106905,4.0,0.0,3.0,1.0,0.0,0.75,0.0
AAAOPP13416000106929,5.0,0.0,4.0,1.0,1.0,0.8,0.0
AAAOPP13416000106959,10.0,0.0,10.0,0.0,0.0,1.0,0.0
AAAOPP13416000106997,15.0,3.0,12.0,0.0,8.0,1.2,0.2
AAAOPP13416000107014,8.0,0.0,8.0,0.0,0.0,1.0,0.0
AAAOPP13416000107015,5.0,0.0,3.0,2.0,0.0,0.6,0.0
AAAOPP13416000107039,12.0,0.0,12.0,0.0,4.0,1.0,0.0
AAAOPP13416000107057,6.0,0.0,4.0,2.0,2.0,0.6666666666666666,0.0
AAAOPP13416000107088,11.0,0.0,11.0,0.0,0.0,1.0,0.0
AAAOPP13416000107094,8.0,0.0,8.0,0.0,0.0,1.0,0.0
AAAOPP13416000107120,7.0,0.0,7.0,0.0,0.0,1.0,0.0
AAAOPP13416000107153,5.0,0.0,4.0,1.0,0.0,0.8,0.0
AAAOPP13416000107162,8.0,0.0,6.0,2.0,1.0,0.75,0.0
AAAOPP13416000107200,4.0,0.0,3.0,1.0,0.0,0.75,0.0
AAAOPP13416000107210,9.0,1.0,8.0,0.0,0.0,1.1111111111111112,0.1111111111111111
AAAOPP13416000107234,3.0,0.0,3.0,0.0,1.0,1.0,0.0
AAAOPP13416000107243,9.0,1.0,8.0,0.0,3.0,1.1111111111111112,0.1111111111111111
AAAOPP13416000107266,9.0,4.0,5.0,0.0,0.0,1.4444444444444444,0.4444444444444444
AAAOPP13416000107277,10.0,6.0,4.0,0.0,4.0,1.6,0.6
AAAOPP13416000107278,12.0,1.0,10.0,1.0,2.0,1.0,0.08333333333333333
AAAOPP13416000107285,12.0,0.0,12.0,0.0,1.0,1.0,0.0
AAAOPP13416000107304,9.0,0.0,9.0,0.0,1.0,1.0,0.0
AAAOPP13416000107306,7.0,0.0,4.0,3.0,1.0,0.5714285714285714,0.0
AAAOPP13416000107315,5.0,0.0,5.0,0.0,0.0,1.0,0.0
AAAOPP13416000107338,9.0,0.0,9.0,0.0,1.0,1.0,0.0
AAAOPP13416000107344,2.0,0.0,2.0,0.0,0.0,1.0,0.0
AAAOPP13416000107356,6.0,0.0,2.0,4.0,0.0,0.3333333333333333,0.0
AAAOPP13416000107388,7.0,1.0,5.0,1.0,2.0,1.0,0.14285714285714285
AAAOPP13416000107489,7.0,0.0,5.0,2.0,0.0,0.7142857142857143,0.0
AAAOPP13416000107492,10.0,0.0,10.0,0.0,3.0,1.0,0.0
AAAOPP13416000107503,6.0,0.0,6.0,0.0,0.0,1.0,0.0
AAAOPP13416000107526,11.0,0.0,11.0,0.0,1.0,1.0,0.0
AAAOPP13416000107530,8.0,0.0,8.0,0.0,0.0,1.0,0.0
AAAOPP13416000107568,6.0,0.0,6.0,0.0,0.0,1.0,0.0
AAAOPP13416000107592,9.0,0.0,9.0,0.0,3.0,1.0,0.0
AAAOPP13416000107621,5.0,0.0,5.0,0.0,1.0,1.0,0.0
AAAOPP13416000107649,5.0,1.0,4.0,0.0,0.0,1.2,0.2
AAAOPP13416000107671,11.0,0.0,10.0,1.0,4.0,0.9090909090909091,0.0
AAAOPP13416000107681,9.0,0.0,9.0,0.0,5.0,1.0,0.0
AAAOPP13416000107697,5.0,1.0,4.0,0.0,2.0,1.2,0.2
AAAOPP13416000107737,7.0,3.0,4.0,0.0,0.0,1.4285714285714286,0.42857142857142855
AAAOPP13416000107759,7.0,0.0,7.0,0.0,2.0,1.0,0.0
AAAOPP13416000107787,9.0,0.0,9.0,0.0,1.0,1.0,0.0
AAAOPP13416000107812,12.0,0.0,12.0,0.0,2.0,1.0,0.0
AAAOPP13416000107862,13.0,0.0,13.0,0.0,1.0,1.0,0.0
AAAOPP13416000107870,7.0,0.0,6.0,1.0,0.0,0.8571428571428571,0.0
AAAOPP13416000107892,9.0,0.0,9.0,0.0,0.0,1.0,0.0
AAAOPP13416000107894,12.0,0.0,10.0,2.0,6.0,0.8333333333333334,0.0
AAAOPP13416000107918,5.0,0.0,5.0,0.0,2.0,1.0,0.0
AAAOPP13416000107925,6.0,0.0,6.0,0.0,1.0,1.0,0.0
AAAOPP13416000107954,8.0,1.0,7.0,0.0,0.0,1.125,0.125
AAAOPP13416000107964,10.0,1.0,9.0,0.0,5.0,1.1,0.1
AAAOPP13416000107972,7.0,0.0,7.0,0.0,1.0,1.0,0.0
AAAOPP13416000107976,4.0,0.0,4.0,0.0,0.0,1.0,0.0
AAAOPP13416000107986,9.0,5.0,4.0,0.0,5.0,1.5555555555555556,0.5555555555555556
AAAOPP13416000107997,8.0,0.0,8.0,0.0,1.0,1.0,0.0
AAAOPP13416000108003,5.0,0.0,5.0,0.0,1.0,1.0,0.0
AAAOPP13416000108011,12.0,0.0,7.0,5.0,2.0,0.5833333333333334,0.0
AAAOPP13416000108020,7.0,0.0,7.0,0.0,0.0,1.0,0.0
AAAOPP13416000108025,8.0,0.0,8.0,0.0,1.0,1.0,0.0
AAAOPP13416000108067,8.0,0.0,8.0,0.0,2.0,1.0,0.0
AAAOPP13416000108069,5.0,0.0,4.0,1.0,1.0,0.8,0.0
AAAOPP13416000108072,8.0,0.0,8.0,0.0,0.0,1.0,0.0
AAAOPP13416000108076,13.0,0.0,13.0,0.0,0.0,1.0,0.0
AAAOPP13416000108077,9.0,3.0,6.0,0.0,0.0,1.3333333333333333,0.3333333333333333
AAAOPP13416000108133,14.0,9.0,5.0,0.0,3.0,1.6428571428571428,0.6428571428571429
AAAOPP13416000108154,11.0,0.0,9.0,2.0,0.0,0.8181818181818182,0.0
AAAOPP13416000108164,8.0,0.0,8.0,0.0,2.0,1.0,0.0
AAAOPP13416000108169,10.0,0.0,10.0,0.0,2.0,1.0,0.0
AAAOPP13416000108206,10.0,0.0,10.0,0.0,1.0,1.0,0.0
AAAOPP13416000108260,11.0,0.0,11.0,0.0,2.0,1.0,0.0
AAAOPP13416000108283,9.0,6.0,3.0,0.0,1.0,1.6666666666666667,0.6666666666666666
AAAOPP13416000108288,12.0,1.0,11.0,0.0,0.0,1.0833333333333333,0.08333333333333333
AAAOPP13416000108289,11.0,1.0,10.0,0.0,0.0,1.0909090909090908,0.09090909090909091
AAAOPP13416000108379,9.0,3.0,6.0,0.0,6.0,1.3333333333333333,0.3333333333333333
AAAOPP13416000108398,6.0,4.0,2.0,0.0,0.0,1.6666666666666667,0.6666666666666666
AAAOPP13416000108399,6.0,1.0,5.0,0.0,0.0,1.1666666666666667,0.16666666666666666
AAAOPP13416000108407,7.0,5.0,2.0,0.0,5.0,1.7142857142857142,0.7142857142857143
AAAOPP13416000108440,10.0,0.0,10.0,0.0,6.0,1.0,0.0
AAAOPP13416000108464,6.0,0.0,6.0,0.0,1.0,1.0,0.0
AAAOPP13416000108507,8.0,6.0,2.0,0.0,0.0,1.75,0.75
AAAOPP13416000108537,7.0,0.0,5.0,2.0,1.0,0.7142857142857143,0.0
AAAOPP13416000108550,8.0,2.0,6.0,0.0,1.0,1.25,0.25
AAAOPP13416000108553,8.0,0.0,8.0,0.0,1.0,1.0,0.0
AAAOPP13416000108555,5.0,1.0,4.0,0.0,0.0,1.2,0.2
AAAOPP13416000108562,6.0,0.0,6.0,0.0,1.0,1.0,0.0
AAAOPP13416000108563,7.0,0.0,7.0,0.0,3.0,1.0,0.0
AAAOPP13416000108616,11.0,3.0,8.0,0.0,0.0,1.2727272727272727,0.2727272727272727
AAAOPP13416000108639,11.0,0.0,11.0,0.0,1.0,1.0,0.0
AAAOPP13416000108731,5.0,0.0,4.0,1.0,1.0,0.8,0.0
AAAOPP13416000108737,7.0,0.0,7.0,0.0,0.0,1.0,0.0
AAAOPP13416000108749,6.0,0.0,3.0,3.0,0.0,0.5,0.0
AAAOPP13416000108756,7.0,0.0,7.0,0.0,0.0,1.0,0.0
AAAOPP13416000108826,18.0,2.0,16.0,0.0,3.0,1.1111111111111112,0.1111111111111111
AAAOPP13416000108860,8.0,1.0,7.0,0.0,2.0,1.125,0.125
AAAOPP13416000108865,10.0,2.0,8.0,0.0,3.0,1.2,0.2
AAAOPP13416000108867,6.0,0.0,2.0,4.0,0.0,0.3333333333333333,0.0
AAAOPP13416000108883,9.0,4.0,5.0,0.0,6.0,1.4444444444444444,0.4444444444444444
AAAOPP13416000108887,8.0,0.0,8.0,0.0,0.0,1.0,0.0
AAAOPP13416000108915,10.0,0.0,10.0,0.0,2.0,1.0,0.0
AAAOPP13416000108928,6.0,3.0,3.0,0.0,3.0,1.5,0.5
AAAOPP13416000108952,8.0,0.0,8.0,0.0,1.0,1.0,0.0
AAAOPP13416000108980,10.0,0.0,8.0,2.0,0.0,0.8,0.0
AAAOPP13416000108985,8.0,0.0,8.0,0.0,4.0,1.0,0.0
AAAOPP13416000108995,7.0,0.0,7.0,0.0,1.0,1.0,0.0
AAAOPP13416000109024,12.0,5.0,7.0,0.0,0.0,1.4166666666666667,0.4166666666666667
AAAOPP13416000109060,8.0,0.0,6.0,2.0,0.0,0.75,0.0
AAAOPP13416000109062,11.0,5.0,6.0,0.0,1.0,1.4545454545454546,0.45454545454545453
AAAOPP13416000109066,12.0,0.0,9.0,3.0,0.0,0.75,0.0
AAAOPP13416000109118,8.0,0.0,8.0,0.0,1.0,1.0,0.0
AAAOPP13416000109142,15.0,3.0,12.0,0.0,3.0,1.2,0.2
AAAOPP13416000109184,9.0,0.0,7.0,2.0,0.0,0.7777777777777778,0.0
AAAOPP13416000109228,9.0,1.0,8.0,0.0,1.0,1.1111111111111112,0.1111111111111111
AAAOPP13416000109291,16.0,2.0,14.0,0.0,2.0,1.125,0.125
AAAOPP13416000109304,9.0,8.0,1.0,0.0,2.0,1.8888888888888888,0.8888888888888888
AAAOPP13416000109307,11.0,5.0,6.0,0.0,0.0,1.4545454545454546,0.45454545454545453
AAAOPP13416000109391,9.0,1.0,8.0,0.0,1.0,1.1111111111111112,0.1111111111111111
AAAOPP13416000109394,15.0,0.0,15.0,0.0,6.0,1.0,0.0
AAAOPP13416000109439,5.0,0.0,3.0,2.0,0.0,0.6,0.0
AAAOPP13416000109448,9.0,0.0,9.0,0.0,0.0,1.0,0.0
AAAOPP13416000109455,7.0,0.0,7.0,0.0,0.0,1.0,0.0
AAAOPP13416000109502,12.0,1.0,11.0,0.0,1.0,1.0833333333333333,0.08333333333333333
AAAOPP13416000109565,1.0,0.0,0.0,1.0,0.0,0.0,0.0
AAAOPP13416000109595,12.0,1.0,11.0,0.0,2.0,1.0833333333333333,0.08333333333333333
AAAOPP13416000109638,7.0,1.0,6.0,0.0,0.0,1.1428571428571428,0.14285714285714285
AAAOPP13416000109691,11.0,0.0,11.0,0.0,5.0,1.0,0.0
AAAOPP13416000109693,5.0,0.0,5.0,0.0,0.0,1.0,0.0
AAAOPP13416000109737,9.0,0.0,9.0,0.0,5.0,1.0,0.0
AAAOPP13416000109764,16.0,8.0,8.0,0.0,2.0,1.5,0.5
AAAOPP13416000109786,8.0,0.0,8.0,0.0,2.0,1.0,0.0
AAAOPP13416000109788,4.0,0.0,4.0,0.0,0.0,1.0,0.0
AAAOPP13416000109793,10.0,0.0,10.0,0.0,1.0,1.0,0.0
AAAOPP13416000109800,12.0,0.0,12.0,0.0,2.0,1.0,0.0
AAAOPP13416000109823,12.0,0.0,11.0,1.0,0.0,0.9166666666666666,0.0
AAAOPP13416000109833,7.0,0.0,7.0,0.0,1.0,1.0,0.0
AAAOPP13416000109834,11.0,0.0,11.0,0.0,0.0,1.0,0.0
AAAOPP13416000109863,7.0,0.0,7.0,0.0,0.0,1.0,0.0
AAAOPP13416000109878,7.0,0.0,7.0,0.0,2.0,1.0,0.0
AAAOPP13416000109889,15.0,0.0,13.0,2.0,2.0,0.8666666666666667,0.0
AAAOPP13416000109949,13.0,0.0,13.0,0.0,0.0,1.0,0.0
AAAOPP13416000110038,12.0,0.0,12.0,0.0,2.0,1.0,0.0
AAAOPP13416000110047,9.0,1.0,8.0,0.0,0.0,1.1111111111111112,0.1111111111111111
AAAOPP13416000110051,11.0,0.0,5.0,6.0,0.0,0.45454545454545453,0.0
AAAOPP13416000110075,7.0,0.0,7.0,0.0,0.0,1.0,0.0
AAAOPP13416000110117,3.0,0.0,0.0,3.0,0.0,0.0,0.0
AAAOPP13416000110149,5.0,0.0,4.0,1.0,0.0,0.8,0.0
AAAOPP13416000110168,4.0,0.0,2.0,2.0,0.0,0.5,0.0
AAAOPP13416000110182,6.0,1.0,5.0,0.0,0.0,1.1666666666666667,0.16666666666666666
AAAOPP13416000110213,10.0,0.0,10.0,0.0,0.0,1.0,0.0
AAAOPP13416000110223,9.0,0.0,5.0,4.0,0.0,0.5555555555555556,0.0
AAAOPP13416000110267,13.0,0.0,9.0,4.0,2.0,0.6923076923076923,0.0
AAAOPP13416000110277,7.0,0.0,7.0,0.0,1.0,1.0,0.0
AAAOPP13416000110345,11.0,1.0,10.0,0.0,1.0,1.0909090909090908,0.09090909090909091
AAAOPP13416000110357,9.0,0.0,9.0,0.0,3.0,1.0,0.0
AAAOPP13416000110388,13.0,2.0,7.0,4.0,1.0,0.8461538461538461,0.15384615384615385
AAAOPP13416000110397,8.0,0.0,8.0,0.0,1.0,1.0,0.0
AAAOPP13416000110407,4.0,0.0,2.0,2.0,1.0,0.5,0.0
AAAOPP13416000110414,7.0,0.0,7.0,0.0,1.0,1.0,0.0
AAAOPP13416000110428,6.0,0.0,6.0,0.0,0.0,1.0,0.0
AAAOPP13416000110459,9.0,4.0,5.0,0.0,5.0,1.4444444444444444,0.4444444444444444
AAAOPP13416000110467,10.0,0.0,10.0,0.0,1.0,1.0,0.0
AAAOPP13416000110469,12.0,0.0,12.0,0.0,3.0,1.0,0.0
AAAOPP13416000110472,5.0,0.0,5.0,0.0,0.0,1.0,0.0
AAAOPP13416000110481,12.0,0.0,12.0,0.0,3.0,1.0,0.0
AAAOPP13416000110489,9.0,1.0,8.0,0.0,1.0,1.1111111111111112,0.1111111111111111
AAAOPP13416000110537,6.0,0.0,2.0,4.0,2.0,0.3333333333333333,0.0
AAAOPP13416000110558,11.0,0.0,11.0,0.0,3.0,1.0,0.0
AAAOPP13416000110685,3.0,0.0,0.0,3.0,0.0,0.0,0.0
AAAOPP13416000110717,9.0,0.0,7.0,2.0,1.0,0.7777777777777778,0.0
AAAOPP13416000110787,8.0,0.0,8.0,0.0,0.0,1.0,0.0
AAAOPP13416000110791,10.0,0.0,10.0,0.0,2.0,1.0,0.0
AAAOPP13416000110799,8.0,1.0,5.0,2.0,1.0,0.875,0.125
AAAOPP13416000110814,5.0,0.0,5.0,0.0,0.0,1.0,0.0
AAAOPP13416000110826,6.0,0.0,6.0,0.0,0.0,1.0,0.0
AAAOPP13416000110830,12.0,5.0,7.0,0.0,0.0,1.4166666666666667,0.4166666666666667
AAAOPP13416000110876,9.0,0.0,9.0,0.0,1.0,1.0,0.0
AAAOPP13416000110882,5.0,0.0,4.0,1.0,1.0,0.8,0.0
AAAOPP13416000110888,12.0,2.0,10.0,0.0,1.0,1.1666666666666667,0.16666666666666666
AAAOPP13416000110897,12.0,0.0,10.0,2.0,1.0,0.8333333333333334,0.0
AAAOPP13416000110901,14.0,0.0,13.0,1.0,0.0,0.9285714285714286,0.0
AAAOPP13416000110954,11.0,1.0,9.0,1.0,0.0,1.0,0.09090909090909091
AAAOPP13416000110963,8.0,0.0,7.0,1.0,1.0,0.875,0.0
AAAOPP13416000110974,9.0,3.0,6.0,0.0,0.0,1.3333333333333333,0.3333333333333333
AAAOPP13416000110988,16.0,0.0,16.0,0.0,0.0,1.0,0.0
AAAOPP13416000110995,9.0,0.0,5.0,4.0,0.0,0.5555555555555556,0.0
AAAOPP13416000110999,4.0,0.0,0.0,4.0,1.0,0.0,0.0
AAAOPP13416000111000,12.0,1.0,11.0,0.0,0.0,1.0833333333333333,0.08333333333333333
AAAOPP13416000111019,6.0,0.0,6.0,0.0,1.0,1.0,0.0
AAAOPP13416000111020,8.0,0.0,8.0,0.0,3.0,1.0,0.0
AAAOPP13416000111023,7.0,0.0,5.0,2.0,3.0,0.7142857142857143,0.0
AAAOPP13416000111043,12.0,5.0,7.0,0.0,1.0,1.4166666666666667,0.4166666666666667
AAAOPP13416000111067,9.0,0.0,6.0,3.0,0.0,0.6666666666666666,0.0
AAAOPP13416000111074,9.0,0.0,8.0,1.0,0.0,0.8888888888888888,0.0
AAAOPP13416000111084,9.0,0.0,9.0,0.0,0.0,1.0,0.0
AAAOPP13416000111112,11.0,0.0,11.0,0.0,6.0,1.0,0.0
AAAOPP13416000111130,9.0,0.0,9.0,0.0,2.0,1.0,0.0
AAAOPP13416000111136,9.0,0.0,6.0,3.0,0.0,0.6666666666666666,0.0
AAAOPP13416000111137,8.0,0.0,5.0,3.0,1.0,0.625,0.0
AAAOPP13416000111147,5.0,0.0,4.0,1.0,2.0,0.8,0.0
AAAOPP13416000111176,5.0,0.0,3.0,2.0,0.0,0.6,0.0
AAAOPP13416000111182,2.0,0.0,1.0,1.0,0.0,0.5,0.0
AAAOPP13416000111210,12.0,7.0,5.0,0.0,2.0,1.5833333333333333,0.5833333333333334
AAAOPP13416000111211,9.0,0.0,9.0,0.0,1.0,1.0,0.0
AAAOPP13416000111221,6.0,0.0,4.0,2.0,0.0,0.6666666666666666,0.0
AAAOPP13416000111223,10.0,0.0,10.0,0.0,2.0,1.0,0.0
AAAOPP13416000111226,8.0,0.0,8.0,0.0,1.0,1.0,0.0
AAAOPP13416000111231,8.0,0.0,8.0,0.0,0.0,1.0,0.0
AAAOPP13416000111255,9.0,1.0,8.0,0.0,1.0,1.1111111111111112,0.1111111111111111
AAAOPP13416000111262,12.0,0.0,12.0,0.0,0.0,1.0,0.0
AAAOPP13416000111281,8.0,0.0,7.0,1.0,3.0,0.875,0.0
AAAOPP13416000111282,8.0,0.0,7.0,1.0,0.0,0.875,0.0
AAAOPP13416000111283,5.0,0.0,5.0,0.0,0.0,1.0,0.0
AAAOPP13416000111286,7.0,0.0,4.0,3.0,0.0,0.5714285714285714,0.0
AAAOPP13416000111345,11.0,0.0,7.0,4.0,0.0,0.6363636363636364,0.0
AAAOPP13416000111406,12.0,2.0,10.0,0.0,0.0,1.1666666666666667,0.16666666666666666
AAAOPP13416000111469,3.0,0.0,3.0,0.0,1.0,1.0,0.0
AAAOPP13416000111483,8.0,0.0,7.0,1.0,0.0,0.875,0.0
AAAOPP13416000111513,12.0,1.0,9.0,2.0,1.0,0.9166666666666666,0.08333333333333333
AAAOPP13416000111516,9.0,2.0,6.0,1.0,2.0,1.1111111111111112,0.2222222222222222
AAAOPP13416000111519,12.0,0.0,11.0,1.0,3.0,0.9166666666666666,0.0
AAAOPP13416000111533,5.0,0.0,5.0,0.0,1.0,1.0,0.0
AAAOPP13416000111558,8.0,0.0,2.0,6.0,1.0,0.25,0.0
AAAOPP13416000111564,8.0,0.0,5.0,3.0,0.0,0.625,0.0
AAAOPP13416000111569,12.0,0.0,12.0,0.0,1.0,1.0,0.0
AAAOPP13416000111590,6.0,0.0,6.0,0.0,0.0,1.0,0.0
AAAOPP13416000111607,6.0,0.0,5.0,1.0,0.0,0.8333333333333334,0.0
AAAOPP13416000111610,7.0,0.0,7.0,0.0,0.0,1.0,0.0
AAAOPP13416000111632,7.0,1.0,6.0,0.0,2.0,1.1428571428571428,0.14285714285714285
AAAOPP13416000111641,10.0,0.0,8.0,2.0,4.0,0.8,0.0
AAAOPP13416000111653,9.0,0.0,9.0,0.0,1.0,1.0,0.0
AAAOPP13416000111658,9.0,0.0,8.0,1.0,1.0,0.8888888888888888,0.0
AAAOPP13416000111678,11.0,0.0,11.0,0.0,4.0,1.0,0.0
AAAOPP13416000111704,1.0,0.0,0.0,1.0,0.0,0.0,0.0
AAAOPP13416000111737,12.0,1.0,11.0,0.0,1.0,1.0833333333333333,0.08333333333333333
AAAOPP13416000111738,5.0,0.0,5.0,0.0,3.0,1.0,0.0
AAAOPP13416000111760,8.0,0.0,8.0,0.0,2.0,1.0,0.0
AAAOPP13416000111804,10.0,3.0,7.0,0.0,7.0,1.3,0.3
AAAOPP13416000111808,8.0,0.0,8.0,0.0,1.0,1.0,0.0
AAAOPP13416000111811,7.0,0.0,7.0,0.0,3.0,1.0,0.0
AAAOPP13416000111825,13.0,8.0,5.0,0.0,1.0,1.6153846153846154,0.6153846153846154
AAAOPP13416000111826,11.0,7.0,4.0,0.0,0.0,1.6363636363636365,0.6363636363636364
AAAOPP13416000111913,4.0,0.0,4.0,0.0,0.0,1.0,0.0
AAAOPP13416000111934,6.0,0.0,6.0,0.0,2.0,1.0,0.0
AAAOPP13416000111942,9.0,0.0,9.0,0.0,1.0,1.0,0.0
AAAOPP13416000111973,10.0,0.0,10.0,0.0,2.0,1.0,0.0
AAAOPP13416000111990,9.0,8.0,1.0,0.0,5.0,1.8888888888888888,0.8888888888888888
AAAOPP13416000111992,7.0,0.0,7.0,0.0,4.0,1.0,0.0
AAAOPP13416000111994,8.0,0.0,5.0,3.0,1.0,0.625,0.0
AAAOPP13416000112013,13.0,0.0,13.0,0.0,3.0,1.0,0.0
AAAOPP13416000112056,9.0,8.0,1.0,0.0,1.0,1.8888888888888888,0.8888888888888888
AAAOPP13416000112122,8.0,0.0,8.0,0.0,0.0,1.0,0.0
AAAOPP13416000112158,7.0,1.0,6.0,0.0,1.0,1.1428571428571428,0.14285714285714285
AAAOPP13416000112217,9.0,4.0,5.0,0.0,6.0,1.4444444444444444,0.4444444444444444
AAAOPP13416000112252,7.0,0.0,7.0,0.0,3.0,1.0,0.0
AAAOPP13416000112278,7.0,7.0,0.0,0.0,0.0,2.0,1.0
AAAOPP13416000112281,4.0,0.0,4.0,0.0,1.0,1.0,0.0
AAAOPP13416000112305,5.0,0.0,5.0,0.0,0.0,1.0,0.0
AAAOPP13416000112313,8.0,6.0,2.0,0.0,0.0,1.75,0.75
AAAOPP13416000112316,9.0,2.0,7.0,0.0,1.0,1.2222222222222223,0.2222222222222222
AAAOPP13416000112325,14.0,1.0,13.0,0.0,2.0,1.0714285714285714,0.07142857142857142
AAAOPP13416000112328,9.0,0.0,9.0,0.0,0.0,1.0,0.0
AAAOPP13416000112353,11.0,0.0,11.0,0.0,0.0,1.0,0.0
AAAOPP13416000112368,12.0,0.0,11.0,1.0,5.0,0.9166666666666666,0.0
AAAOPP13416000112376,8.0,3.0,5.0,0.0,0.0,1.375,0.375
AAAOPP13416000112516,7.0,0.0,7.0,0.0,0.0,1.0,0.0
AAAOPP13416000112613,7.0,0.0,7.0,0.0,1.0,1.0,0.0
AAAOPP13416000112665,8.0,2.0,6.0,0.0,2.0,1.25,0.25
AAAOPP13416000112733,12.0,2.0,10.0,0.0,4.0,1.1666666666666667,0.16666666666666666
AAAOPP13416000112884,11.0,0.0,11.0,0.0,0.0,1.0,0.0
AAAOPP13416000112997,13.0,8.0,5.0,0.0,1.0,1.6153846153846154,0.6153846153846154
AAAOPP13416000113035,5.0,1.0,4.0,0.0,0.0,1.2,0.2
AAAOPP13416000113094,9.0,0.0,9.0,0.0,3.0,1.0,0.0
AAAOPP13416000113374,12.0,0.0,12.0,0.0,5.0,1.0,0.0
AAAOPP13416000113407,9.0,0.0,9.0,0.0,4.0,1.0,0.0
AAAOPP13416000113409,3.0,0.0,3.0,0.0,0.0,1.0,0.0
AAAOPP13416000113446,7.0,4.0,3.0,0.0,2.0,1.5714285714285714,0.5714285714285714
AAAOPP13416000113449,14.0,10.0,4.0,0.0,0.0,1.7142857142857142,0.7142857142857143
AAAOPP13416000113471,13.0,1.0,12.0,0.0,2.0,1.0769230769230769,0.07692307692307693
AAAOPP13416000113481,9.0,4.0,5.0,0.0,3.0,1.4444444444444444,0.4444444444444444
AAAOPP13416000113548,14.0,0.0,14.0,0.0,5.0,1.0,0.0
AAAOPP13416000113578,9.0,0.0,9.0,0.0,0.0,1.0,0.0
AAAOPP13416000113776,7.0,2.0,5.0,0.0,1.0,1.2857142857142858,0.2857142857142857
AAAOPP13416000114037,5.0,0.0,5.0,0.0,3.0,1.0,0.0
AAAOPP13416000114130,7.0,0.0,7.0,0.0,0.0,1.0,0.0
AAAOPP13416000114153,13.0,0.0,13.0,0.0,1.0,1.0,0.0
AAAOPP13416000114182,9.0,0.0,9.0,0.0,0.0,1.0,0.0
AAAOPP13416000114197,12.0,2.0,9.0,1.0,1.0,1.0833333333333333,0.16666666666666666
AAAOPP13416000114206,12.0,1.0,11.0,0.0,1.0,1.0833333333333333,0.08333333333333333
AAAOPP13416000114207,12.0,0.0,10.0,2.0,1.0,0.8333333333333334,0.0
AAAOPP13416000114208,13.0,2.0,11.0,0.0,0.0,1.1538461538461537,0.15384615384615385
AAAOPP13416000114210,14.0,3.0,11.0,0.0,0.0,1.2142857142857142,0.21428571428571427
AAAOPP13416000114229,9.0,0.0,7.0,2.0,1.0,0.7777777777777778,0.0
AAAOPP13416000114233,8.0,0.0,8.0,0.0,1.0,1.0,0.0
AAAOPP13416000114247,12.0,0.0,12.0,0.0,0.0,1.0,0.0
AAAOPP13416000114251,5.0,0.0,4.0,1.0,1.0,0.8,0.0
AAAOPP13416000114284,11.0,0.0,11.0,0.0,1.0,1.0,0.0
AAAOPP13416000114288,11.0,0.0,11.0,0.0,0.0,1.0,0.0
AAAOPP13416000114293,15.0,1.0,14.0,0.0,0.0,1.0666666666666667,0.06666666666666667
AAAOPP13416000114297,12.0,1.0,11.0,0.0,5.0,1.0833333333333333,0.08333333333333333
AAAOPP13416000114329,12.0,0.0,12.0,0.0,3.0,1.0,0.0
AAAOPP13416000114366,11.0,4.0,7.0,0.0,2.0,1.3636363636363635,0.36363636363636365
AAAOPP13416000114389,8.0,0.0,8.0,0.0,1.0,1.0,0.0
AAAOPP13416000114392,8.0,0.0,6.0,2.0,1.0,0.75,0.0
AAAOPP13416000114427,7.0,0.0,4.0,3.0,0.0,0.5714285714285714,0.0
AAAOPP13416000114428,11.0,0.0,10.0,1.0,6.0,0.9090909090909091,0.0
AAAOPP13416000114433,17.0,5.0,12.0,0.0,1.0,1.2941176470588236,0.29411764705882354
AAAOPP13416000114459,5.0,0.0,5.0,0.0,1.0,1.0,0.0
AAAOPP13416000114464,7.0,0.0,5.0,2.0,0.0,0.7142857142857143,0.0
AAAOPP13416000114466,13.0,2.0,11.0,0.0,1.0,1.1538461538461537,0.15384615384615385
AAAOPP13416000114469,9.0,0.0,9.0,0.0,0.0,1.0,0.0
AAAOPP13416000114507,16.0,1.0,15.0,0.0,1.0,1.0625,0.0625
AAAOPP13416000114541,9.0,0.0,7.0,2.0,2.0,0.7777777777777778,0.0
AAAOPP13416000114567,11.0,2.0,9.0,0.0,1.0,1.1818181818181819,0.18181818181818182
AAAOPP13416000114586,6.0,0.0,5.0,1.0,0.0,0.8333333333333334,0.0
AAAOPP13416000114607,7.0,0.0,7.0,0.0,0.0,1.0,0.0
AAAOPP13416000114671,12.0,5.0,7.0,0.0,0.0,1.4166666666666667,0.4166666666666667
AAAOPP13416000114674,9.0,0.0,9.0,0.0,6.0,1.0,0.0
AAAOPP13416000114683,8.0,1.0,7.0,0.0,1.0,1.125,0.125
AAAOPP13416000114704,4.0,0.0,3.0,1.0,0.0,0.75,0.0
AAAOPP13416000114757,12.0,0.0,11.0,1.0,1.0,0.9166666666666666,0.0
AAAOPP13416000114782,13.0,7.0,6.0,0.0,0.0,1.5384615384615385,0.5384615384615384
AAAOPP13416000114835,16.0,0.0,15.0,1.0,0.0,0.9375,0.0
AAAOPP13416000114848,13.0,1.0,12.0,0.0,0.0,1.0769230769230769,0.07692307692307693
AAAOPP13416000114858,15.0,4.0,11.0,0.0,1.0,1.2666666666666666,0.26666666666666666
AAAOPP13416000114859,8.0,0.0,8.0,0.0,5.0,1.0,0.0
AAAOPP13416000114880,6.0,0.0,6.0,0.0,4.0,1.0,0.0
AAAOPP13416000114915,12.0,1.0,11.0,0.0,2.0,1.0833333333333333,0.08333333333333333
AAAOPP13416000114956,4.0,0.0,4.0,0.0,0.0,1.0,0.0
AAAOPP13416000114976,12.0,3.0,9.0,0.0,1.0,1.25,0.25
AAAOPP13416000115040,5.0,0.0,5.0,0.0,1.0,1.0,0.0
AAAOPP13416000115043,11.0,0.0,11.0,0.0,2.0,1.0,0.0
AAAOPP13416000115051,4.0,0.0,4.0,0.0,0.0,1.0,0.0
AAAOPP13416000115058,4.0,0.0,4.0,0.0,1.0,1.0,0.0
AAAOPP13416000115094,12.0,9.0,3.0,0.0,3.0,1.75,0.75
AAAOPP13416000115100,12.0,0.0,12.0,0.0,3.0,1.0,0.0
AAAOPP13416000115116,14.0,8.0,6.0,0.0,2.0,1.5714285714285714,0.5714285714285714
AAAOPP13416000115143,3.0,0.0,3.0,0.0,1.0,1.0,0.0
AAAOPP13416000115146,2.0,0.0,2.0,0.0,0.0,1.0,0.0
AAAOPP13416000115156,5.0,0.0,4.0,1.0,0.0,0.8,0.0
AAAOPP13416000115161,7.0,0.0,7.0,0.0,0.0,1.0,0.0
AAAOPP13416000115240,2.0,0.0,2.0,0.0,0.0,1.0,0.0
AAAOPP13416000115250,11.0,0.0,11.0,0.0,5.0,1.0,0.0
AAAOPP13416000115331,1.0,0.0,0.0,1.0,0.0,0.0,0.0
AAAOPP13416000115990,7.0,4.0,3.0,0.0,0.0,1.5714285714285714,0.5714285714285714
AAAOPP13416000116208,8.0,1.0,7.0,0.0,0.0,1.125,0.125
AAAOPP13416000116235,8.0,0.0,8.0,0.0,2.0,1.0,0.0
AAAOPP13416000116265,9.0,3.0,6.0,0.0,0.0,1.3333333333333333,0.3333333333333333
AAAOPP13416000116267,10.0,1.0,9.0,0.0,1.0,1.1,0.1
AAAOPP13416000116293,11.0,1.0,10.0,0.0,0.0,1.0909090909090908,0.09090909090909091
AAAOPP13416000116354,10.0,0.0,10.0,0.0,4.0,1.0,0.0
AAAOPP13416000116581,7.0,0.0,7.0,0.0,0.0,1.0,0.0
AAAOPP13416000116739,9.0,0.0,9.0,0.0,0.0,1.0,0.0
AAAOPP13416000116749,9.0,0.0,8.0,1.0,5.0,0.8888888888888888,0.0
AAAOPP13416000116764,6.0,0.0,2.0,4.0,2.0,0.3333333333333333,0.0
AAAOPP13416000116773,6.0,0.0,6.0,0.0,0.0,1.0,0.0
AAAOPP13416000116784,4.0,0.0,4.0,0.0,0.0,1.0,0.0
AAAOPP13416000116790,5.0,0.0,1.0,4.0,0.0,0.2,0.0
AAAOPP13416000116794,5.0,0.0,5.0,0.0,0.0,1.0,0.0
AAAOPP13416000116807,7.0,0.0,7.0,0.0,0.0,1.0,0.0
AAAOPP13416000116817,5.0,0.0,5.0,0.0,0.0,1.0,0.0
AAAOPP13416000116827,7.0,0.0,7.0,0.0,0.0,1.0,0.0
AAAOPP13416000116844,7.0,0.0,6.0,1.0,1.0,0.8571428571428571,0.0
AAAOPP13416000116852,8.0,0.0,8.0,0.0,3.0,1.0,0.0
AAAOPP13416000116854,12.0,2.0,9.0,1.0,1.0,1.0833333333333333,0.16666666666666666
AAAOPP13416000116904,9.0,0.0,4.0,5.0,0.0,0.4444444444444444,0.0
AAAOPP13416000117001,4.0,0.0,1.0,3.0,0.0,0.25,0.0
AAAOPP13416000117056,8.0,0.0,7.0,1.0,0.0,0.875,0.0
AAAOPP13416000117062,8.0,0.0,8.0,0.0,1.0,1.0,0.0
AAAOPP13416000117070,6.0,0.0,5.0,1.0,0.0,0.8333333333333334,0.0
AAAOPP13416000117144,7.0,0.0,1.0,6.0,1.0,0.14285714285714285,0.0
AAAOPP13416000117249,6.0,2.0,4.0,0.0,0.0,1.3333333333333333,0.3333333333333333
AAAOPP13416000117255,5.0,0.0,5.0,0.0,2.0,1.0,0.0
AAAOPP13416000117474,11.0,2.0,9.0,0.0,3.0,1.1818181818181819,0.18181818181818182
AAAOPP13416000117649,6.0,2.0,4.0,0.0,0.0,1.3333333333333333,0.3333333333333333
AAAOPP13416000117897,3.0,0.0,3.0,0.0,1.0,1.0,0.0
AAAOPP13416000119970,7.0,0.0,7.0,0.0,0.0,1.0,0.0
AAAOPP13416000120052,15.0,1.0,12.0,2.0,3.0,0.9333333333333333,0.06666666666666667
AAAOPP13416000120131,13.0,0.0,13.0,0.0,6.0,1.0,0.0
AAAOPP13416000120205,2.0,0.0,1.0,1.0,0.0,0.5,0.0
AAAOPP13416000120234,4.0,0.0,4.0,0.0,0.0,1.0,0.0
AAAOPP13416000120240,2.0,0.0,0.0,2.0,0.0,0.0,0.0
AAAOPP13416000121243,6.0,0.0,6.0,0.0,0.0,1.0,0.0
AAAOPP13416000122868,10.0,2.0,8.0,0.0,0.0,1.2,0.2
AAAOPP13416000122883,9.0,0.0,9.0,0.0,0.0,1.0,0.0
AAAOPP13416000122916,9.0,0.0,8.0,1.0,5.0,0.8888888888888888,0.0
AAAOPP13416000122953,6.0,1.0,5.0,0.0,0.0,1.1666666666666667,0.16666666666666666
AAAOPP13416000123098,5.0,1.0,4.0,0.0,0.0,1.2,0.2
AAAOPP13416000123154,12.0,0.0,12.0,0.0,5.0,1.0,0.0
AAAOPP13416000123196,5.0,0.0,5.0,0.0,0.0,1.0,0.0
AAAOPP13416000123199,11.0,9.0,2.0,0.0,1.0,1.8181818181818181,0.8181818181818182
AAAOPP13416000123232,14.0,10.0,4.0,0.0,3.0,1.7142857142857142,0.7142857142857143
AAAOPP13416000123242,11.0,5.0,6.0,0.0,5.0,1.4545454545454546,0.45454545454545453
AAAOPP13416000123269,10.0,4.0,6.0,0.0,0.0,1.4,0.4
AAAOPP13416000123306,9.0,3.0,6.0,0.0,0.0,1.3333333333333333,0.3333333333333333
AAAOPP13416000123775,9.0,0.0,9.0,0.0,0.0,1.0,0.0
AAAOPP13416000123880,14.0,8.0,6.0,0.0,2.0,1.5714285714285714,0.5714285714285714
AAAOPP13416000123928,11.0,3.0,8.0,0.0,0.0,1.2727272727272727,0.2727272727272727
AAAOPP13416000123986,8.0,0.0,8.0,0.0,0.0,1.0,0.0
AAAOPP13416000124012,9.0,0.0,9.0,0.0,2.0,1.0,0.0
AAAOPP13416000124013,10.0,0.0,10.0,0.0,2.0,1.0,0.0
AAAOPP13416000124033,9.0,6.0,3.0,0.0,6.0,1.6666666666666667,0.6666666666666666
AAAOPP13416000124133,10.0,5.0,5.0,0.0,2.0,1.5,0.5
AAAOPP13416000124308,8.0,0.0,8.0,0.0,3.0,1.0,0.0
AAAOPP13416000124845,8.0,0.0,8.0,0.0,3.0,1.0,0.0
AAAOPP13416000125688,9.0,2.0,7.0,0.0,6.0,1.2222222222222223,0.2222222222222222
AAAOPP13416000126960,9.0,0.0,9.0,0.0,0.0,1.0,0.0
AAAOPP13416000126983,11.0,0.0,11.0,0.0,1.0,1.0,0.0
AAAOPP13416000126994,10.0,0.0,10.0,0.0,0.0,1.0,0.0
AAAOPP13416000126997,11.0,0.0,11.0,0.0,1.0,1.0,0.0
AAAOPP13416000127061,7.0,0.0,7.0,0.0,0.0,1.0,0.0
AAAOPP13416000127069,11.0,0.0,10.0,1.0,0.0,0.9090909090909091,0.0
AAAOPP13416000127521,11.0,0.0,10.0,1.0,0.0,0.9090909090909091,0.0
AAAOPP13416000127620,11.0,1.0,10.0,0.0,3.0,1.0909090909090908,0.09090909090909091
AAAOPP13416000127659,7.0,1.0,6.0,0.0,1.0,1.1428571428571428,0.14285714285714285
AAAOPP13416000128475,7.0,0.0,7.0,0.0,1.0,1.0,0.0
AAAOPP13416000128638,9.0,0.0,9.0,0.0,4.0,1.0,0.0
AAAOPP13416000128660,7.0,0.0,7.0,0.0,1.0,1.0,0.0
AAAOPP13416000128822,9.0,1.0,8.0,0.0,2.0,1.1111111111111112,0.1111111111111111
AAAOPP13416000128837,11.0,0.0,9.0,2.0,1.0,0.8181818181818182,0.0
AAAOPP13416000128870,8.0,0.0,6.0,2.0,2.0,0.75,0.0
AAAOPP13416000128895,10.0,0.0,8.0,2.0,2.0,0.8,0.0
AAAOPP13416000129024,6.0,0.0,6.0,0.0,3.0,1.0,0.0
AAAOPP13416000129066,11.0,0.0,11.0,0.0,6.0,1.0,0.0
AAAOPP13416000129081,11.0,1.0,10.0,0.0,1.0,1.0909090909090908,0.09090909090909091
AAAOPP13416000129084,12.0,4.0,8.0,0.0,0.0,1.3333333333333333,0.3333333333333333
AAAOPP13416000129203,7.0,0.0,5.0,2.0,1.0,0.7142857142857143,0.0
AAAOPP13416000130142,4.0,0.0,4.0,0.0,0.0,1.0,0.0
AAAOPP13416000132017,13.0,0.0,13.0,0.0,3.0,1.0,0.0
AAAOPP13416000133187,6.0,0.0,6.0,0.0,1.0,1.0,0.0
AAAOPP13416000133672,12.0,0.0,9.0,3.0,0.0,0.75,0.0
AAAOPP13416000133967,7.0,0.0,7.0,0.0,2.0,1.0,0.0
AAAOPP13416000133985,7.0,0.0,6.0,1.0,2.0,0.8571428571428571,0.0
AAAOPP13416000133999,5.0,0.0,5.0,0.0,0.0,1.0,0.0
AAAOPP13416000134011,8.0,0.0,8.0,0.0,0.0,1.0,0.0
AAAOPP13416000134056,11.0,2.0,9.0,0.0,0.0,1.1818181818181819,0.18181818181818182
AAAOPP13416000134091,4.0,0.0,4.0,0.0,0.0,1.0,0.0
AAAOPP13416000134184,12.0,1.0,11.0,0.0,0.0,1.0833333333333333,0.08333333333333333
AAAOPP13416000134233,8.0,2.0,6.0,0.0,1.0,1.25,0.25
AAAOPP13416000134236,9.0,0.0,9.0,0.0,1.0,1.0,0.0
AAAOPP13416000134239,9.0,0.0,9.0,0.0,0.0,1.0,0.0
AAAOPP13416000134266,9.0,0.0,4.0,5.0,0.0,0.4444444444444444,0.0
AAAOPP13416000134267,10.0,0.0,9.0,1.0,1.0,0.9,0.0
AAAOPP13416000134290,7.0,2.0,5.0,0.0,1.0,1.2857142857142858,0.2857142857142857
AAAOPP13416000134340,8.0,0.0,8.0,0.0,0.0,1.0,0.0
AAAOPP13416000134417,19.0,4.0,15.0,0.0,0.0,1.2105263157894737,0.21052631578947367
AAAOPP13416000134428,7.0,1.0,6.0,0.0,2.0,1.1428571428571428,0.14285714285714285
AAAOPP13416000134619,10.0,0.0,8.0,2.0,0.0,0.8,0.0
AAAOPP13416000134632,5.0,2.0,3.0,0.0,0.0,1.4,0.4
AAAOPP13416000136435,5.0,0.0,5.0,0.0,0.0,1.0,0.0
AAAOPP13416000136485,6.0,0.0,6.0,0.0,2.0,1.0,0.0
AAAOPP13416000136528,12.0,3.0,9.0,0.0,0.0,1.25,0.25
AAAOPP13416000136534,13.0,1.0,12.0,0.0,3.0,1.0769230769230769,0.07692307692307693
AAAOPP13416000136558,10.0,0.0,10.0,0.0,0.0,1.0,0.0
AAAOPP13416000136563,9.0,0.0,8.0,1.0,5.0,0.8888888888888888,0.0
AAAOPP13416000136575,10.0,2.0,8.0,0.0,0.0,1.2,0.2
AAAOPP13416000136658,8.0,1.0,7.0,0.0,0.0,1.125,0.125
AAAOPP13416000136667,2.0,0.0,0.0,2.0,0.0,0.0,0.0
AAAOPP13416000136737,5.0,1.0,4.0,0.0,2.0,1.2,0.2
AAAOPP13416000136749,7.0,0.0,7.0,0.0,0.0,1.0,0.0
AAAOPP13416000136762,7.0,0.0,5.0,2.0,0.0,0.7142857142857143,0.0
AAAOPP13416000136780,7.0,0.0,6.0,1.0,0.0,0.8571428571428571,0.0
AAAOPP13416000136787,9.0,2.0,7.0,0.0,0.0,1.2222222222222223,0.2222222222222222
AAAOPP13416000136801,12.0,0.0,12.0,0.0,3.0,1.0,0.0
AAAOPP13416000136828,5.0,0.0,1.0,4.0,2.0,0.2,0.0
AAAOPP13416000136894,9.0,1.0,7.0,1.0,0.0,1.0,0.1111111111111111
AAAOPP13416000136895,9.0,0.0,9.0,0.0,2.0,1.0,0.0
AAAOPP13416000136943,9.0,1.0,8.0,0.0,0.0,1.1111111111111112,0.1111111111111111
AAAOPP13416000136953,3.0,0.0,3.0,0.0,0.0,1.0,0.0
AAAOPP13416000136962,8.0,4.0,4.0,0.0,1.0,1.5,0.5
AAAOPP13416000137020,11.0,2.0,9.0,0.0,6.0,1.1818181818181819,0.18181818181818182
AAAOPP13416000137028,10.0,0.0,10.0,0.0,0.0,1.0,0.0
AAAOPP13416000137029,10.0,0.0,10.0,0.0,1.0,1.0,0.0
AAAOPP13416000137055,8.0,0.0,8.0,0.0,3.0,1.0,0.0
AAAOPP13416000137069,5.0,0.0,5.0,0.0,0.0,1.0,0.0
AAAOPP13416000137070,10.0,1.0,9.0,0.0,1.0,1.1,0.1
AAAOPP13416000137091,9.0,0.0,9.0,0.0,1.0,1.0,0.0
AAAOPP13416000137097,7.0,1.0,6.0,0.0,0.0,1.1428571428571428,0.14285714285714285
AAAOPP13416000137176,8.0,0.0,8.0,0.0,1.0,1.0,0.0
AAAOPP13416000137179,7.0,3.0,4.0,0.0,0.0,1.4285714285714286,0.42857142857142855
AAAOPP13416000137220,14.0,1.0,13.0,0.0,4.0,1.0714285714285714,0.07142857142857142
AAAOPP13416000137261,8.0,0.0,8.0,0.0,0.0,1.0,0.0
AAAOPP13416000137275,9.0,3.0,6.0,0.0,3.0,1.3333333333333333,0.3333333333333333
AAAOPP13416000137293,11.0,6.0,5.0,0.0,1.0,1.5454545454545454,0.5454545454545454
AAAOPP13416000137327,7.0,0.0,7.0,0.0,2.0,1.0,0.0
AAAOPP13416000137354,9.0,2.0,7.0,0.0,2.0,1.2222222222222223,0.2222222222222222
AAAOPP13416000137360,12.0,0.0,12.0,0.0,6.0,1.0,0.0
AAAOPP13416000137363,12.0,1.0,11.0,0.0,2.0,1.0833333333333333,0.08333333333333333
AAAOPP13416000137424,4.0,0.0,4.0,0.0,2.0,1.0,0.0
AAAOPP13416000137438,4.0,0.0,4.0,0.0,1.0,1.0,0.0
AAAOPP13416000137493,6.0,3.0,3.0,0.0,0.0,1.5,0.5
AAAOPP13416000137559,8.0,0.0,8.0,0.0,1.0,1.0,0.0
AAAOPP13416000137602,11.0,0.0,9.0,2.0,2.0,0.8181818181818182,0.0
AAAOPP13416000137606,6.0,1.0,5.0,0.0,2.0,1.1666666666666667,0.16666666666666666
AAAOPP13416000137657,7.0,4.0,3.0,0.0,0.0,1.5714285714285714,0.5714285714285714
AAAOPP13416000137759,10.0,6.0,4.0,0.0,0.0,1.6,0.6
AAAOPP13416000137785,12.0,2.0,10.0,0.0,1.0,1.1666666666666667,0.16666666666666666
AAAOPP13416000137800,7.0,0.0,7.0,0.0,1.0,1.0,0.0
AAAOPP13416000137843,12.0,1.0,10.0,1.0,0.0,1.0,0.08333333333333333
AAAOPP13416000138144,9.0,0.0,9.0,0.0,5.0,1.0,0.0
AAAOPP13416000138173,9.0,1.0,8.0,0.0,2.0,1.1111111111111112,0.1111111111111111
AAAOPP13416000138261,13.0,9.0,4.0,0.0,1.0,1.6923076923076923,0.6923076923076923
AAAOPP13416000138330,10.0,1.0,9.0,0.0,0.0,1.1,0.1
AAAOPP13416000138374,9.0,0.0,9.0,0.0,0.0,1.0,0.0
AAAOPP13416000138578,7.0,2.0,5.0,0.0,0.0,1.2857142857142858,0.2857142857142857
AAAOPP13416000138598,12.0,0.0,12.0,0.0,0.0,1.0,0.0
AAAOPP13416000138610,11.0,0.0,11.0,0.0,0.0,1.0,0.0
AAAOPP13416000138626,7.0,0.0,7.0,0.0,5.0,1.0,0.0
AAAOPP13416000138633,9.0,0.0,9.0,0.0,0.0,1.0,0.0
AAAOPP13416000138750,11.0,5.0,6.0,0.0,3.0,1.4545454545454546,0.45454545454545453
AAAOPP13416000138770,9.0,0.0,9.0,0.0,0.0,1.0,0.0
AAAOPP13416000138794,8.0,0.0,8.0,0.0,1.0,1.0,0.0
AAAOPP13416000138803,9.0,0.0,9.0,0.0,2.0,1.0,0.0
AAAOPP13416000138949,14.0,0.0,14.0,0.0,4.0,1.0,0.0
AAAOPP13416000138968,13.0,3.0,10.0,0.0,0.0,1.2307692307692308,0.23076923076923078
AAAOPP13416000139070,9.0,3.0,6.0,0.0,3.0,1.3333333333333333,0.3333333333333333
AAAOPP13416000139078,6.0,0.0,6.0,0.0,1.0,1.0,0.0
AAAOPP13416000139092,13.0,8.0,5.0,0.0,0.0,1.6153846153846154,0.6153846153846154
AAAOPP13416000139248,6.0,2.0,4.0,0.0,0.0,1.3333333333333333,0.3333333333333333
AAAOPP13416000139346,8.0,0.0,8.0,0.0,0.0,1.0,0.0
AAAOPP13416000139401,8.0,3.0,5.0,0.0,3.0,1.375,0.375
AAAOPP13416000139405,7.0,2.0,5.0,0.0,1.0,1.2857142857142858,0.2857142857142857
AAAOPP13416000140236,12.0,0.0,12.0,0.0,2.0,1.0,0.0
AAAOPP13416000140268,12.0,0.0,12.0,0.0,2.0,1.0,0.0
AAAOPP13416000140300,10.0,1.0,9.0,0.0,3.0,1.1,0.1
AAAOPP13416000140366,12.0,2.0,10.0,0.0,3.0,1.1666666666666667,0.16666666666666666
AAAOPP13416000140411,6.0,0.0,2.0,4.0,1.0,0.3333333333333333,0.0
AAAOPP13416000140463,9.0,6.0,3.0,0.0,6.0,1.6666666666666667,0.6666666666666666
AAAOPP13416000140480,12.0,0.0,12.0,0.0,2.0,1.0,0.0
AAAOPP13416000140544,12.0,0.0,9.0,3.0,4.0,0.75,0.0
AAAOPP13416000140581,8.0,3.0,5.0,0.0,3.0,1.375,0.375
AAAOPP13416000140583,11.0,1.0,10.0,0.0,4.0,1.0909090909090908,0.09090909090909091
AAAOPP13416000140596,9.0,0.0,9.0,0.0,2.0,1.0,0.0
AAAOPP13416000140623,9.0,4.0,5.0,0.0,5.0,1.4444444444444444,0.4444444444444444
AAAOPP13416000140684,9.0,4.0,5.0,0.0,0.0,1.4444444444444444,0.4444444444444444
AAAOPP13416000140696,8.0,0.0,8.0,0.0,6.0,1.0,0.0
AAAOPP13416000140719,9.0,4.0,5.0,0.0,4.0,1.4444444444444444,0.4444444444444444
AAAOPP13416000140725,8.0,0.0,8.0,0.0,0.0,1.0,0.0
AAAOPP13416000140783,11.0,6.0,5.0,0.0,1.0,1.5454545454545454,0.5454545454545454
AAAOPP13416000140789,12.0,3.0,9.0,0.0,3.0,1.25,0.25
AAAOPP13416000142390,6.0,0.0,6.0,0.0,0.0,1.0,0.0
AAAOPP13416000142418,9.0,0.0,9.0,0.0,2.0,1.0,0.0
AAAOPP13416000142422,8.0,0.0,8.0,0.0,4.0,1.0,0.0
AAAOPP13416000143906,8.0,1.0,7.0,0.0,0.0,1.125,0.125
AAAOPP13416000143913,11.0,0.0,11.0,0.0,7.0,1.0,0.0
AAAOPP13416000143977,9.0,0.0,9.0,0.0,2.0,1.0,0.0
AAAOPP13416000144217,12.0,4.0,7.0,1.0,5.0,1.25,0.3333333333333333
AAAOPP13416000144222,10.0,0.0,10.0,0.0,1.0,1.0,0.0
AAAOPP13416000144238,9.0,5.0,4.0,0.0,1.0,1.5555555555555556,0.5555555555555556
AAAOPP13416000144398,7.0,0.0,7.0,0.0,0.0,1.0,0.0
AAAOPP13416000144607,3.0,0.0,3.0,0.0,1.0,1.0,0.0
AAAOPP13416000144630,10.0,2.0,8.0,0.0,0.0,1.2,0.2
AAAOPP13416000144633,7.0,0.0,7.0,0.0,1.0,1.0,0.0
AAAOPP13416000144691,7.0,1.0,6.0,0.0,0.0,1.1428571428571428,0.14285714285714285
AAAOPP13416000144736,10.0,0.0,10.0,0.0,4.0,1.0,0.0
AAAOPP13416000145614,15.0,7.0,8.0,0.0,0.0,1.4666666666666666,0.4666666666666667
AAAOPP13416000145667,8.0,0.0,8.0,0.0,0.0,1.0,0.0
AAAOPP13416000145672,9.0,0.0,9.0,0.0,0.0,1.0,0.0
AAAOPP13416000145673,9.0,0.0,9.0,0.0,3.0,1.0,0.0
AAAOPP13416000145684,5.0,1.0,4.0,0.0,0.0,1.2,0.2
AAAOPP13416000145704,10.0,3.0,7.0,0.0,4.0,1.3,0.3
AAAOPP13416000145707,8.0,0.0,7.0,1.0,2.0,0.875,0.0
AAAOPP13416000145753,8.0,0.0,8.0,0.0,0.0,1.0,0.0
AAAOPP13416000145759,11.0,0.0,11.0,0.0,0.0,1.0,0.0
AAAOPP13416000145835,13.0,0.0,13.0,0.0,3.0,1.0,0.0
AAAOPP13416000145844,7.0,0.0,7.0,0.0,2.0,1.0,0.0
AAAOPP13416000145853,8.0,1.0,7.0,0.0,0.0,1.125,0.125
AAAOPP13416000146010,3.0,0.0,3.0,0.0,0.0,1.0,0.0
AAAOPP13416000146023,8.0,1.0,7.0,0.0,0.0,1.125,0.125
AAAOPP13416000146029,2.0,0.0,2.0,0.0,0.0,1.0,0.0
AAAOPP13416000146034,1.0,0.0,0.0,1.0,0.0,0.0,0.0
AAAOPP13416000146073,8.0,0.0,8.0,0.0,0.0,1.0,0.0
AAAOPP13416000146090,7.0,0.0,6.0,1.0,0.0,0.8571428571428571,0.0
AAAOPP13416000146117,7.0,0.0,7.0,0.0,1.0,1.0,0.0
AAAOPP13416000146141,9.0,0.0,9.0,0.0,2.0,1.0,0.0
AAAOPP13416000146174,8.0,0.0,8.0,0.0,1.0,1.0,0.0
AAAOPP13416000146606,11.0,2.0,9.0,0.0,1.0,1.1818181818181819,0.18181818181818182
AAAOPP13416000146967,10.0,0.0,10.0,0.0,1.0,1.0,0.0
AAAOPP13416000147072,1.0,0.0,0.0,1.0,0.0,0.0,0.0
AAAOPP13416000147146,10.0,0.0,10.0,0.0,1.0,1.0,0.0
AAAOPP13416000147172,9.0,0.0,9.0,0.0,1.0,1.0,0.0
AAAOPP13416000147187,9.0,0.0,9.0,0.0,2.0,1.0,0.0
AAAOPP13416000147244,12.0,6.0,6.0,0.0,1.0,1.5,0.5
AAAOPP13416000147262,10.0,0.0,10.0,0.0,4.0,1.0,0.0
AAAOPP13416000147279,10.0,0.0,10.0,0.0,0.0,1.0,0.0
AAAOPP13416000147283,11.0,4.0,7.0,0.0,0.0,1.3636363636363635,0.36363636363636365
AAAOPP13416000147295,9.0,2.0,7.0,0.0,4.0,1.2222222222222223,0.2222222222222222
AAAOPP13416000147296,8.0,0.0,8.0,0.0,5.0,1.0,0.0
AAAOPP13416000147313,8.0,1.0,7.0,0.0,5.0,1.125,0.125
AAAOPP13416000147429,12.0,0.0,11.0,1.0,7.0,0.9166666666666666,0.0
AAAOPP13416000147455,22.0,14.0,8.0,0.0,3.0,1.6363636363636365,0.6363636363636364
AAAOPP13416000147475,9.0,5.0,4.0,0.0,2.0,1.5555555555555556,0.5555555555555556
AAAOPP13416000147545,7.0,0.0,7.0,0.0,1.0,1.0,0.0
AAAOPP13416000147564,9.0,5.0,4.0,0.0,1.0,1.5555555555555556,0.5555555555555556
AAAOPP13416000147574,9.0,0.0,9.0,0.0,5.0,1.0,0.0
AAAOPP13416000147577,7.0,1.0,6.0,0.0,1.0,1.1428571428571428,0.14285714285714285
AAAOPP13416000147638,10.0,0.0,10.0,0.0,5.0,1.0,0.0
AAAOPP13416000147679,9.0,1.0,8.0,0.0,4.0,1.1111111111111112,0.1111111111111111
AAAOPP13416000147738,9.0,0.0,9.0,0.0,1.0,1.0,0.0
AAAOPP13416000147740,11.0,2.0,9.0,0.0,1.0,1.1818181818181819,0.18181818181818182
AAAOPP13416000147766,2.0,0.0,1.0,1.0,1.0,0.5,0.0
AAAOPP13416000147789,12.0,1.0,11.0,0.0,4.0,1.0833333333333333,0.08333333333333333
AAAOPP13416000147836,14.0,0.0,14.0,0.0,7.0,1.0,0.0
AAAOPP13416000147872,5.0,0.0,5.0,0.0,0.0,1.0,0.0
AAAOPP13416000147926,9.0,0.0,9.0,0.0,3.0,1.0,0.0
AAAOPP13416000147930,4.0,0.0,4.0,0.0,0.0,1.0,0.0
AAAOPP13416000147932,9.0,8.0,1.0,0.0,1.0,1.8888888888888888,0.8888888888888888
AAAOPP13416000147933,13.0,0.0,12.0,1.0,6.0,0.9230769230769231,0.0
AAAOPP13416000147952,7.0,0.0,4.0,3.0,0.0,0.5714285714285714,0.0
AAAOPP13416000147988,10.0,1.0,9.0,0.0,1.0,1.1,0.1
AAAOPP13416000148001,10.0,0.0,10.0,0.0,0.0,1.0,0.0
AAAOPP13416000148023,7.0,0.0,7.0,0.0,0.0,1.0,0.0
AAAOPP13416000148041,11.0,2.0,9.0,0.0,3.0,1.1818181818181819,0.18181818181818182
AAAOPP13416000148085,9.0,0.0,8.0,1.0,1.0,0.8888888888888888,0.0
AAAOPP13416000148105,6.0,0.0,6.0,0.0,0.0,1.0,0.0
AAAOPP13416000148106,10.0,1.0,9.0,0.0,0.0,1.1,0.1
AAAOPP13416000148109,11.0,2.0,8.0,1.0,0.0,1.0909090909090908,0.18181818181818182
AAAOPP13416000148112,6.0,0.0,6.0,0.0,2.0,1.0,0.0
AAAOPP13416000148144,6.0,0.0,4.0,2.0,0.0,0.6666666666666666,0.0
AAAOPP13416000148153,6.0,0.0,4.0,2.0,1.0,0.6666666666666666,0.0
AAAOPP13416000148169,9.0,0.0,9.0,0.0,1.0,1.0,0.0
AAAOPP13416000148171,5.0,0.0,5.0,0.0,2.0,1.0,0.0
AAAOPP13416000148172,5.0,1.0,4.0,0.0,1.0,1.2,0.2
AAAOPP13416000148187,8.0,2.0,6.0,0.0,0.0,1.25,0.25
AAAOPP13416000148201,12.0,0.0,12.0,0.0,3.0,1.0,0.0
AAAOPP13416000148204,12.0,2.0,10.0,0.0,0.0,1.1666666666666667,0.16666666666666666
AAAOPP13416000148213,9.0,0.0,9.0,0.0,1.0,1.0,0.0
AAAOPP13416000148214,5.0,0.0,5.0,0.0,4.0,1.0,0.0
AAAOPP13416000148229,9.0,0.0,9.0,0.0,4.0,1.0,0.0
AAAOPP13416000148246,8.0,0.0,8.0,0.0,3.0,1.0,0.0
AAAOPP13416000148248,9.0,0.0,9.0,0.0,3.0,1.0,0.0
AAAOPP13416000148579,10.0,2.0,8.0,0.0,3.0,1.2,0.2
AAAOPP13416000149353,12.0,0.0,12.0,0.0,1.0,1.0,0.0
AAAOPP13416000149849,1.0,0.0,0.0,1.0,0.0,0.0,0.0
AAAOPP13416000149864,14.0,0.0,14.0,0.0,3.0,1.0,0.0
AAAOPP13416000149943,9.0,0.0,9.0,0.0,0.0,1.0,0.0
AAAOPP13416000149961,9.0,0.0,9.0,0.0,3.0,1.0,0.0
AAAOPP13416000149989,9.0,0.0,9.0,0.0,6.0,1.0,0.0
AAAOPP13416000149992,1.0,0.0,1.0,0.0,0.0,1.0,0.0
AAAOPP13416000154730,8.0,0.0,8.0,0.0,2.0,1.0,0.0
AAAOPP13416000154735,9.0,0.0,9.0,0.0,3.0,1.0,0.0
AAAOPP13416000161355,8.0,3.0,5.0,0.0,5.0,1.375,0.375
AAAOPP13416000161382,9.0,0.0,9.0,0.0,0.0,1.0,0.0
AAAOPP13416000161466,8.0,0.0,8.0,0.0,0.0,1.0,0.0
AAAOPP13416000161475,5.0,0.0,4.0,1.0,0.0,0.8,0.0
AAAOPP13416000162494,7.0,0.0,7.0,0.0,0.0,1.0,0.0
AAAOPP13416000162599,6.0,0.0,6.0,0.0,1.0,1.0,0.0
AAAOPP13416000162852,13.0,0.0,12.0,1.0,2.0,0.9230769230769231,0.0
AAAOPP13416000168816,4.0,0.0,4.0,0.0,0.0,1.0,0.0
AAAOPP13416000169081,7.0,0.0,7.0,0.0,0.0,1.0,0.0
AAAOPP13416000174763,5.0,0.0,5.0,0.0,0.0,1.0,0.0
AAAOPP13416000174796,15.0,2.0,12.0,1.0,1.0,1.0666666666666667,0.13333333333333333
AAAOPP13416000174797,7.0,2.0,5.0,0.0,1.0,1.2857142857142858,0.2857142857142857
AAAOPP13416000174872,11.0,0.0,11.0,0.0,0.0,1.0,0.0
AAAOPP13416000175647,3.0,0.0,2.0,1.0,1.0,0.6666666666666666,0.0
AAAOPP13416000175687,7.0,0.0,7.0,0.0,0.0,1.0,0.0
AAAOPP13416000175736,7.0,0.0,3.0,4.0,0.0,0.42857142857142855,0.0
AAAOPP13416000175772,10.0,3.0,7.0,0.0,1.0,1.3,0.3
AAAOPP13416000175824,11.0,4.0,7.0,0.0,3.0,1.3636363636363635,0.36363636363636365
AAAOPP13416000175855,6.0,0.0,6.0,0.0,1.0,1.0,0.0
AAAOPP13416000175909,10.0,1.0,9.0,0.0,2.0,1.1,0.1
AAAOPP13416000175917,6.0,0.0,5.0,1.0,1.0,0.8333333333333334,0.0
AAAOPP13416000175918,9.0,0.0,9.0,0.0,3.0,1.0,0.0
AAAOPP13416000176617,4.0,0.0,4.0,0.0,0.0,1.0,0.0
AAAOPP13416000178926,11.0,1.0,8.0,2.0,5.0,0.9090909090909091,0.09090909090909091
AAAOPP13416000178928,9.0,0.0,8.0,1.0,2.0,0.8888888888888888,0.0
AAAOPP13416000178960,6.0,0.0,6.0,0.0,3.0,1.0,0.0
AAAOPP13416000179021,11.0,0.0,11.0,0.0,2.0,1.0,0.0
AAAOPP13416000179046,5.0,0.0,5.0,0.0,0.0,1.0,0.0
AAAOPP13416000179050,12.0,1.0,11.0,0.0,0.0,1.0833333333333333,0.08333333333333333
AAAOPP13416000179058,6.0,0.0,6.0,0.0,0.0,1.0,0.0
AAAOPP13416000179107,11.0,9.0,2.0,0.0,0.0,1.8181818181818181,0.8181818181818182
AAAOPP13416000179201,9.0,0.0,9.0,0.0,1.0,1.0,0.0
AAAOPP13416000179243,8.0,1.0,7.0,0.0,0.0,1.125,0.125
AAAOPP13416000179325,10.0,1.0,8.0,1.0,0.0,1.0,0.1
AAAOPP13416000179365,7.0,6.0,1.0,0.0,0.0,1.8571428571428572,0.8571428571428571
AAAOPP13416000179412,12.0,0.0,11.0,1.0,5.0,0.9166666666666666,0.0
AAAOPP13416000179616,13.0,0.0,13.0,0.0,2.0,1.0,0.0
AAAOPP13416000179701,7.0,0.0,7.0,0.0,0.0,1.0,0.0
AAAOPP13416000179718,7.0,0.0,7.0,0.0,0.0,1.0,0.0
AAAOPP13416000179827,5.0,0.0,5.0,0.0,2.0,1.0,0.0
AAAOPP13416000179865,6.0,0.0,6.0,0.0,0.0,1.0,0.0
AAAOPP13416000181157,7.0,0.0,7.0,0.0,4.0,1.0,0.0
AAAOPP13416000181164,2.0,0.0,1.0,1.0,0.0,0.5,0.0
AAAOPP13416000181173,10.0,0.0,7.0,3.0,4.0,0.7,0.0
AAAOPP13416000181178,8.0,0.0,8.0,0.0,3.0,1.0,0.0
AAAOPP13416000181181,7.0,2.0,5.0,0.0,1.0,1.2857142857142858,0.2857142857142857
AAAOPP13416000181185,3.0,0.0,1.0,2.0,2.0,0.3333333333333333,0.0
AAAOPP13416000181806,12.0,0.0,10.0,2.0,4.0,0.8333333333333334,0.0
AAAOPP13416000181810,4.0,0.0,4.0,0.0,0.0,1.0,0.0
AAAOPP13416000181910,5.0,0.0,5.0,0.0,3.0,1.0,0.0
AAAOPP13416000183037,10.0,0.0,10.0,0.0,4.0,1.0,0.0
AAAOPP13416000186885,9.0,0.0,7.0,2.0,0.0,0.7777777777777778,0.0
AAAOPP13416000192996,12.0,0.0,12.0,0.0,1.0,1.0,0.0
AAAOPP13416000193032,6.0,5.0,1.0,0.0,0.0,1.8333333333333333,0.8333333333333334
AAAOPP13416000193044,7.0,0.0,7.0,0.0,1.0,1.0,0.0
AAAOPP13416000193061,5.0,2.0,3.0,0.0,1.0,1.4,0.4
AAAOPP13416000193099,6.0,0.0,6.0,0.0,0.0,1.0,0.0
AAAOPP13416000193192,10.0,0.0,10.0,0.0,2.0,1.0,0.0
AAAOPP13416000193240,16.0,11.0,5.0,0.0,1.0,1.6875,0.6875
AAAOPP13416000193578,5.0,0.0,5.0,0.0,0.0,1.0,0.0
AAAOPP13416000196619,12.0,0.0,12.0,0.0,1.0,1.0,0.0
AAAOPP13416000196629,9.0,0.0,9.0,0.0,3.0,1.0,0.0
AAAOPP13416000196735,7.0,0.0,7.0,0.0,0.0,1.0,0.0
AAAOPP13416000197019,12.0,3.0,9.0,0.0,1.0,1.25,0.25
AAAOPP13416000197511,13.0,1.0,12.0,0.0,5.0,1.0769230769230769,0.07692307692307693
AAAOPP13416000197973,22.0,15.0,7.0,0.0,0.0,1.6818181818181819,0.6818181818181818
AAAOPP13416000198700,12.0,0.0,12.0,0.0,0.0,1.0,0.0
AAAOPP13416000198747,18.0,0.0,16.0,2.0,1.0,0.8888888888888888,0.0
AAAOPP13416000198805,9.0,0.0,8.0,1.0,0.0,0.8888888888888888,0.0
AAAOPP13416000198816,8.0,2.0,6.0,0.0,1.0,1.25,0.25
AAAOPP13416000198824,10.0,4.0,6.0,0.0,1.0,1.4,0.4
AAAOPP13416000198904,10.0,5.0,5.0,0.0,0.0,1.5,0.5
AAAOPP13416000198958,9.0,0.0,7.0,2.0,5.0,0.7777777777777778,0.0
AAAOPP13416000199023,5.0,0.0,5.0,0.0,1.0,1.0,0.0
AAAOPP13416000199069,11.0,1.0,10.0,0.0,2.0,1.0909090909090908,0.09090909090909091
AAAOPP13416000199150,12.0,7.0,5.0,0.0,1.0,1.5833333333333333,0.5833333333333334
AAAOPP13416000199228,25.0,0.0,25.0,0.0,0.0,1.0,0.0
AAAOPP13416000199875,18.0,0.0,17.0,1.0,2.0,0.9444444444444444,0.0
AAAOPP13416000199903,9.0,0.0,9.0,0.0,4.0,1.0,0.0
AAAOPP13416000208151,9.0,0.0,9.0,0.0,0.0,1.0,0.0
AAAOPP13416000208474,5.0,3.0,2.0,0.0,0.0,1.6,0.6
AAAOPP13416000208748,11.0,0.0,10.0,1.0,4.0,0.9090909090909091,0.0
AAAOPP13416000208792,9.0,7.0,2.0,0.0,3.0,1.7777777777777777,0.7777777777777778
AAAOPP13416000208814,9.0,0.0,7.0,2.0,2.0,0.7777777777777778,0.0
AAAOPP13416000208880,9.0,0.0,9.0,0.0,0.0,1.0,0.0
AAAOPP13416000208929,7.0,0.0,7.0,0.0,2.0,1.0,0.0
AAAOPP13416000208937,3.0,0.0,2.0,1.0,1.0,0.6666666666666666,0.0
AAAOPP13416000208941,9.0,0.0,9.0,0.0,0.0,1.0,0.0
AAAOPP13416000208983,9.0,0.0,9.0,0.0,3.0,1.0,0.0
AAAOPP13416000209001,14.0,1.0,13.0,0.0,3.0,1.0714285714285714,0.07142857142857142
AAAOPP13416000209083,12.0,3.0,9.0,0.0,0.0,1.25,0.25
AAAOPP13416000211668,4.0,0.0,3.0,1.0,0.0,0.75,0.0
AAAOPP13416000212067,10.0,0.0,10.0,0.0,1.0,1.0,0.0
AAAOPP13416000212151,5.0,0.0,4.0,1.0,0.0,0.8,0.0
AAAOPP13416000215438,10.0,0.0,8.0,2.0,1.0,0.8,0.0
AAAOPP13416000215457,10.0,0.0,8.0,2.0,0.0,0.8,0.0
AAAOPP13416000215464,10.0,3.0,6.0,1.0,0.0,1.2,0.3
AAAOPP13416000216922,6.0,0.0,5.0,1.0,0.0,0.8333333333333334,0.0
AAAOPP13416000217758,7.0,0.0,4.0,3.0,1.0,0.5714285714285714,0.0
AAAOPP13416000217929,1.0,0.0,0.0,1.0,0.0,0.0,0.0
AAAOPP13416000217958,2.0,0.0,0.0,2.0,0.0,0.0,0.0
AAAOPP13416000217973,5.0,0.0,5.0,0.0,0.0,1.0,0.0
AAAOPP13416000217979,8.0,1.0,7.0,0.0,0.0,1.125,0.125
AAAOPP13416000218328,3.0,0.0,2.0,1.0,1.0,0.6666666666666666,0.0
AAAOPP13416000218332,12.0,2.0,10.0,0.0,1.0,1.1666666666666667,0.16666666666666666
AAAOPP13416000218343,10.0,0.0,9.0,1.0,0.0,0.9,0.0
AAAOPP13416000218363,9.0,0.0,8.0,1.0,4.0,0.8888888888888888,0.0
AAAOPP13416000218388,9.0,0.0,9.0,0.0,2.0,1.0,0.0
AAAOPP13416000218394,5.0,0.0,5.0,0.0,2.0,1.0,0.0
AAAOPP13416000218395,6.0,0.0,6.0,0.0,1.0,1.0,0.0
AAAOPP13416000218405,5.0,0.0,5.0,0.0,1.0,1.0,0.0
AAAOPP13416000218432,8.0,0.0,8.0,0.0,1.0,1.0,0.0
AAAOPP13416000218484,8.0,0.0,8.0,0.0,0.0,1.0,0.0
AAAOPP13416000218501,10.0,0.0,5.0,5.0,0.0,0.5,0.0
AAAOPP13416000218507,9.0,0.0,9.0,0.0,5.0,1.0,0.0
AAAOPP13416000218526,10.0,0.0,10.0,0.0,3.0,1.0,0.0
AAAOPP13416000218657,7.0,0.0,7.0,0.0,0.0,1.0,0.0
AAAOPP13416000218730,11.0,0.0,11.0,0.0,3.0,1.0,0.0
AAAOPP13416000218763,4.0,0.0,3.0,1.0,1.0,0.75,0.0
AAAOPP13416000218780,12.0,0.0,12.0,0.0,3.0,1.0,0.0
AAAOPP13416000218789,8.0,1.0,7.0,0.0,5.0,1.125,0.125
AAAOPP13416000218790,5.0,0.0,5.0,0.0,1.0,1.0,0.0
AAAOPP13416000218793,8.0,0.0,8.0,0.0,0.0,1.0,0.0
AAAOPP13416000218796,9.0,0.0,9.0,0.0,4.0,1.0,0.0
AAAOPP13416000218848,9.0,0.0,9.0,0.0,4.0,1.0,0.0
AAAOPP13416000219334,9.0,3.0,6.0,0.0,4.0,1.3333333333333333,0.3333333333333333
AAAOPP13416000219369,11.0,2.0,9.0,0.0,2.0,1.1818181818181819,0.18181818181818182
AAAOPP13416000219375,5.0,0.0,5.0,0.0,0.0,1.0,0.0
AAAOPP13416000219390,10.0,1.0,9.0,0.0,0.0,1.1,0.1
AAAOPP13416000219519,9.0,0.0,9.0,0.0,1.0,1.0,0.0
AAAOPP13416000219688,7.0,0.0,7.0,0.0,1.0,1.0,0.0
AAAOPP13416000219723,4.0,0.0,4.0,0.0,0.0,1.0,0.0
AAAOPP13416000225889,7.0,1.0,6.0,0.0,3.0,1.1428571428571428,0.14285714285714285
AAAOPP13416000232592,8.0,0.0,8.0,0.0,0.0,1.0,0.0
AAAOPP13416000232620,12.0,0.0,12.0,0.0,0.0,1.0,0.0
AAAOPP13416000232673,11.0,2.0,9.0,0.0,4.0,1.1818181818181819,0.18181818181818182
AAAOPP13416000232699,11.0,5.0,6.0,0.0,1.0,1.4545454545454546,0.45454545454545453
AAAOPP13416000232759,4.0,0.0,4.0,0.0,0.0,1.0,0.0
AAAOPP13416000232812,9.0,5.0,4.0,0.0,0.0,1.5555555555555556,0.5555555555555556
AAAOPP13416000232864,5.0,1.0,4.0,0.0,0.0,1.2,0.2
AAAOPP13416000232900,6.0,0.0,6.0,0.0,3.0,1.0,0.0
AAAOPP13416000232985,6.0,1.0,5.0,0.0,0.0,1.1666666666666667,0.16666666666666666
AAAOPP13416000233094,7.0,0.0,7.0,0.0,0.0,1.0,0.0
AAAOPP13416000233168,6.0,0.0,6.0,0.0,2.0,1.0,0.0
AAAOPP13416000233558,4.0,0.0,3.0,1.0,0.0,0.75,0.0
AAAOPP13416000233562,3.0,0.0,3.0,0.0,0.0,1.0,0.0
AAAOPP13416000233566,12.0,6.0,6.0,0.0,3.0,1.5,0.5
AAAOPP13416000235177,12.0,1.0,11.0,0.0,3.0,1.0833333333333333,0.08333333333333333
AAAOPP13416000235827,8.0,0.0,4.0,4.0,1.0,0.5,0.0
AAAOPP13416000236134,7.0,0.0,5.0,2.0,1.0,0.7142857142857143,0.0
AAAOPP13416000238175,12.0,0.0,12.0,0.0,4.0,1.0,0.0
AAAOPP13416000238279,9.0,0.0,9.0,0.0,1.0,1.0,0.0
AAAOPP13416000238313,8.0,3.0,3.0,2.0,2.0,1.125,0.375
AAAOPP13416000238344,8.0,0.0,8.0,0.0,4.0,1.0,0.0
AAAOPP13416000238365,8.0,0.0,8.0,0.0,0.0,1.0,0.0
AAAOPP13416000238371,12.0,6.0,6.0,0.0,2.0,1.5,0.5
AAAOPP13416000238378,8.0,1.0,7.0,0.0,0.0,1.125,0.125
AAAOPP13416000238436,10.0,1.0,9.0,0.0,1.0,1.1,0.1
AAAOPP13416000238459,7.0,0.0,7.0,0.0,2.0,1.0,0.0
AAAOPP13416000238465,8.0,0.0,8.0,0.0,1.0,1.0,0.0
AAAOPP13416000238526,5.0,0.0,5.0,0.0,0.0,1.0,0.0
AAAOPP13416000238538,12.0,0.0,10.0,2.0,5.0,0.8333333333333334,0.0
AAAOPP13416000238571,11.0,2.0,9.0,0.0,0.0,1.1818181818181819,0.18181818181818182
AAAOPP13416000241748,6.0,0.0,6.0,0.0,0.0,1.0,0.0
AAAOPP13416000241774,12.0,0.0,12.0,0.0,0.0,1.0,0.0
AAAOPP13416000241860,10.0,1.0,9.0,0.0,1.0,1.1,0.1
AAAOPP13416000260418,8.0,1.0,7.0,0.0,1.0,1.125,0.125
AAAOPP13416000283768,1.0,0.0,0.0,1.0,0.0,0.0,0.0
AAAOPP13416000283774,11.0,0.0,2.0,9.0,0.0,0.18181818181818182,0.0
AAATRP14318000027404,9.0,0.0,9.0,0.0,3.0,1.0,0.0
AAATRP14318000030431,8.0,0.0,8.0,0.0,1.0,1.0,0.0
AAATRP14318000054477,4.0,0.0,3.0,1.0,0.0,0.75,0.0
AAATRP14318000062293,7.0,0.0,7.0,0.0,0.0,1.0,0.0
AAATRP14318000072239,8.0,0.0,6.0,2.0,3.0,0.75,0.0
AAATRP14318000075088,10.0,0.0,8.0,2.0,1.0,0.8,0.0
AAATRP14318000085214,4.0,3.0,1.0,0.0,0.0,1.75,0.75
AAATRP14318000093272,5.0,0.0,5.0,0.0,0.0,1.0,0.0
AAATRP14318000120944,6.0,0.0,6.0,0.0,0.0,1.0,0.0
AAATRP14318000121042,11.0,4.0,7.0,0.0,2.0,1.3636363636363635,0.36363636363636365
AAATRP14318000121057,4.0,0.0,0.0,4.0,0.0,0.0,0.0
AAATRP14318000121344,7.0,4.0,3.0,0.0,2.0,1.5714285714285714,0.5714285714285714
AAATRP14318000123577,9.0,4.0,5.0,0.0,3.0,1.4444444444444444,0.4444444444444444
AAATRP14318000123587,11.0,0.0,11.0,0.0,0.0,1.0,0.0
AAATRP14318000135520,7.0,0.0,4.0,3.0,1.0,0.5714285714285714,0.0
AAATRP14318000139470,7.0,0.0,1.0,6.0,1.0,0.14285714285714285,0.0
AAATRP14318000139483,8.0,0.0,5.0,3.0,1.0,0.625,0.0
AAATRP14318000139487,7.0,0.0,3.0,4.0,0.0,0.42857142857142855,0.0
AAATRP14318000140312,8.0,0.0,7.0,1.0,3.0,0.875,0.0
AAATRP14318000158095,7.0,0.0,7.0,0.0,1.0,1.0,0.0
AAATRP14318000158140,14.0,6.0,8.0,0.0,1.0,1.4285714285714286,0.42857142857142855
AAATRP14318000158188,7.0,0.0,7.0,0.0,1.0,1.0,0.0
AAATRP14318000160251,6.0,0.0,6.0,0.0,0.0,1.0,0.0
AAATRP14318000160316,11.0,0.0,10.0,1.0,0.0,0.9090909090909091,0.0
AAATRP14318000161614,8.0,0.0,8.0,0.0,1.0,1.0,0.0
AAATRP14318000165629,9.0,0.0,9.0,0.0,0.0,1.0,0.0
AAATRP14318000165639,9.0,0.0,9.0,0.0,0.0,1.0,0.0
AAATRP14318000165876,8.0,0.0,8.0,0.0,0.0,1.0,0.0
AAATRP14318000165926,11.0,0.0,9.0,2.0,0.0,0.8181818181818182,0.0
AAATRP14318000166001,14.0,1.0,13.0,0.0,0.0,1.0714285714285714,0.07142857142857142
AAATRP14318000166002,10.0,0.0,10.0,0.0,0.0,1.0,0.0
AAATRP14318000166069,13.0,0.0,13.0,0.0,1.0,1.0,0.0
AAATRP14318000166170,7.0,0.0,6.0,1.0,0.0,0.8571428571428571,0.0
AAATRP14318000166190,3.0,0.0,2.0,1.0,1.0,0.6666666666666666,0.0
AAATRP14318000166305,13.0,0.0,11.0,2.0,0.0,0.8461538461538461,0.0
AAATRP14318000168848,8.0,0.0,8.0,0.0,0.0,1.0,0.0
AAATRP14318000168924,5.0,0.0,5.0,0.0,0.0,1.0,0.0
AAATRP14318000170783,9.0,3.0,6.0,0.0,0.0,1.3333333333333333,0.3333333333333333
AAATRP14318000174275,3.0,0.0,0.0,3.0,0.0,0.0,0.0
AAATRP14318000177210,6.0,0.0,6.0,0.0,1.0,1.0,0.0
AAATRP14318000177283,12.0,10.0,2.0,0.0,0.0,1.8333333333333333,0.8333333333333334
AAATRP14318000177349,7.0,0.0,6.0,1.0,1.0,0.8571428571428571,0.0
AAATRP14318000177539,7.0,0.0,7.0,0.0,0.0,1.0,0.0
AAATRP14318000177680,8.0,3.0,5.0,0.0,0.0,1.375,0.375
AAATRP14318000187276,11.0,7.0,4.0,0.0,1.0,1.6363636363636365,0.6363636363636364
AAATRP14318000189196,11.0,0.0,11.0,0.0,0.0,1.0,0.0
AAATRP14318000189850,8.0,0.0,8.0,0.0,0.0,1.0,0.0
AAATRP14318000189929,2.0,0.0,0.0,2.0,0.0,0.0,0.0
AAATRP14318000190072,11.0,0.0,8.0,3.0,1.0,0.7272727272727273,0.0
AAATRP14318000190085,12.0,0.0,12.0,0.0,1.0,1.0,0.0
AAATRP14318000190567,8.0,0.0,8.0,0.0,0.0,1.0,0.0
AAATRP14318000191653,6.0,0.0,6.0,0.0,0.0,1.0,0.0
AAATRP14318000192448,6.0,0.0,6.0,0.0,1.0,1.0,0.0
AAATRP14318000192615,12.0,2.0,10.0,0.0,3.0,1.1666666666666667,0.16666666666666666
AAATRP14318000193121,7.0,0.0,7.0,0.0,0.0,1.0,0.0
AAATRP14318000193835,9.0,1.0,7.0,1.0,1.0,1.0,0.1111111111111111
AAATRP14318000194047,12.0,2.0,10.0,0.0,0.0,1.1666666666666667,0.16666666666666666
AAATRP14318000201013,5.0,0.0,3.0,2.0,0.0,0.6,0.0
AAATRP14318000201206,10.0,1.0,9.0,0.0,0.0,1.1,0.1
AAATRP14318000202927,12.0,0.0,12.0,0.0,1.0,1.0,0.0
AAATRP14318000207112,10.0,3.0,7.0,0.0,0.0,1.3,0.3
AAATRP14318000207245,9.0,0.0,9.0,0.0,1.0,1.0,0.0
AAATRP14318000207858,11.0,0.0,8.0,3.0,1.0,0.7272727272727273,0.0
AAATRP14318000208009,10.0,0.0,10.0,0.0,0.0,1.0,0.0
AAATRP14318000208017,12.0,0.0,12.0,0.0,1.0,1.0,0.0
AAATRP14318000208022,11.0,0.0,8.0,3.0,0.0,0.7272727272727273,0.0
AAATRP14318000208050,8.0,0.0,4.0,4.0,0.0,0.5,0.0
AAATRP14318000208062,9.0,0.0,9.0,0.0,0.0,1.0,0.0
AAATRP14318000210968,13.0,6.0,7.0,0.0,0.0,1.4615384615384615,0.46153846153846156
AAATRP14318000211110,10.0,0.0,10.0,0.0,0.0,1.0,0.0
AAATRP14318000221435,14.0,1.0,13.0,0.0,2.0,1.0714285714285714,0.07142857142857142
AAATRP14318000222075,11.0,1.0,10.0,0.0,0.0,1.0909090909090908,0.09090909090909091
AAATRP14318000222098,13.0,1.0,11.0,1.0,0.0,1.0,0.07692307692307693
AAATRP14318000222146,4.0,0.0,4.0,0.0,0.0,1.0,0.0
AAATRP14318000229559,5.0,0.0,5.0,0.0,0.0,1.0,0.0
AAATRP14318000230184,12.0,0.0,10.0,2.0,2.0,0.8333333333333334,0.0
AAATRP14318000238661,8.0,0.0,8.0,0.0,0.0,1.0,0.0
AAATRP14318000241564,7.0,6.0,1.0,0.0,0.0,1.8571428571428572,0.8571428571428571
AAATRP14318000248050,9.0,0.0,8.0,1.0,2.0,0.8888888888888888,0.0
AAATRP14318000249970,6.0,0.0,5.0,1.0,1.0,0.8333333333333334,0.0
AAATRP14318000250728,9.0,0.0,8.0,1.0,0.0,0.8888888888888888,0.0
AAATRP14318000250765,8.0,0.0,5.0,3.0,0.0,0.625,0.0
AAATRP14318000252725,8.0,0.0,6.0,2.0,0.0,0.75,0.0
AAATRP14318000254940,9.0,0.0,9.0,0.0,2.0,1.0,0.0
AAATRP14318000254976,7.0,0.0,7.0,0.0,1.0,1.0,0.0
AAATRP14318000256909,5.0,0.0,5.0,0.0,0.0,1.0,0.0
AAATRP14318000256910,9.0,0.0,7.0,2.0,0.0,0.7777777777777778,0.0
AAATRP14318000256959,9.0,0.0,5.0,4.0,0.0,0.5555555555555556,0.0
AAATRP14318000257682,7.0,1.0,6.0,0.0,0.0,1.1428571428571428,0.14285714285714285
AAATRP14318000261642,9.0,9.0,0.0,0.0,1.0,2.0,1.0
AAATRP14318000266541,12.0,0.0,12.0,0.0,2.0,1.0,0.0
AAATRP14318000267396,12.0,0.0,10.0,2.0,1.0,0.8333333333333334,0.0
AAATRP14318000270176,12.0,0.0,0.0,12.0,1.0,0.0,0.0
AAATRP14318000270605,12.0,2.0,10.0,0.0,1.0,1.1666666666666667,0.16666666666666666
AAATRP14318000272397,14.0,0.0,13.0,1.0,4.0,0.9285714285714286,0.0
AAATRP14318000273899,5.0,0.0,4.0,1.0,0.0,0.8,0.0
AAATRP14318000274798,13.0,2.0,11.0,0.0,0.0,1.1538461538461537,0.15384615384615385
AAATRP14318000274991,13.0,1.0,12.0,0.0,0.0,1.0769230769230769,0.07692307692307693
AAATRP14318000276137,12.0,10.0,2.0,0.0,0.0,1.8333333333333333,0.8333333333333334
AAATRP14318000277349,4.0,0.0,2.0,2.0,0.0,0.5,0.0
AAATRP14318000277533,8.0,0.0,8.0,0.0,0.0,1.0,0.0
AAATRP14318000280384,11.0,0.0,2.0,9.0,0.0,0.18181818181818182,0.0
AAATRP14318000280428,5.0,0.0,4.0,1.0,0.0,0.8,0.0
AAATRP14318000283366,8.0,0.0,8.0,0.0,1.0,1.0,0.0
AAATRP14318000285082,12.0,4.0,8.0,0.0,2.0,1.3333333333333333,0.3333333333333333
AAATRP14318000290269,7.0,0.0,7.0,0.0,0.0,1.0,0.0
AAATRP14318000292338,9.0,0.0,9.0,0.0,1.0,1.0,0.0
AAATRP14318000292942,7.0,0.0,7.0,0.0,0.0,1.0,0.0
AAATRP14318000293487,5.0,0.0,2.0,3.0,0.0,0.4,0.0
AAATRP14318000293590,10.0,0.0,10.0,0.0,0.0,1.0,0.0
AAATRP14318000293628,8.0,0.0,6.0,2.0,0.0,0.75,0.0
AAATRP14318000293861,9.0,0.0,9.0,0.0,1.0,1.0,0.0
AAATRP14318000293865,5.0,0.0,3.0,2.0,0.0,0.6,0.0
AAATRP14318000293965,12.0,0.0,12.0,0.0,0.0,1.0,0.0
AAATRP14318000294328,7.0,0.0,5.0,2.0,0.0,0.7142857142857143,0.0
AAATRP14318000294573,8.0,0.0,8.0,0.0,0.0,1.0,0.0
AAATRP14318000294658,13.0,0.0,11.0,2.0,0.0,0.8461538461538461,0.0
AAATRP14318000299507,7.0,0.0,7.0,0.0,1.0,1.0,0.0
AAATRP14318000299852,9.0,0.0,9.0,0.0,0.0,1.0,0.0
AAATRP14318000300848,1.0,0.0,0.0,1.0,0.0,0.0,0.0
AAATRP14318000301026,5.0,0.0,5.0,0.0,0.0,1.0,0.0
AAATRP14318000304596,12.0,0.0,12.0,0.0,0.0,1.0,0.0
AAATRP14318000304816,10.0,0.0,10.0,0.0,0.0,1.0,0.0
AAATRP14318000304926,4.0,0.0,0.0,4.0,0.0,0.0,0.0
AAATRP14318000304991,7.0,0.0,4.0,3.0,2.0,0.5714285714285714,0.0
AAATRP14318000305094,9.0,0.0,9.0,0.0,0.0,1.0,0.0
AAATRP14318000308259,8.0,0.0,8.0,0.0,0.0,1.0,0.0
AAATRP14318000312470,12.0,6.0,6.0,0.0,2.0,1.5,0.5
AAATRP14318000312601,5.0,0.0,2.0,3.0,1.0,0.4,0.0
AAATRP14318000312662,12.0,0.0,12.0,0.0,1.0,1.0,0.0
AAATRP14318000312683,12.0,0.0,12.0,0.0,0.0,1.0,0.0
AAATRP14318000314316,8.0,0.0,6.0,2.0,1.0,0.75,0.0
AAATRP14318000317156,1.0,0.0,0.0,1.0,0.0,0.0,0.0
AAATRP14318000317166,5.0,0.0,4.0,1.0,0.0,0.8,0.0
AAATRP14318000317209,7.0,0.0,4.0,3.0,0.0,0.5714285714285714,0.0
AAATRP14318000317613,4.0,0.0,4.0,0.0,1.0,1.0,0.0
AAATRP14318000318061,5.0,0.0,3.0,2.0,0.0,0.6,0.0
AAATRP14318000318097,12.0,3.0,9.0,0.0,4.0,1.25,0.25
AAATRP14318000318209,8.0,5.0,3.0,0.0,0.0,1.625,0.625
AAATRP14318000318685,6.0,0.0,3.0,3.0,1.0,0.5,0.0
AAATRP14318000318732,6.0,0.0,6.0,0.0,1.0,1.0,0.0
AAATRP14318000318749,6.0,0.0,6.0,0.0,0.0,1.0,0.0
AAATRP14318000318955,8.0,0.0,8.0,0.0,1.0,1.0,0.0
AAATRP14318000325415,9.0,0.0,9.0,0.0,1.0,1.0,0.0
AAATRP14318000326272,8.0,0.0,8.0,0.0,0.0,1.0,0.0
AAATRP14318000332439,11.0,0.0,5.0,6.0,1.0,0.45454545454545453,0.0
AAATRP14318000337378,2.0,0.0,0.0,2.0,0.0,0.0,0.0
AAATRP14318000337469,10.0,0.0,7.0,3.0,2.0,0.7,0.0
AAATRP14318000337681,7.0,0.0,7.0,0.0,0.0,1.0,0.0
AAATRP14318000340017,6.0,0.0,6.0,0.0,0.0,1.0,0.0
AAATRP14318000340129,7.0,0.0,7.0,0.0,1.0,1.0,0.0
AAATRP14318000340265,12.0,0.0,12.0,0.0,1.0,1.0,0.0
AAATRP14318000340297,4.0,0.0,4.0,0.0,1.0,1.0,0.0
AAATRP14318000340305,3.0,0.0,3.0,0.0,0.0,1.0,0.0
AAATRP14318000340737,8.0,0.0,8.0,0.0,1.0,1.0,0.0
AAATRP14318000340779,10.0,0.0,10.0,0.0,2.0,1.0,0.0
AAATRP14318000341403,14.0,1.0,13.0,0.0,0.0,1.0714285714285714,0.07142857142857142
AAATRP14318000348435,5.0,0.0,5.0,0.0,0.0,1.0,0.0
AAATRP14318000348528,11.0,0.0,11.0,0.0,0.0,1.0,0.0
AAATRP14318000348586,7.0,0.0,7.0,0.0,0.0,1.0,0.0
AAATRP14318000348672,4.0,0.0,4.0,0.0,0.0,1.0,0.0
AAATRP14318000348820,9.0,0.0,7.0,2.0,1.0,0.7777777777777778,0.0
AAATRP14318000349050,4.0,0.0,1.0,3.0,0.0,0.25,0.0
AAATRP14318000349893,9.0,1.0,8.0,0.0,0.0,1.1111111111111112,0.1111111111111111
AAATRP14318000354571,17.0,0.0,15.0,2.0,1.0,0.8823529411764706,0.0
AAATRP14318000361288,14.0,9.0,5.0,0.0,3.0,1.6428571428571428,0.6428571428571429
AAATRP14318000361348,6.0,0.0,5.0,1.0,1.0,0.8333333333333334,0.0
AAATRP14318000361378,6.0,0.0,3.0,3.0,1.0,0.5,0.0
AAATRP14318000361381,11.0,0.0,11.0,0.0,3.0,1.0,0.0
AAATRP14318000361438,4.0,0.0,2.0,2.0,0.0,0.5,0.0
AAATRP14318000363644,9.0,0.0,9.0,0.0,1.0,1.0,0.0
AAATRP14318000363847,14.0,5.0,9.0,0.0,0.0,1.3571428571428572,0.35714285714285715
AAATRP14318000363994,10.0,0.0,9.0,1.0,1.0,0.9,0.0
AAATRP14318000364628,11.0,5.0,6.0,0.0,2.0,1.4545454545454546,0.45454545454545453
AAATRP14318000364775,8.0,0.0,8.0,0.0,1.0,1.0,0.0
AAATRP14318000366500,11.0,0.0,11.0,0.0,2.0,1.0,0.0
AAATRP14318000366569,11.0,3.0,8.0,0.0,0.0,1.2727272727272727,0.2727272727272727
AAATRP14318000366709,10.0,0.0,10.0,0.0,0.0,1.0,0.0
AAATRP14318000366841,6.0,0.0,2.0,4.0,0.0,0.3333333333333333,0.0
AAATRP14318000366866,12.0,0.0,11.0,1.0,0.0,0.9166666666666666,0.0
AAATRP14318000368678,9.0,1.0,8.0,0.0,0.0,1.1111111111111112,0.1111111111111111
AAATRP14318000368960,10.0,2.0,8.0,0.0,1.0,1.2,0.2
AAATRP14318000372402,12.0,0.0,12.0,0.0,0.0,1.0,0.0
AAATRP14318000372414,9.0,0.0,9.0,0.0,1.0,1.0,0.0
AAATRP14318000374464,9.0,5.0,4.0,0.0,1.0,1.5555555555555556,0.5555555555555556
AAATRP14318000376369,10.0,0.0,10.0,0.0,0.0,1.0,0.0
AAATRP14318000378310,11.0,0.0,11.0,0.0,1.0,1.0,0.0
AAATRP14318000378322,9.0,0.0,9.0,0.0,2.0,1.0,0.0
AAATRP14318000380566,8.0,0.0,8.0,0.0,0.0,1.0,0.0
AAATRP14318000381040,9.0,0.0,4.0,5.0,0.0,0.4444444444444444,0.0
AAATRP14318000382261,13.0,0.0,13.0,0.0,0.0,1.0,0.0
AAATRP14318000382678,12.0,0.0,11.0,1.0,0.0,0.9166666666666666,0.0
AAATRP14318000382772,12.0,12.0,0.0,0.0,2.0,2.0,1.0
AAATRP14318000382814,11.0,0.0,11.0,0.0,1.0,1.0,0.0
AAATRP14318000383774,5.0,1.0,4.0,0.0,2.0,1.2,0.2
AAATRP14318000383818,5.0,0.0,5.0,0.0,0.0,1.0,0.0
AAATRP14318000384443,9.0,0.0,9.0,0.0,2.0,1.0,0.0
AAATRP14318000384480,12.0,8.0,4.0,0.0,1.0,1.6666666666666667,0.6666666666666666
AAATRP14318000385596,11.0,0.0,11.0,0.0,0.0,1.0,0.0
AAATRP14318000385938,10.0,1.0,9.0,0.0,1.0,1.1,0.1
AAATRP14318000386014,8.0,0.0,8.0,0.0,1.0,1.0,0.0
AAATRP14318000386370,6.0,0.0,6.0,0.0,0.0,1.0,0.0
AAATRP14318000386794,5.0,0.0,4.0,1.0,2.0,0.8,0.0
AAATRP14318000386853,14.0,2.0,12.0,0.0,1.0,1.1428571428571428,0.14285714285714285
AAATRP14318000386878,12.0,7.0,5.0,0.0,1.0,1.5833333333333333,0.5833333333333334
AAATRP14318000387569,10.0,1.0,9.0,0.0,0.0,1.1,0.1
AAATRP14318000392293,7.0,0.0,7.0,0.0,0.0,1.0,0.0
AAATRP14318000392681,3.0,0.0,1.0,2.0,0.0,0.3333333333333333,0.0
AAATRP14318000392902,8.0,3.0,5.0,0.0,4.0,1.375,0.375
AAATRP14318000392928,8.0,1.0,7.0,0.0,0.0,1.125,0.125
AAATRP14318000394492,7.0,0.0,7.0,0.0,0.0,1.0,0.0
AAATRP14318000394536,7.0,1.0,6.0,0.0,0.0,1.1428571428571428,0.14285714285714285
AAATRP14318000396460,4.0,0.0,4.0,0.0,1.0,1.0,0.0
AAATRP14318000397588,8.0,0.0,8.0,0.0,0.0,1.0,0.0
AAATRP14318000397750,8.0,0.0,4.0,4.0,0.0,0.5,0.0
AAATRP14318000397776,7.0,0.0,7.0,0.0,0.0,1.0,0.0
AAATRP14318000398231,7.0,0.0,6.0,1.0,1.0,0.8571428571428571,0.0
AAATRP14318000398304,8.0,0.0,8.0,0.0,0.0,1.0,0.0
AAATRP14318000399894,9.0,0.0,9.0,0.0,3.0,1.0,0.0
AAATRP14318000401664,6.0,0.0,6.0,0.0,0.0,1.0,0.0
AAATRP14318000401683,9.0,1.0,8.0,0.0,0.0,1.1111111111111112,0.1111111111111111
AAATRP14318000402029,13.0,3.0,10.0,0.0,1.0,1.2307692307692308,0.23076923076923078
AAATRP14318000402139,8.0,0.0,8.0,0.0,0.0,1.0,0.0
AAATRP14318000402745,7.0,0.0,7.0,0.0,1.0,1.0,0.0
AAATRP14318000408002,9.0,2.0,7.0,0.0,2.0,1.2222222222222223,0.2222222222222222
AAATRP14318000408031,8.0,0.0,7.0,1.0,0.0,0.875,0.0
AAATRP14318000408333,4.0,0.0,4.0,0.0,0.0,1.0,0.0
AAATRP14318000408939,6.0,0.0,6.0,0.0,1.0,1.0,0.0
AAATRP14318000409964,7.0,0.0,7.0,0.0,2.0,1.0,0.0
AAATRP14318000409972,5.0,0.0,5.0,0.0,1.0,1.0,0.0
AAATRP14318000410051,9.0,0.0,9.0,0.0,1.0,1.0,0.0
AAATRP14318000410186,7.0,0.0,6.0,1.0,0.0,0.8571428571428571,0.0
AAATRP14318000410500,5.0,0.0,4.0,1.0,0.0,0.8,0.0
AAATRP14318000413333,8.0,0.0,8.0,0.0,0.0,1.0,0.0
AAATRP14318000414393,10.0,0.0,7.0,3.0,0.0,0.7,0.0
AAATRP14318000414435,3.0,0.0,0.0,3.0,0.0,0.0,0.0
AAATRP14318000414448,6.0,0.0,6.0,0.0,0.0,1.0,0.0
AAATRP14318000414851,6.0,0.0,6.0,0.0,5.0,1.0,0.0
AAATRP14318000414904,7.0,1.0,6.0,0.0,0.0,1.1428571428571428,0.14285714285714285
AAATRP14318000414935,9.0,0.0,9.0,0.0,1.0,1.0,0.0
AAATRP14318000415001,8.0,0.0,8.0,0.0,2.0,1.0,0.0
AAATRP14318000415029,7.0,0.0,7.0,0.0,0.0,1.0,0.0
AAATRP14318000415669,7.0,0.0,7.0,0.0,0.0,1.0,0.0
AAATRP14318000415853,5.0,0.0,5.0,0.0,0.0,1.0,0.0
AAATRP14318000416578,3.0,0.0,0.0,3.0,0.0,0.0,0.0
AAATRP14318000417190,9.0,5.0,4.0,0.0,0.0,1.5555555555555556,0.5555555555555556
AAATRP14318000417416,8.0,0.0,8.0,0.0,0.0,1.0,0.0
AAATRP14318000418382,4.0,0.0,4.0,0.0,0.0,1.0,0.0
AAATRP14318000418555,7.0,0.0,6.0,1.0,0.0,0.8571428571428571,0.0
AAATRP14318000418561,7.0,0.0,7.0,0.0,1.0,1.0,0.0
AAATRP14318000418591,12.0,2.0,10.0,0.0,0.0,1.1666666666666667,0.16666666666666666
AAATRP14318000418856,8.0,0.0,8.0,0.0,0.0,1.0,0.0
AAATRP14318000418906,6.0,0.0,6.0,0.0,0.0,1.0,0.0
AAATRP14318000418912,4.0,0.0,4.0,0.0,0.0,1.0,0.0
AAATRP14318000419209,8.0,5.0,3.0,0.0,4.0,1.625,0.625
AAATRP14318000419780,8.0,0.0,8.0,0.0,0.0,1.0,0.0
AAATRP14318000420168,7.0,0.0,6.0,1.0,0.0,0.8571428571428571,0.0
AAATRP14318000420200,14.0,0.0,12.0,2.0,0.0,0.8571428571428571,0.0
AAATRP14318000420318,12.0,0.0,12.0,0.0,1.0,1.0,0.0
AAATRP14318000420590,2.0,0.0,0.0,2.0,0.0,0.0,0.0
AAATRP14318000421015,11.0,2.0,9.0,0.0,1.0,1.1818181818181819,0.18181818181818182
AAATRP14318000421391,11.0,1.0,9.0,1.0,0.0,1.0,0.09090909090909091
AAATRP14318000422047,5.0,0.0,2.0,3.0,0.0,0.4,0.0
AAATRP14318000422086,8.0,0.0,8.0,0.0,0.0,1.0,0.0
AAATRP14318000423502,2.0,0.0,0.0,2.0,0.0,0.0,0.0
AAATRP14318000423596,7.0,0.0,7.0,0.0,0.0,1.0,0.0
AAATRP14318000423609,6.0,0.0,6.0,0.0,0.0,1.0,0.0
AAATRP14318000424308,8.0,1.0,7.0,0.0,1.0,1.125,0.125
AAATRP14318000424335,4.0,0.0,3.0,1.0,0.0,0.75,0.0
AAATRP14318000424472,12.0,5.0,7.0,0.0,1.0,1.4166666666666667,0.4166666666666667
AAATRP14318000425444,6.0,0.0,4.0,2.0,0.0,0.6666666666666666,0.0
AAATRP14318000425455,11.0,0.0,11.0,0.0,2.0,1.0,0.0
AAATRP14318000425520,7.0,0.0,6.0,1.0,0.0,0.8571428571428571,0.0
AAATRP14318000425782,7.0,0.0,3.0,4.0,0.0,0.42857142857142855,0.0
AAATRP14318000426020,3.0,0.0,3.0,0.0,0.0,1.0,0.0
AAATRP14318000426999,7.0,0.0,5.0,2.0,0.0,0.7142857142857143,0.0
AAATRP14318000427508,7.0,0.0,7.0,0.0,0.0,1.0,0.0
AAATRP14318000427786,3.0,0.0,0.0,3.0,0.0,0.0,0.0
AAATRP14318000429514,9.0,0.0,9.0,0.0,0.0,1.0,0.0
AAATRP14318000431039,9.0,0.0,8.0,1.0,0.0,0.8888888888888888,0.0
AAATRP14318000431100,7.0,0.0,6.0,1.0,0.0,0.8571428571428571,0.0
AAATRP14318000431134,10.0,0.0,4.0,6.0,0.0,0.4,0.0
AAATRP14318000431504,11.0,0.0,6.0,5.0,0.0,0.5454545454545454,0.0
AAATRP14318000431530,8.0,0.0,8.0,0.0,0.0,1.0,0.0
AAATRP14318000431666,7.0,0.0,7.0,0.0,0.0,1.0,0.0
AAATRP14318000432283,14.0,0.0,13.0,1.0,0.0,0.9285714285714286,0.0
AAATRP14318000432484,7.0,0.0,7.0,0.0,0.0,1.0,0.0
AAATRP14318000434790,8.0,0.0,8.0,0.0,2.0,1.0,0.0
AAATRP14318000436924,10.0,0.0,10.0,0.0,0.0,1.0,0.0
AAATRP14318000437278,8.0,0.0,6.0,2.0,0.0,0.75,0.0
AAATRP14318000437384,2.0,0.0,1.0,1.0,0.0,0.5,0.0
AAATRP14318000438569,8.0,0.0,6.0,2.0,2.0,0.75,0.0
AAATRP14318000438593,5.0,0.0,4.0,1.0,0.0,0.8,0.0
AAATRP14318000439032,10.0,0.0,10.0,0.0,6.0,1.0,0.0
AAATRP14318000439387,6.0,0.0,6.0,0.0,3.0,1.0,0.0
AAATRP14318000440696,12.0,0.0,9.0,3.0,1.0,0.75,0.0
AAATRP14318000440788,7.0,0.0,6.0,1.0,1.0,0.8571428571428571,0.0
AAATRP14318000442023,9.0,0.0,9.0,0.0,0.0,1.0,0.0
AAATRP14318000442240,4.0,0.0,4.0,0.0,0.0,1.0,0.0
AAATRP14318000443846,13.0,0.0,12.0,1.0,1.0,0.9230769230769231,0.0
AAATRP14318000443995,12.0,9.0,3.0,0.0,0.0,1.75,0.75
AAATRP14318000444503,7.0,1.0,6.0,0.0,0.0,1.1428571428571428,0.14285714285714285
AAATRP14318000445238,9.0,0.0,9.0,0.0,1.0,1.0,0.0
AAATRP14318000445392,11.0,0.0,7.0,4.0,0.0,0.6363636363636364,0.0
AAATRP14318000448664,10.0,0.0,10.0,0.0,0.0,1.0,0.0
AAATRP14318000448831,8.0,0.0,6.0,2.0,0.0,0.75,0.0
AAATRP14318000449016,4.0,0.0,4.0,0.0,0.0,1.0,0.0
AAATRP14318000449268,5.0,1.0,4.0,0.0,0.0,1.2,0.2
AAATRP14318000449467,7.0,0.0,6.0,1.0,2.0,0.8571428571428571,0.0
AAATRP14318000449507,12.0,0.0,10.0,2.0,1.0,0.8333333333333334,0.0
AAATRP14318000449800,9.0,0.0,9.0,0.0,0.0,1.0,0.0
AAATRP14318000450753,12.0,0.0,12.0,0.0,2.0,1.0,0.0
AAATRP14318000450993,13.0,3.0,10.0,0.0,2.0,1.2307692307692308,0.23076923076923078
AAATRP14318000451205,8.0,0.0,8.0,0.0,1.0,1.0,0.0
AAATRP14318000451339,12.0,0.0,12.0,0.0,0.0,1.0,0.0
AAATRP14318000451560,9.0,0.0,5.0,4.0,1.0,0.5555555555555556,0.0
AAATRP14318000451633,8.0,0.0,5.0,3.0,0.0,0.625,0.0
AAATRP14318000452260,3.0,0.0,1.0,2.0,0.0,0.3333333333333333,0.0
AAATRP14318000452268,8.0,0.0,6.0,2.0,0.0,0.75,0.0
AAATRP14318000453415,6.0,0.0,6.0,0.0,0.0,1.0,0.0
AAATRP14318000453978,5.0,0.0,5.0,0.0,0.0,1.0,0.0
AAATRP14318000454697,10.0,0.0,9.0,1.0,0.0,0.9,0.0
AAATRP14318000455104,7.0,0.0,5.0,2.0,0.0,0.7142857142857143,0.0
AAATRP14318000455321,12.0,0.0,12.0,0.0,1.0,1.0,0.0
AAATRP14318000455414,7.0,0.0,7.0,0.0,1.0,1.0,0.0
AAATRP14318000455475,8.0,0.0,8.0,0.0,0.0,1.0,0.0
AAATRP14318000455652,9.0,0.0,8.0,1.0,1.0,0.8888888888888888,0.0
AAATRP14318000456120,8.0,2.0,6.0,0.0,0.0,1.25,0.25
AAATRP14318000456209,6.0,0.0,3.0,3.0,0.0,0.5,0.0
AAATRP14318000456231,12.0,0.0,10.0,2.0,0.0,0.8333333333333334,0.0
AAATRP14318000456280,7.0,0.0,6.0,1.0,0.0,0.8571428571428571,0.0
AAATRP14318000456292,3.0,0.0,1.0,2.0,0.0,0.3333333333333333,0.0
AAATRP14318000456357,5.0,0.0,4.0,1.0,0.0,0.8,0.0
AAATRP14318000456378,6.0,0.0,2.0,4.0,0.0,0.3333333333333333,0.0
AAATRP14318000460251,7.0,0.0,6.0,1.0,1.0,0.8571428571428571,0.0
AAATRP14318000461273,7.0,0.0,6.0,1.0,0.0,0.8571428571428571,0.0
AAATRP14318000463033,8.0,0.0,8.0,0.0,0.0,1.0,0.0
AAATRP14318000463130,9.0,0.0,9.0,0.0,1.0,1.0,0.0
AAATRP14318000463216,5.0,1.0,4.0,0.0,0.0,1.2,0.2
AAATRP14318000463545,5.0,0.0,5.0,0.0,0.0,1.0,0.0
AAATRP14318000465123,8.0,1.0,7.0,0.0,0.0,1.125,0.125
AAATRP14318000465129,6.0,0.0,6.0,0.0,1.0,1.0,0.0
AAATRP14318000465182,13.0,0.0,13.0,0.0,0.0,1.0,0.0
AAATRP14318000468229,12.0,0.0,11.0,1.0,3.0,0.9166666666666666,0.0
AAATRP14318000472503,8.0,0.0,8.0,0.0,0.0,1.0,0.0
AAATRP14318000472557,5.0,0.0,4.0,1.0,2.0,0.8,0.0
AAATRP14318000472600,5.0,0.0,4.0,1.0,0.0,0.8,0.0
AAATRP14318000472791,6.0,0.0,5.0,1.0,2.0,0.8333333333333334,0.0
AAATRP14318000473241,8.0,0.0,8.0,0.0,0.0,1.0,0.0
AAATRP14318000473486,11.0,0.0,11.0,0.0,1.0,1.0,0.0
AAATRP14318000473712,9.0,0.0,9.0,0.0,0.0,1.0,0.0
AAATRP14318000473748,3.0,0.0,3.0,0.0,0.0,1.0,0.0
AAATRP14318000473771,12.0,2.0,10.0,0.0,0.0,1.1666666666666667,0.16666666666666666
AAATRP14318000473821,10.0,0.0,9.0,1.0,0.0,0.9,0.0
AAATRP14318000476104,11.0,0.0,7.0,4.0,0.0,0.6363636363636364,0.0
AAATRP14318000477482,12.0,8.0,4.0,0.0,2.0,1.6666666666666667,0.6666666666666666
AAATRP14318000477488,5.0,0.0,4.0,1.0,0.0,0.8,0.0
AAATRP14318000477660,9.0,6.0,3.0,0.0,2.0,1.6666666666666667,0.6666666666666666
AAATRP14318000478912,12.0,5.0,7.0,0.0,0.0,1.4166666666666667,0.4166666666666667
AAATRP14318000480223,18.0,0.0,17.0,1.0,2.0,0.9444444444444444,0.0
AAATRP14318000480311,7.0,0.0,7.0,0.0,0.0,1.0,0.0
AAATRP14318000480493,4.0,0.0,4.0,0.0,0.0,1.0,0.0
AAATRP14318000480496,8.0,0.0,7.0,1.0,0.0,0.875,0.0
AAATRP14318000480643,7.0,0.0,7.0,0.0,0.0,1.0,0.0
AAATRP14318000480717,10.0,0.0,10.0,0.0,0.0,1.0,0.0
AAATRP14318000481883,11.0,0.0,11.0,0.0,1.0,1.0,0.0
AAATRP14318000486337,8.0,0.0,7.0,1.0,0.0,0.875,0.0
AAATRP14318000486558,9.0,0.0,7.0,2.0,1.0,0.7777777777777778,0.0
AAATRP14318000486651,7.0,0.0,7.0,0.0,0.0,1.0,0.0
AAATRP14318000486752,9.0,0.0,5.0,4.0,1.0,0.5555555555555556,0.0
AAATRP14318000487703,2.0,0.0,0.0,2.0,0.0,0.0,0.0
AAATRP14318000487741,11.0,0.0,10.0,1.0,1.0,0.9090909090909091,0.0
AAATRP14318000490566,7.0,0.0,6.0,1.0,0.0,0.8571428571428571,0.0
AAATRP14318000490600,12.0,4.0,8.0,0.0,0.0,1.3333333333333333,0.3333333333333333
AAATRP14318000498304,7.0,0.0,7.0,0.0,0.0,1.0,0.0
AAATRP14318000498485,8.0,0.0,8.0,0.0,0.0,1.0,0.0
AAATRP14318000503033,6.0,0.0,3.0,3.0,0.0,0.5,0.0
AAATRP14318000505950,7.0,0.0,7.0,0.0,0.0,1.0,0.0
AAATRP14318000506261,5.0,0.0,4.0,1.0,1.0,0.8,0.0
AAATRP14318000507703,12.0,1.0,11.0,0.0,1.0,1.0833333333333333,0.08333333333333333
AAATRP14318000509464,9.0,0.0,9.0,0.0,0.0,1.0,0.0
AAATRP14318000511141,6.0,0.0,6.0,0.0,0.0,1.0,0.0
AAATRP14318000512945,17.0,0.0,16.0,1.0,2.0,0.9411764705882353,0.0
AAATRP14318000513878,7.0,0.0,7.0,0.0,0.0,1.0,0.0
AAATRP14318000518067,12.0,6.0,6.0,0.0,1.0,1.5,0.5
AAATRP14318000518092,11.0,0.0,8.0,3.0,1.0,0.7272727272727273,0.0
AAATRP14318000518353,14.0,0.0,14.0,0.0,1.0,1.0,0.0
AAATRP14318000521864,8.0,1.0,7.0,0.0,0.0,1.125,0.125
AAATRP14318000522156,2.0,0.0,1.0,1.0,0.0,0.5,0.0
AAATRP14318000523223,9.0,0.0,9.0,0.0,0.0,1.0,0.0
AAATRP14318000523987,10.0,0.0,2.0,8.0,0.0,0.2,0.0
AAATRP14318000535702,9.0,0.0,9.0,0.0,0.0,1.0,0.0
AAATRP14318000539648,14.0,0.0,14.0,0.0,2.0,1.0,0.0
AAATRP14318000540501,8.0,0.0,8.0,0.0,0.0,1.0,0.0
AAATRP14318000541600,12.0,4.0,8.0,0.0,0.0,1.3333333333333333,0.3333333333333333
AAATRP14318000541616,12.0,1.0,11.0,0.0,1.0,1.0833333333333333,0.08333333333333333
AAATRP14318000541629,14.0,4.0,10.0,0.0,0.0,1.2857142857142858,0.2857142857142857
AAATRP14318000541760,7.0,0.0,7.0,0.0,0.0,1.0,0.0
AAATRP14318000542057,10.0,8.0,2.0,0.0,1.0,1.8,0.8
AAATRP14318000543444,9.0,0.0,4.0,5.0,4.0,0.4444444444444444,0.0
AAATRP14318000544304,12.0,0.0,12.0,0.0,1.0,1.0,0.0
AAATRP14318000546958,9.0,0.0,4.0,5.0,0.0,0.4444444444444444,0.0
AAATRP14318000547102,15.0,2.0,13.0,0.0,1.0,1.1333333333333333,0.13333333333333333
AAATRP14318000556624,12.0,0.0,12.0,0.0,0.0,1.0,0.0
AAATRP14318000557477,2.0,0.0,0.0,2.0,0.0,0.0,0.0
AAATRP14318000557614,8.0,0.0,8.0,0.0,0.0,1.0,0.0
AAATRP14318000557708,9.0,1.0,8.0,0.0,0.0,1.1111111111111112,0.1111111111111111
AAATRP14318000557802,11.0,0.0,11.0,0.0,1.0,1.0,0.0
AAATRP14318000557804,10.0,0.0,10.0,0.0,0.0,1.0,0.0
AAATRP14318000560223,10.0,0.0,9.0,1.0,0.0,0.9,0.0
AAATRP14318000561592,9.0,0.0,9.0,0.0,0.0,1.0,0.0
AAATRP14318000563401,5.0,0.0,5.0,0.0,0.0,1.0,0.0
AAATRP14318000569010,4.0,0.0,4.0,0.0,1.0,1.0,0.0
AAATRP14318000569162,6.0,1.0,5.0,0.0,0.0,1.1666666666666667,0.16666666666666666
AAATRP14318000569277,8.0,0.0,8.0,0.0,0.0,1.0,0.0
AAATRP14318000569516,11.0,0.0,11.0,0.0,1.0,1.0,0.0
AAATRP14318000569664,7.0,0.0,3.0,4.0,2.0,0.42857142857142855,0.0
AAATRP14318000570103,5.0,0.0,0.0,5.0,0.0,0.0,0.0
AAATRP14318000570236,6.0,0.0,5.0,1.0,0.0,0.8333333333333334,0.0
AAATRP14318000571669,14.0,1.0,13.0,0.0,0.0,1.0714285714285714,0.07142857142857142
AAATRP14318000571742,9.0,0.0,8.0,1.0,0.0,0.8888888888888888,0.0
AAATRP14318000574614,12.0,3.0,9.0,0.0,1.0,1.25,0.25
AAATRP14318000579130,4.0,0.0,3.0,1.0,0.0,0.75,0.0
AAATRP14318000582960,7.0,0.0,7.0,0.0,0.0,1.0,0.0
AAATRP14318000585541,9.0,0.0,9.0,0.0,0.0,1.0,0.0
AAATRP14318000586030,12.0,1.0,11.0,0.0,3.0,1.0833333333333333,0.08333333333333333
AAATRP14318000586035,13.0,0.0,13.0,0.0,0.0,1.0,0.0
AAATRP14318000589001,8.0,4.0,4.0,0.0,1.0,1.5,0.5
AAATRP14318000590252,7.0,0.0,7.0,0.0,0.0,1.0,0.0
AAATRP14318000590427,7.0,0.0,7.0,0.0,0.0,1.0,0.0
AAATRP14318000592428,13.0,1.0,12.0,0.0,0.0,1.0769230769230769,0.07692307692307693
AAATRP14318000592478,7.0,3.0,4.0,0.0,1.0,1.4285714285714286,0.42857142857142855
AAATRP14318000594133,10.0,0.0,10.0,0.0,0.0,1.0,0.0
AAATRP14318000594159,8.0,1.0,7.0,0.0,0.0,1.125,0.125
AAATRP14318000594355,6.0,1.0,5.0,0.0,0.0,1.1666666666666667,0.16666666666666666
AAATRP14318000594420,9.0,0.0,9.0,0.0,0.0,1.0,0.0
AAATRP14318000595467,9.0,0.0,8.0,1.0,1.0,0.8888888888888888,0.0
AAATRP14318000595677,6.0,0.0,6.0,0.0,0.0,1.0,0.0
AAATRP14318000597665,9.0,0.0,9.0,0.0,0.0,1.0,0.0
AAATRP14318000598393,12.0,1.0,11.0,0.0,1.0,1.0833333333333333,0.08333333333333333
AAATRP14318000602737,9.0,0.0,9.0,0.0,1.0,1.0,0.0
AAATRP14318000603288,9.0,7.0,2.0,0.0,0.0,1.7777777777777777,0.7777777777777778
AAATRP14318000609687,9.0,0.0,8.0,1.0,0.0,0.8888888888888888,0.0
AAATRP14318000610765,12.0,1.0,11.0,0.0,2.0,1.0833333333333333,0.08333333333333333
AAATRP14318000611162,11.0,0.0,11.0,0.0,0.0,1.0,0.0
AAATRP14318000611472,7.0,1.0,6.0,0.0,0.0,1.1428571428571428,0.14285714285714285
AAATRP14318000611473,7.0,0.0,7.0,0.0,2.0,1.0,0.0
AAATRP14318000611477,13.0,6.0,7.0,0.0,0.0,1.4615384615384615,0.46153846153846156
AAATRP14318000612083,11.0,1.0,10.0,0.0,0.0,1.0909090909090908,0.09090909090909091
AAATRP14318000612572,11.0,0.0,11.0,0.0,0.0,1.0,0.0
AAATRP14318000613892,7.0,0.0,7.0,0.0,0.0,1.0,0.0
AAATRP14318000614424,5.0,0.0,5.0,0.0,0.0,1.0,0.0
AAATRP14318000614442,7.0,0.0,5.0,2.0,3.0,0.7142857142857143,0.0
AAATRP14318000614468,9.0,0.0,9.0,0.0,0.0,1.0,0.0
AAATRP14318000615435,9.0,0.0,9.0,0.0,0.0,1.0,0.0
AAATRP14318000615515,2.0,0.0,1.0,1.0,0.0,0.5,0.0
AAATRP14318000616447,6.0,0.0,5.0,1.0,0.0,0.8333333333333334,0.0
AAATRP14318000616629,5.0,0.0,5.0,0.0,0.0,1.0,0.0
AAATRP14318000616858,15.0,4.0,11.0,0.0,2.0,1.2666666666666666,0.26666666666666666
AAATRP14318000622717,9.0,1.0,8.0,0.0,2.0,1.1111111111111112,0.1111111111111111
AAATRP14318000622919,10.0,0.0,10.0,0.0,2.0,1.0,0.0
AAATRP14318000623424,8.0,0.0,6.0,2.0,0.0,0.75,0.0
AAATRP14318000623752,8.0,1.0,7.0,0.0,0.0,1.125,0.125
AAATRP14318000624551,8.0,3.0,5.0,0.0,1.0,1.375,0.375
AAATRP14318000625111,10.0,0.0,8.0,2.0,0.0,0.8,0.0
AAATRP14318000625316,11.0,0.0,9.0,2.0,1.0,0.8181818181818182,0.0
AAATRP14318000625424,13.0,1.0,12.0,0.0,2.0,1.0769230769230769,0.07692307692307693
AAATRP14318000626910,6.0,0.0,6.0,0.0,0.0,1.0,0.0
AAATRP14318000627125,6.0,0.0,6.0,0.0,0.0,1.0,0.0
AAATRP14318000628371,11.0,1.0,10.0,0.0,0.0,1.0909090909090908,0.09090909090909091
AAATRP14318000629333,7.0,0.0,7.0,0.0,0.0,1.0,0.0
AAATRP14318000629878,7.0,0.0,6.0,1.0,0.0,0.8571428571428571,0.0
AAATRP14318000630129,9.0,2.0,7.0,0.0,0.0,1.2222222222222223,0.2222222222222222
AAATRP14318000631838,12.0,2.0,10.0,0.0,2.0,1.1666666666666667,0.16666666666666666
AAATRP14318000631957,5.0,5.0,0.0,0.0,0.0,2.0,1.0
AAATRP14318000632028,12.0,8.0,4.0,0.0,0.0,1.6666666666666667,0.6666666666666666
AAATRP14318000633674,11.0,0.0,11.0,0.0,3.0,1.0,0.0
AAATRP14318000634850,16.0,0.0,16.0,0.0,0.0,1.0,0.0
AAATRP14318000635023,11.0,1.0,10.0,0.0,0.0,1.0909090909090908,0.09090909090909091
AAATRP14318000635720,11.0,0.0,11.0,0.0,0.0,1.0,0.0
AAATRP14318000638144,11.0,0.0,11.0,0.0,0.0,1.0,0.0
AAATRP14318000638670,12.0,0.0,5.0,7.0,0.0,0.4166666666666667,0.0
AAATRP14318000638800,12.0,9.0,3.0,0.0,0.0,1.75,0.75
AAATRP14318000639788,8.0,0.0,6.0,2.0,2.0,0.75,0.0
AAATRP14318000639942,5.0,0.0,2.0,3.0,0.0,0.4,0.0
AAATRP14318000640624,7.0,0.0,7.0,0.0,0.0,1.0,0.0
AAATRP14318000640826,5.0,0.0,4.0,1.0,2.0,0.8,0.0
AAATRP14318000642272,11.0,1.0,10.0,0.0,2.0,1.0909090909090908,0.09090909090909091
AAATRP14318000642502,8.0,0.0,5.0,3.0,3.0,0.625,0.0
AAATRP14318000643357,7.0,1.0,6.0,0.0,0.0,1.1428571428571428,0.14285714285714285
AAATRP14318000643497,6.0,0.0,2.0,4.0,3.0,0.3333333333333333,0.0
AAATRP14318000644439,12.0,0.0,12.0,0.0,2.0,1.0,0.0
AAATRP14318000644825,6.0,0.0,6.0,0.0,1.0,1.0,0.0
AAATRP14318000645295,9.0,0.0,9.0,0.0,0.0,1.0,0.0
AAATRP14318000645464,8.0,0.0,8.0,0.0,0.0,1.0,0.0
AAATRP14318000645512,9.0,0.0,9.0,0.0,1.0,1.0,0.0
AAATRP14318000645542,18.0,0.0,18.0,0.0,1.0,1.0,0.0
AAATRP14318000645549,2.0,0.0,0.0,2.0,0.0,0.0,0.0
AAATRP14318000645654,13.0,0.0,12.0,1.0,2.0,0.9230769230769231,0.0
AAATRP14318000645764,5.0,0.0,1.0,4.0,0.0,0.2,0.0
AAATRP14318000645772,5.0,0.0,3.0,2.0,1.0,0.6,0.0
AAATRP14318000645982,8.0,0.0,8.0,0.0,0.0,1.0,0.0
AAATRP14318000645989,9.0,0.0,9.0,0.0,1.0,1.0,0.0
AAATRP14318000648790,6.0,6.0,0.0,0.0,0.0,2.0,1.0
AAATRP14318000649039,11.0,0.0,9.0,2.0,1.0,0.8181818181818182,0.0
AAATRP14318000649532,8.0,1.0,7.0,0.0,0.0,1.125,0.125
AAATRP14318000649565,5.0,0.0,5.0,0.0,1.0,1.0,0.0
AAATRP14318000650758,3.0,0.0,1.0,2.0,0.0,0.3333333333333333,0.0
AAATRP14318000650900,6.0,1.0,5.0,0.0,0.0,1.1666666666666667,0.16666666666666666
AAATRP14318000650910,5.0,0.0,2.0,3.0,1.0,0.4,0.0
AAATRP14318000651454,6.0,0.0,2.0,4.0,0.0,0.3333333333333333,0.0
AAATRP14318000651603,9.0,5.0,4.0,0.0,0.0,1.5555555555555556,0.5555555555555556
AAATRP14318000651619,8.0,0.0,5.0,3.0,0.0,0.625,0.0
AAATRP14318000651751,11.0,5.0,6.0,0.0,2.0,1.4545454545454546,0.45454545454545453
AAATRP14318000651863,5.0,0.0,2.0,3.0,0.0,0.4,0.0
AAATRP14318000651941,1.0,0.0,0.0,1.0,0.0,0.0,0.0
AAATRP14318000652915,6.0,0.0,6.0,0.0,0.0,1.0,0.0
AAATRP14318000653256,11.0,3.0,8.0,0.0,2.0,1.2727272727272727,0.2727272727272727
AAATRP14318000654828,10.0,5.0,5.0,0.0,0.0,1.5,0.5
AAATRP14318000655211,8.0,3.0,5.0,0.0,0.0,1.375,0.375
AAATRP14318000656055,5.0,1.0,4.0,0.0,0.0,1.2,0.2
AAATRP14318000656156,11.0,0.0,11.0,0.0,1.0,1.0,0.0
AAATRP14318000656413,6.0,0.0,6.0,0.0,1.0,1.0,0.0
AAATRP14318000657706,8.0,0.0,7.0,1.0,0.0,0.875,0.0
AAATRP14318000657846,5.0,0.0,5.0,0.0,1.0,1.0,0.0
AAATRP14318000657954,9.0,0.0,9.0,0.0,2.0,1.0,0.0
AAATRP14318000657974,8.0,4.0,4.0,0.0,0.0,1.5,0.5
AAATRP14318000659879,9.0,3.0,6.0,0.0,0.0,1.3333333333333333,0.3333333333333333
AAATRP14318000660925,7.0,0.0,4.0,3.0,0.0,0.5714285714285714,0.0
AAATRP14318000661282,8.0,0.0,8.0,0.0,0.0,1.0,0.0
AAATRP14318000662512,7.0,0.0,7.0,0.0,0.0,1.0,0.0
AAATRP14318000662679,10.0,0.0,10.0,0.0,1.0,1.0,0.0
AAATRP14318000663134,13.0,5.0,8.0,0.0,1.0,1.3846153846153846,0.38461538461538464
AAATRP14318000663207,17.0,2.0,15.0,0.0,0.0,1.1176470588235294,0.11764705882352941
AAATRP14318000663414,11.0,0.0,11.0,0.0,0.0,1.0,0.0
AAATRP14318000663497,11.0,0.0,7.0,4.0,4.0,0.6363636363636364,0.0
AAATRP14318000663505,3.0,0.0,2.0,1.0,0.0,0.6666666666666666,0.0
AAATRP14318000663943,11.0,0.0,11.0,0.0,0.0,1.0,0.0
AAATRP14318000664098,5.0,0.0,4.0,1.0,0.0,0.8,0.0
AAATRP14318000664916,12.0,0.0,12.0,0.0,0.0,1.0,0.0
AAATRP14318000665447,7.0,0.0,7.0,0.0,0.0,1.0,0.0
AAATRP14318000665998,9.0,0.0,9.0,0.0,0.0,1.0,0.0
AAATRP14318000666436,5.0,0.0,5.0,0.0,2.0,1.0,0.0
AAATRP14318000666446,8.0,1.0,7.0,0.0,2.0,1.125,0.125
AAATRP14318000666474,12.0,2.0,10.0,0.0,0.0,1.1666666666666667,0.16666666666666666
AAATRP14318000666877,9.0,4.0,5.0,0.0,0.0,1.4444444444444444,0.4444444444444444
AAATRP14318000666962,7.0,0.0,7.0,0.0,2.0,1.0,0.0
AAATRP14318000666970,12.0,0.0,10.0,2.0,0.0,0.8333333333333334,0.0
AAATRP14318000669183,11.0,1.0,10.0,0.0,0.0,1.0909090909090908,0.09090909090909091
AAATRP14318000669190,10.0,0.0,10.0,0.0,1.0,1.0,0.0
AAATRP14318000670199,2.0,0.0,0.0,2.0,0.0,0.0,0.0
AAATRP14318000671154,9.0,0.0,8.0,1.0,0.0,0.8888888888888888,0.0
AAATRP14318000671589,8.0,1.0,6.0,1.0,1.0,1.0,0.125
AAATRP14318000671732,8.0,0.0,8.0,0.0,2.0,1.0,0.0
AAATRP14318000671756,1.0,0.0,0.0,1.0,0.0,0.0,0.0
AAATRP14318000671854,2.0,0.0,0.0,2.0,0.0,0.0,0.0
AAATRP14318000672008,7.0,0.0,2.0,5.0,0.0,0.2857142857142857,0.0
AAATRP14318000673123,8.0,0.0,8.0,0.0,0.0,1.0,0.0
AAATRP14318000675489,2.0,0.0,1.0,1.0,2.0,0.5,0.0
AAATRP14318000675810,6.0,0.0,6.0,0.0,0.0,1.0,0.0
AAATRP14318000675815,13.0,0.0,13.0,0.0,2.0,1.0,0.0
AAATRP14318000676198,8.0,0.0,8.0,0.0,1.0,1.0,0.0
AAATRP14318000676307,9.0,0.0,9.0,0.0,0.0,1.0,0.0
AAATRP14318000676313,10.0,0.0,10.0,0.0,0.0,1.0,0.0
AAATRP14318000676382,9.0,0.0,9.0,0.0,2.0,1.0,0.0
AAATRP14318000677103,6.0,0.0,5.0,1.0,0.0,0.8333333333333334,0.0
AAATRP14318000677185,7.0,0.0,7.0,0.0,0.0,1.0,0.0
AAATRP14318000680997,8.0,0.0,8.0,0.0,1.0,1.0,0.0
AAATRP14318000681204,8.0,0.0,7.0,1.0,0.0,0.875,0.0
AAATRP14318000681707,10.0,0.0,10.0,0.0,0.0,1.0,0.0
AAATRP14318000681871,4.0,0.0,2.0,2.0,1.0,0.5,0.0
AAATRP14318000682295,10.0,0.0,10.0,0.0,0.0,1.0,0.0
AAATRP14318000682344,3.0,0.0,0.0,3.0,0.0,0.0,0.0
AAATRP14318000682437,11.0,0.0,11.0,0.0,0.0,1.0,0.0
AAATRP14318000682525,10.0,0.0,10.0,0.0,0.0,1.0,0.0
AAATRP14318000682847,7.0,0.0,5.0,2.0,2.0,0.7142857142857143,0.0
AAATRP14318000683588,9.0,8.0,1.0,0.0,1.0,1.8888888888888888,0.8888888888888888
AAATRP14318000686078,5.0,0.0,5.0,0.0,0.0,1.0,0.0
AAATRP14318000686331,6.0,0.0,3.0,3.0,0.0,0.5,0.0
AAATRP14318000686660,1.0,0.0,0.0,1.0,0.0,0.0,0.0
AAATRP14318000688038,7.0,0.0,7.0,0.0,1.0,1.0,0.0
AAATRP14318000688176,5.0,0.0,4.0,1.0,0.0,0.8,0.0
AAATRP14318000688208,7.0,0.0,7.0,0.0,0.0,1.0,0.0
AAATRP14318000688211,10.0,1.0,9.0,0.0,0.0,1.1,0.1
AAATRP14318000688234,10.0,0.0,10.0,0.0,0.0,1.0,0.0
AAATRP14318000689439,2.0,0.0,1.0,1.0,0.0,0.5,0.0
AAATRP14318000690511,11.0,1.0,10.0,0.0,0.0,1.0909090909090908,0.09090909090909091
AAATRP14318000690668,7.0,0.0,7.0,0.0,0.0,1.0,0.0
AAATRP14318000691093,5.0,0.0,2.0,3.0,0.0,0.4,0.0
AAATRP14318000692285,6.0,0.0,6.0,0.0,0.0,1.0,0.0
AAATRP14318000692388,9.0,0.0,7.0,2.0,0.0,0.7777777777777778,0.0
AAATRP14318000692654,9.0,0.0,5.0,4.0,0.0,0.5555555555555556,0.0
AAATRP14318000692669,8.0,0.0,7.0,1.0,0.0,0.875,0.0
AAATRP14318000698278,14.0,1.0,13.0,0.0,4.0,1.0714285714285714,0.07142857142857142
AAATRP14318000698422,9.0,1.0,7.0,1.0,0.0,1.0,0.1111111111111111
AAATRP14318000699830,7.0,0.0,7.0,0.0,0.0,1.0,0.0
AAATRP14318000700272,9.0,0.0,9.0,0.0,1.0,1.0,0.0
AAATRP14318000700380,6.0,0.0,3.0,3.0,2.0,0.5,0.0
AAATRP14318000700877,12.0,0.0,12.0,0.0,1.0,1.0,0.0
AAATRP14318000700921,6.0,0.0,5.0,1.0,1.0,0.8333333333333334,0.0
AAATRP14318000700936,5.0,0.0,2.0,3.0,2.0,0.4,0.0
AAATRP14318000701962,12.0,0.0,12.0,0.0,1.0,1.0,0.0
AAATRP14318000702151,13.0,4.0,9.0,0.0,0.0,1.3076923076923077,0.3076923076923077
AAATRP14318000705253,7.0,0.0,6.0,1.0,0.0,0.8571428571428571,0.0
AAATRP14318000705602,14.0,10.0,4.0,0.0,2.0,1.7142857142857142,0.7142857142857143
AAATRP14318000706798,1.0,0.0,0.0,1.0,0.0,0.0,0.0
AAATRP14318000707036,8.0,0.0,5.0,3.0,1.0,0.625,0.0
AAATRP14318000707072,9.0,0.0,9.0,0.0,0.0,1.0,0.0
AAATRP14318000707614,10.0,0.0,8.0,2.0,1.0,0.8,0.0
AAATRP14318000707733,8.0,0.0,8.0,0.0,0.0,1.0,0.0
AAATRP14318000707770,8.0,0.0,7.0,1.0,0.0,0.875,0.0
AAATRP14318000707796,10.0,0.0,10.0,0.0,0.0,1.0,0.0
AAATRP14318000708485,8.0,0.0,8.0,0.0,0.0,1.0,0.0
AAATRP14318000708637,10.0,0.0,10.0,0.0,0.0,1.0,0.0
AAATRP14318000708844,11.0,0.0,11.0,0.0,1.0,1.0,0.0
AAATRP14318000708969,18.0,7.0,11.0,0.0,0.0,1.3888888888888888,0.3888888888888889
AAATRP14318000710503,6.0,0.0,5.0,1.0,0.0,0.8333333333333334,0.0
AAATRP14318000710650,12.0,3.0,9.0,0.0,1.0,1.25,0.25
AAATRP14318000710720,13.0,1.0,12.0,0.0,1.0,1.0769230769230769,0.07692307692307693
AAATRP14318000711034,5.0,0.0,3.0,2.0,0.0,0.6,0.0
AAATRP14318000711537,7.0,1.0,6.0,0.0,0.0,1.1428571428571428,0.14285714285714285
AAATRP14318000711556,8.0,0.0,6.0,2.0,0.0,0.75,0.0
AAATRP14318000711677,9.0,0.0,9.0,0.0,0.0,1.0,0.0
AAATRP14318000712434,8.0,0.0,8.0,0.0,0.0,1.0,0.0
AAATRP14318000712441,8.0,0.0,4.0,4.0,0.0,0.5,0.0
AAATRP14318000713251,7.0,0.0,7.0,0.0,0.0,1.0,0.0
AAATRP14318000713308,8.0,0.0,8.0,0.0,1.0,1.0,0.0
AAATRP14318000714713,5.0,2.0,3.0,0.0,0.0,1.4,0.4
AAATRP14318000715225,10.0,3.0,7.0,0.0,1.0,1.3,0.3
AAATRP14318000715521,9.0,0.0,9.0,0.0,0.0,1.0,0.0
AAATRP14318000718260,11.0,5.0,6.0,0.0,1.0,1.4545454545454546,0.45454545454545453
AAATRP14318000719104,6.0,0.0,6.0,0.0,1.0,1.0,0.0
AAATRP14318000719546,7.0,0.0,7.0,0.0,0.0,1.0,0.0
AAATRP14318000721560,9.0,1.0,8.0,0.0,0.0,1.1111111111111112,0.1111111111111111
AAATRP14318000721710,7.0,0.0,7.0,0.0,0.0,1.0,0.0
AAATRP14318000721861,6.0,0.0,4.0,2.0,0.0,0.6666666666666666,0.0
AAATRP14318000721881,7.0,0.0,4.0,3.0,0.0,0.5714285714285714,0.0
AAATRP14318000721911,5.0,0.0,2.0,3.0,0.0,0.4,0.0
AAATRP14318000721933,8.0,0.0,7.0,1.0,1.0,0.875,0.0
AAATRP14318000721961,6.0,1.0,5.0,0.0,0.0,1.1666666666666667,0.16666666666666666
AAATRP14318000721962,7.0,0.0,6.0,1.0,1.0,0.8571428571428571,0.0
AAATRP14318000722160,10.0,0.0,10.0,0.0,1.0,1.0,0.0
AAATRP14318000723596,7.0,0.0,7.0,0.0,0.0,1.0,0.0
AAATRP14318000723988,11.0,1.0,10.0,0.0,0.0,1.0909090909090908,0.09090909090909091
AAATRP14318000726697,5.0,0.0,5.0,0.0,0.0,1.0,0.0
AAATRP14318000727027,9.0,0.0,9.0,0.0,0.0,1.0,0.0
AAATRP14318000727512,7.0,0.0,7.0,0.0,0.0,1.0,0.0
AAATRP14318000727675,5.0,0.0,5.0,0.0,0.0,1.0,0.0
AAATRP14318000728289,11.0,0.0,11.0,0.0,0.0,1.0,0.0
AAATRP14318000728367,11.0,1.0,9.0,1.0,3.0,1.0,0.09090909090909091
AAATRP14318000728400,12.0,5.0,7.0,0.0,2.0,1.4166666666666667,0.4166666666666667
AAATRP14318000728662,5.0,1.0,4.0,0.0,0.0,1.2,0.2
AAATRP14318000728680,10.0,6.0,4.0,0.0,1.0,1.6,0.6
AAATRP14318000729065,5.0,0.0,1.0,4.0,0.0,0.2,0.0
AAATRP14318000730461,12.0,0.0,12.0,0.0,4.0,1.0,0.0
AAATRP14318000730553,4.0,0.0,4.0,0.0,0.0,1.0,0.0
AAATRP14318000731593,8.0,0.0,8.0,0.0,0.0,1.0,0.0
AAATRP14318000731662,11.0,0.0,11.0,0.0,0.0,1.0,0.0
AAATRP14318000731666,4.0,0.0,4.0,0.0,0.0,1.0,0.0
AAATRP14318000731667,7.0,0.0,7.0,0.0,1.0,1.0,0.0
AAATRP14318000731735,9.0,0.0,9.0,0.0,1.0,1.0,0.0
AAATRP14318000732173,8.0,0.0,0.0,8.0,0.0,0.0,0.0
AAATRP14318000732218,10.0,1.0,9.0,0.0,1.0,1.1,0.1
AAATRP14318000732275,7.0,0.0,2.0,5.0,0.0,0.2857142857142857,0.0
AAATRP14318000732362,10.0,0.0,10.0,0.0,0.0,1.0,0.0
AAATRP14318000732949,9.0,2.0,7.0,0.0,0.0,1.2222222222222223,0.2222222222222222
AAATRP14318000733082,10.0,0.0,8.0,2.0,0.0,0.8,0.0
AAATRP14318000733258,13.0,8.0,5.0,0.0,1.0,1.6153846153846154,0.6153846153846154
AAATRP14318000733848,13.0,5.0,8.0,0.0,2.0,1.3846153846153846,0.38461538461538464
AAATRP14318000735240,8.0,0.0,8.0,0.0,0.0,1.0,0.0
AAATRP14318000737003,8.0,0.0,8.0,0.0,0.0,1.0,0.0
AAATRP14318000738172,10.0,0.0,10.0,0.0,1.0,1.0,0.0
AAATRP14318000738987,6.0,0.0,3.0,3.0,1.0,0.5,0.0
AAATRP14318000740032,7.0,0.0,2.0,5.0,4.0,0.2857142857142857,0.0
AAATRP14318000740054,4.0,0.0,3.0,1.0,0.0,0.75,0.0
AAATRP14318000740153,7.0,0.0,7.0,0.0,2.0,1.0,0.0
AAATRP14318000740154,8.0,0.0,8.0,0.0,0.0,1.0,0.0
AAATRP14318000740684,7.0,0.0,6.0,1.0,0.0,0.8571428571428571,0.0
AAATRP14318000740810,7.0,0.0,7.0,0.0,0.0,1.0,0.0
AAATRP14318000740885,15.0,8.0,7.0,0.0,1.0,1.5333333333333334,0.5333333333333333
AAATRP14318000741085,13.0,3.0,10.0,0.0,1.0,1.2307692307692308,0.23076923076923078
AAATRP14318000744426,9.0,2.0,7.0,0.0,0.0,1.2222222222222223,0.2222222222222222
AAATRP14318000746070,11.0,0.0,11.0,0.0,3.0,1.0,0.0
AAATRP14318000746230,7.0,0.0,7.0,0.0,0.0,1.0,0.0
AAATRP14318000747251,12.0,1.0,11.0,0.0,2.0,1.0833333333333333,0.08333333333333333
AAATRP14318000747345,9.0,1.0,8.0,0.0,2.0,1.1111111111111112,0.1111111111111111
AAATRP14318000747407,7.0,0.0,7.0,0.0,0.0,1.0,0.0
AAATRP14318000751557,8.0,0.0,3.0,5.0,0.0,0.375,0.0
AAATRP14318000752282,7.0,0.0,7.0,0.0,0.0,1.0,0.0
AAATRP14318000752597,10.0,0.0,10.0,0.0,0.0,1.0,0.0
AAATRP14318000752781,14.0,0.0,14.0,0.0,0.0,1.0,0.0
AAATRP14318000753879,4.0,0.0,4.0,0.0,0.0,1.0,0.0
AAATRP14318000754313,10.0,1.0,9.0,0.0,0.0,1.1,0.1
AAATRP14318000754328,7.0,2.0,5.0,0.0,0.0,1.2857142857142858,0.2857142857142857
AAATRP14318000754344,10.0,0.0,10.0,0.0,1.0,1.0,0.0
AAATRP14318000754826,7.0,0.0,7.0,0.0,3.0,1.0,0.0
AAATRP14318000755091,15.0,1.0,14.0,0.0,0.0,1.0666666666666667,0.06666666666666667
AAATRP14318000755175,8.0,0.0,6.0,2.0,0.0,0.75,0.0
AAATRP14318000757778,9.0,6.0,3.0,0.0,0.0,1.6666666666666667,0.6666666666666666
AAATRP14318000757809,8.0,0.0,8.0,0.0,1.0,1.0,0.0
AAATRP14318000758559,7.0,4.0,3.0,0.0,0.0,1.5714285714285714,0.5714285714285714
AAATRP14318000758956,11.0,0.0,11.0,0.0,1.0,1.0,0.0
AAATRP14318000758986,12.0,2.0,10.0,0.0,0.0,1.1666666666666667,0.16666666666666666
AAATRP14318000758992,3.0,0.0,3.0,0.0,0.0,1.0,0.0
AAATRP14318000759608,8.0,0.0,8.0,0.0,1.0,1.0,0.0
AAATRP14318000759782,15.0,15.0,0.0,0.0,0.0,2.0,1.0
AAATRP14318000759895,3.0,0.0,1.0,2.0,0.0,0.3333333333333333,0.0
AAATRP14318000759938,9.0,0.0,8.0,1.0,1.0,0.8888888888888888,0.0
AAATRP14318000760362,5.0,2.0,3.0,0.0,0.0,1.4,0.4
AAATRP14318000760866,10.0,0.0,10.0,0.0,0.0,1.0,0.0
AAATRP14318000765062,7.0,0.0,6.0,1.0,0.0,0.8571428571428571,0.0
AAATRP14318000765858,6.0,1.0,5.0,0.0,1.0,1.1666666666666667,0.16666666666666666
AAATRP14318000766404,10.0,0.0,10.0,0.0,0.0,1.0,0.0
AAATRP14318000766698,10.0,0.0,10.0,0.0,1.0,1.0,0.0
AAATRP14318000770632,10.0,0.0,10.0,0.0,0.0,1.0,0.0
AAATRP14318000771852,6.0,0.0,6.0,0.0,0.0,1.0,0.0
AAATRP14318000771963,9.0,0.0,4.0,5.0,0.0,0.4444444444444444,0.0
AAATRP14318000771988,4.0,0.0,4.0,0.0,2.0,1.0,0.0
AAATRP14318000773667,8.0,0.0,8.0,0.0,0.0,1.0,0.0
AAATRP14318000774928,7.0,0.0,7.0,0.0,0.0,1.0,0.0
AAATRP14318000775691,9.0,0.0,6.0,3.0,0.0,0.6666666666666666,0.0
AAATRP14318000776526,6.0,0.0,2.0,4.0,0.0,0.3333333333333333,0.0
AAATRP14318000776815,6.0,2.0,4.0,0.0,0.0,1.3333333333333333,0.3333333333333333
AAATRP14318000776982,11.0,0.0,11.0,0.0,0.0,1.0,0.0
AAATRP14318000777491,10.0,1.0,9.0,0.0,1.0,1.1,0.1
AAATRP14318000777692,2.0,0.0,0.0,2.0,0.0,0.0,0.0
AAATRP14318000777743,8.0,0.0,4.0,4.0,0.0,0.5,0.0
AAATRP14318000780420,6.0,0.0,6.0,0.0,1.0,1.0,0.0
AAATRP14318000781771,11.0,1.0,10.0,0.0,0.0,1.0909090909090908,0.09090909090909091
AAATRP14318000782381,5.0,0.0,0.0,5.0,0.0,0.0,0.0
AAATRP14318000783375,5.0,0.0,5.0,0.0,0.0,1.0,0.0
AAATRP14318000783957,11.0,0.0,10.0,1.0,2.0,0.9090909090909091,0.0
AAATRP14318000784352,10.0,0.0,6.0,4.0,0.0,0.6,0.0
AAATRP14318000784368,6.0,0.0,6.0,0.0,0.0,1.0,0.0
AAATRP14318000784894,8.0,0.0,7.0,1.0,0.0,0.875,0.0
AAATRP14318000786524,15.0,0.0,15.0,0.0,3.0,1.0,0.0
AAATRP14318000786542,8.0,0.0,8.0,0.0,0.0,1.0,0.0
AAATRP14318000787978,4.0,0.0,3.0,1.0,0.0,0.75,0.0
AAATRP14318000788157,9.0,0.0,7.0,2.0,0.0,0.7777777777777778,0.0
AAATRP14318000788193,7.0,0.0,4.0,3.0,0.0,0.5714285714285714,0.0
AAATRP14318000788212,11.0,0.0,11.0,0.0,0.0,1.0,0.0
AAATRP14318000788551,11.0,0.0,11.0,0.0,0.0,1.0,0.0
AAATRP14318000788586,6.0,0.0,6.0,0.0,0.0,1.0,0.0
AAATRP14318000788885,6.0,0.0,6.0,0.0,0.0,1.0,0.0
AAATRP14318000789446,10.0,0.0,9.0,1.0,0.0,0.9,0.0
AAATRP14318000789646,5.0,0.0,5.0,0.0,0.0,1.0,0.0
AAATRP14318000790937,13.0,0.0,12.0,1.0,1.0,0.9230769230769231,0.0
AAATRP14318000791088,10.0,1.0,9.0,0.0,0.0,1.1,0.1
AAATRP14318000791116,9.0,0.0,9.0,0.0,0.0,1.0,0.0
AAATRP14318000791816,8.0,1.0,7.0,0.0,1.0,1.125,0.125
AAATRP14318000791962,8.0,0.0,5.0,3.0,0.0,0.625,0.0
AAATRP14318000791966,7.0,0.0,7.0,0.0,0.0,1.0,0.0
AAATRP14318000792232,9.0,2.0,7.0,0.0,0.0,1.2222222222222223,0.2222222222222222
AAATRP14318000792290,12.0,0.0,12.0,0.0,2.0,1.0,0.0
AAATRP14318000792346,9.0,4.0,5.0,0.0,0.0,1.4444444444444444,0.4444444444444444
AAATRP14318000792369,8.0,1.0,7.0,0.0,3.0,1.125,0.125
AAATRP14318000792421,9.0,1.0,8.0,0.0,0.0,1.1111111111111112,0.1111111111111111
AAATRP14318000792505,12.0,12.0,0.0,0.0,2.0,2.0,1.0
AAATRP14318000792519,4.0,1.0,3.0,0.0,0.0,1.25,0.25
AAATRP14318000792794,8.0,0.0,8.0,0.0,2.0,1.0,0.0
AAATRP14318000793223,8.0,0.0,8.0,0.0,0.0,1.0,0.0
AAATRP14318000793362,9.0,0.0,9.0,0.0,0.0,1.0,0.0
AAATRP14318000793526,8.0,0.0,7.0,1.0,0.0,0.875,0.0
AAATRP14318000793698,8.0,0.0,8.0,0.0,4.0,1.0,0.0
AAATRP14318000793965,8.0,0.0,6.0,2.0,0.0,0.75,0.0
AAATRP14318000794036,7.0,1.0,6.0,0.0,0.0,1.1428571428571428,0.14285714285714285
AAATRP14318000794545,11.0,1.0,10.0,0.0,0.0,1.0909090909090908,0.09090909090909091
AAATRP14318000796411,4.0,0.0,0.0,4.0,0.0,0.0,0.0
AAATRP14318000797311,12.0,9.0,3.0,0.0,1.0,1.75,0.75
AAATRP14318000797848,8.0,0.0,8.0,0.0,0.0,1.0,0.0
AAATRP14318000797880,14.0,0.0,14.0,0.0,1.0,1.0,0.0
AAATRP14318000798010,5.0,0.0,5.0,0.0,0.0,1.0,0.0
AAATRP14318000798477,6.0,1.0,5.0,0.0,1.0,1.1666666666666667,0.16666666666666666
AAATRP14318000798522,12.0,4.0,8.0,0.0,0.0,1.3333333333333333,0.3333333333333333
AAATRP14318000798567,10.0,0.0,10.0,0.0,0.0,1.0,0.0
AAATRP14318000798815,3.0,0.0,2.0,1.0,0.0,0.6666666666666666,0.0
AAATRP14318000798899,7.0,0.0,6.0,1.0,0.0,0.8571428571428571,0.0
AAATRP14318000798970,14.0,7.0,7.0,0.0,2.0,1.5,0.5
AAATRP14318000799368,7.0,0.0,6.0,1.0,0.0,0.8571428571428571,0.0
AAATRP14318000799561,11.0,0.0,10.0,1.0,0.0,0.9090909090909091,0.0
AAATRP14318000802284,10.0,1.0,9.0,0.0,0.0,1.1,0.1
AAATRP14318000802311,10.0,0.0,9.0,1.0,0.0,0.9,0.0
AAATRP14318000802623,13.0,0.0,12.0,1.0,3.0,0.9230769230769231,0.0
AAATRP14318000802636,4.0,0.0,0.0,4.0,1.0,0.0,0.0
AAATRP14318000803505,9.0,1.0,8.0,0.0,0.0,1.1111111111111112,0.1111111111111111
AAATRP14318000804416,12.0,0.0,11.0,1.0,2.0,0.9166666666666666,0.0
AAATRP14318000806714,7.0,0.0,2.0,5.0,1.0,0.2857142857142857,0.0
AAATRP14318000807388,4.0,0.0,4.0,0.0,2.0,1.0,0.0
AAATRP14318000807874,6.0,0.0,2.0,4.0,2.0,0.3333333333333333,0.0
AAATRP14318000808304,9.0,0.0,9.0,0.0,0.0,1.0,0.0
AAATRP14318000808999,7.0,2.0,5.0,0.0,2.0,1.2857142857142858,0.2857142857142857
AAATRP14318000809874,10.0,1.0,9.0,0.0,0.0,1.1,0.1
AAATRP14318000810500,9.0,0.0,9.0,0.0,0.0,1.0,0.0
AAATRP14318000810571,5.0,0.0,5.0,0.0,0.0,1.0,0.0
AAATRP14318000811613,6.0,0.0,5.0,1.0,0.0,0.8333333333333334,0.0
AAATRP14318000811789,6.0,0.0,5.0,1.0,0.0,0.8333333333333334,0.0
AAATRP14318000812228,6.0,0.0,6.0,0.0,0.0,1.0,0.0
AAATRP14318000812326,4.0,0.0,0.0,4.0,0.0,0.0,0.0
AAATRP14318000812336,7.0,0.0,7.0,0.0,1.0,1.0,0.0
AAATRP14318000812371,12.0,0.0,8.0,4.0,2.0,0.6666666666666666,0.0
AAATRP14318000813100,9.0,1.0,8.0,0.0,1.0,1.1111111111111112,0.1111111111111111
AAATRP14318000813118,9.0,1.0,6.0,2.0,0.0,0.8888888888888888,0.1111111111111111
AAATRP14318000816969,9.0,0.0,9.0,0.0,1.0,1.0,0.0
AAATRP14318000817183,6.0,0.0,3.0,3.0,0.0,0.5,0.0
AAATRP14318000817348,9.0,4.0,5.0,0.0,0.0,1.4444444444444444,0.4444444444444444
AAATRP14318000817549,9.0,0.0,9.0,0.0,0.0,1.0,0.0
AAATRP14318000817982,9.0,0.0,8.0,1.0,0.0,0.8888888888888888,0.0
AAATRP14318000822268,12.0,5.0,7.0,0.0,3.0,1.4166666666666667,0.4166666666666667
AAATRP14318000822847,6.0,0.0,4.0,2.0,0.0,0.6666666666666666,0.0
AAATRP14318000823305,6.0,0.0,5.0,1.0,0.0,0.8333333333333334,0.0
AAATRP14318000823945,15.0,5.0,10.0,0.0,2.0,1.3333333333333333,0.3333333333333333
AAATRP14318000824517,9.0,0.0,9.0,0.0,0.0,1.0,0.0
AAATRP14318000824665,10.0,6.0,4.0,0.0,1.0,1.6,0.6
AAATRP14318000825668,19.0,0.0,17.0,2.0,1.0,0.8947368421052632,0.0
AAATRP14318000825763,9.0,0.0,6.0,3.0,0.0,0.6666666666666666,0.0
AAATRP14318000825859,9.0,0.0,9.0,0.0,1.0,1.0,0.0
AAATRP14318000825864,8.0,0.0,5.0,3.0,0.0,0.625,0.0
AAATRP14318000828821,5.0,0.0,5.0,0.0,1.0,1.0,0.0
AAATRP14318000829409,9.0,1.0,8.0,0.0,1.0,1.1111111111111112,0.1111111111111111
AAATRP14318000833281,7.0,0.0,6.0,1.0,0.0,0.8571428571428571,0.0
AAATRP14318000833436,12.0,2.0,10.0,0.0,0.0,1.1666666666666667,0.16666666666666666
AAATRP14318000835153,9.0,0.0,3.0,6.0,1.0,0.3333333333333333,0.0
AAATRP14318000837102,12.0,12.0,0.0,0.0,0.0,2.0,1.0
AAATRP14318000837158,12.0,0.0,11.0,1.0,3.0,0.9166666666666666,0.0
AAATRP14318000837290,2.0,0.0,0.0,2.0,0.0,0.0,0.0
AAATRP14318000837533,11.0,0.0,11.0,0.0,4.0,1.0,0.0
AAATRP14318000837731,10.0,1.0,8.0,1.0,0.0,1.0,0.1
AAATRP14318000839034,11.0,0.0,11.0,0.0,0.0,1.0,0.0
AAATRP14318000839673,11.0,0.0,11.0,0.0,2.0,1.0,0.0
AAATRP14318000840849,7.0,0.0,7.0,0.0,0.0,1.0,0.0
AAATRP14318000841873,20.0,9.0,11.0,0.0,2.0,1.45,0.45
AAATRP14318000843167,12.0,3.0,9.0,0.0,0.0,1.25,0.25
AAATRP14318000843945,11.0,2.0,9.0,0.0,0.0,1.1818181818181819,0.18181818181818182
AAATRP14318000844929,9.0,1.0,8.0,0.0,0.0,1.1111111111111112,0.1111111111111111
AAATRP14318000846379,13.0,0.0,12.0,1.0,1.0,0.9230769230769231,0.0
AAATRP14318000846713,6.0,0.0,6.0,0.0,0.0,1.0,0.0
AAATRP14318000847378,7.0,0.0,7.0,0.0,0.0,1.0,0.0
AAATRP14318000847651,7.0,0.0,7.0,0.0,0.0,1.0,0.0
AAATRP14318000847935,7.0,1.0,6.0,0.0,1.0,1.1428571428571428,0.14285714285714285
AAATRP14318000848149,5.0,0.0,5.0,0.0,0.0,1.0,0.0
AAATRP14318000849942,3.0,0.0,2.0,1.0,0.0,0.6666666666666666,0.0
AAATRP14318000850806,8.0,0.0,7.0,1.0,1.0,0.875,0.0
AAATRP14318000854974,8.0,1.0,7.0,0.0,0.0,1.125,0.125
AAATRP14318000856234,5.0,0.0,4.0,1.0,1.0,0.8,0.0
AAATRP14318000856964,17.0,0.0,17.0,0.0,0.0,1.0,0.0
AAATRP14318000857164,8.0,0.0,8.0,0.0,0.0,1.0,0.0
AAATRP14318000857633,5.0,0.0,5.0,0.0,0.0,1.0,0.0
AAATRP14318000857657,9.0,0.0,3.0,6.0,0.0,0.3333333333333333,0.0
AAATRP14318000858866,11.0,4.0,7.0,0.0,0.0,1.3636363636363635,0.36363636363636365
AAATRP14318000860652,9.0,0.0,8.0,1.0,0.0,0.8888888888888888,0.0
AAATRP14318000861539,12.0,0.0,12.0,0.0,0.0,1.0,0.0
AAATRP14318000861724,6.0,0.0,6.0,0.0,0.0,1.0,0.0
AAATRP14318000861816,7.0,0.0,7.0,0.0,0.0,1.0,0.0
AAATRP14318000861831,9.0,0.0,9.0,0.0,0.0,1.0,0.0
AAATRP14318000862441,9.0,0.0,3.0,6.0,0.0,0.3333333333333333,0.0
AAATRP14318000863029,8.0,1.0,7.0,0.0,2.0,1.125,0.125
AAATRP14318000863563,11.0,2.0,9.0,0.0,1.0,1.1818181818181819,0.18181818181818182
AAATRP14318000863657,9.0,0.0,9.0,0.0,2.0,1.0,0.0
AAATRP14318000863897,7.0,0.0,7.0,0.0,2.0,1.0,0.0
AAATRP14318000864916,11.0,1.0,10.0,0.0,0.0,1.0909090909090908,0.09090909090909091
AAATRP14318000865452,3.0,0.0,0.0,3.0,0.0,0.0,0.0
AAATRP14318000865987,7.0,0.0,7.0,0.0,0.0,1.0,0.0
AAATRP14318000867336,12.0,6.0,6.0,0.0,0.0,1.5,0.5
AAATRP14318000868269,10.0,3.0,7.0,0.0,0.0,1.3,0.3
AAATRP14318000869630,7.0,0.0,7.0,0.0,0.0,1.0,0.0
AAATRP14318000870337,6.0,0.0,6.0,0.0,0.0,1.0,0.0
AAATRP14318000870534,11.0,0.0,11.0,0.0,0.0,1.0,0.0
AAATRP14318000871013,9.0,0.0,8.0,1.0,2.0,0.8888888888888888,0.0
AAATRP14318000871054,12.0,12.0,0.0,0.0,1.0,2.0,1.0
AAATRP14318000871841,3.0,0.0,1.0,2.0,0.0,0.3333333333333333,0.0
AAATRP14318000872110,6.0,5.0,1.0,0.0,0.0,1.8333333333333333,0.8333333333333334
AAATRP14318000874442,5.0,0.0,4.0,1.0,1.0,0.8,0.0
AAATRP14318000875642,7.0,0.0,7.0,0.0,0.0,1.0,0.0
AAATRP14318000877259,6.0,1.0,5.0,0.0,1.0,1.1666666666666667,0.16666666666666666
AAATRP14318000879033,5.0,0.0,5.0,0.0,0.0,1.0,0.0
AAATRP14318000879106,7.0,0.0,7.0,0.0,0.0,1.0,0.0
AAATRP14318000879764,11.0,0.0,11.0,0.0,2.0,1.0,0.0
AAATRP14318000879809,7.0,4.0,3.0,0.0,0.0,1.5714285714285714,0.5714285714285714
AAATRP14318000880363,7.0,2.0,5.0,0.0,1.0,1.2857142857142858,0.2857142857142857
AAATRP14318000884250,8.0,0.0,8.0,0.0,0.0,1.0,0.0
AAATRP14318000884666,6.0,0.0,6.0,0.0,2.0,1.0,0.0
AAATRP14318000884905,3.0,0.0,3.0,0.0,0.0,1.0,0.0
AAATRP14318000886947,9.0,1.0,8.0,0.0,0.0,1.1111111111111112,0.1111111111111111
AAATRP14318000887304,8.0,0.0,4.0,4.0,0.0,0.5,0.0
AAATRP14318000887744,10.0,0.0,6.0,4.0,1.0,0.6,0.0
AAATRP14318000888680,1.0,0.0,0.0,1.0,0.0,0.0,0.0
AAATRP14318000891797,6.0,0.0,4.0,2.0,0.0,0.6666666666666666,0.0
AAATRP14318000892386,5.0,0.0,4.0,1.0,0.0,0.8,0.0
AAATRP14318000892464,5.0,0.0,3.0,2.0,0.0,0.6,0.0
AAATRP14318000892653,12.0,2.0,10.0,0.0,0.0,1.1666666666666667,0.16666666666666666
AAATRP14318000893909,9.0,0.0,9.0,0.0,0.0,1.0,0.0
AAATRP14318000895777,7.0,0.0,7.0,0.0,0.0,1.0,0.0
AAATRP14318000896093,10.0,0.0,10.0,0.0,0.0,1.0,0.0
AAATRP14318000896254,11.0,0.0,11.0,0.0,0.0,1.0,0.0
AAATRP14318000896528,9.0,0.0,9.0,0.0,0.0,1.0,0.0
AAATRP14318000897494,10.0,0.0,6.0,4.0,1.0,0.6,0.0
AAATRP14318000898229,6.0,0.0,2.0,4.0,0.0,0.3333333333333333,0.0
AAATRP14318000899518,11.0,0.0,11.0,0.0,0.0,1.0,0.0
AAATRP14318000900041,9.0,1.0,8.0,0.0,1.0,1.1111111111111112,0.1111111111111111
AAATRP14318000900205,3.0,0.0,1.0,2.0,0.0,0.3333333333333333,0.0
AAATRP14318000900244,3.0,0.0,1.0,2.0,0.0,0.3333333333333333,0.0
AAATRP14318000900402,13.0,7.0,6.0,0.0,2.0,1.5384615384615385,0.5384615384615384
AAATRP14318000900798,3.0,0.0,2.0,1.0,0.0,0.6666666666666666,0.0
AAATRP14318000902399,7.0,1.0,6.0,0.0,0.0,1.1428571428571428,0.14285714285714285
AAATRP14318000902709,7.0,0.0,7.0,0.0,0.0,1.0,0.0
AAATRP14318000906033,6.0,0.0,6.0,0.0,0.0,1.0,0.0
AAATRP14318000907992,11.0,0.0,11.0,0.0,3.0,1.0,0.0
AAATRP14318000909013,4.0,0.0,0.0,4.0,0.0,0.0,0.0
AAATRP14318000909227,8.0,0.0,8.0,0.0,0.0,1.0,0.0
AAATRP14318000913819,5.0,0.0,5.0,0.0,2.0,1.0,0.0
AAATRP14318000914411,6.0,0.0,6.0,0.0,0.0,1.0,0.0
AAATRP14318000914681,9.0,0.0,9.0,0.0,0.0,1.0,0.0
AAATRP14318000914923,5.0,0.0,1.0,4.0,4.0,0.2,0.0
AAATRP14318000918995,6.0,0.0,6.0,0.0,1.0,1.0,0.0
AAATRP14318000920553,7.0,5.0,2.0,0.0,0.0,1.7142857142857142,0.7142857142857143
AAATRP14318000922745,9.0,0.0,7.0,2.0,0.0,0.7777777777777778,0.0
AAATRP14318000922749,8.0,2.0,6.0,0.0,0.0,1.25,0.25
AAATRP14318000923418,9.0,1.0,8.0,0.0,0.0,1.1111111111111112,0.1111111111111111
AAATRP14318000923563,7.0,1.0,6.0,0.0,0.0,1.1428571428571428,0.14285714285714285
AAATRP14318000923880,5.0,0.0,5.0,0.0,0.0,1.0,0.0
AAATRP14318000927027,9.0,1.0,8.0,0.0,0.0,1.1111111111111112,0.1111111111111111
AAATRP14318000927536,2.0,0.0,0.0,2.0,1.0,0.0,0.0
AAATRP14318000927709,12.0,0.0,12.0,0.0,0.0,1.0,0.0
AAATRP14318000928349,6.0,0.0,6.0,0.0,1.0,1.0,0.0
AAATRP14318000929524,14.0,5.0,9.0,0.0,1.0,1.3571428571428572,0.35714285714285715
AAATRP14318000930076,11.0,0.0,11.0,0.0,2.0,1.0,0.0
AAATRP14318000930124,10.0,0.0,10.0,0.0,1.0,1.0,0.0
AAATRP14318000930218,4.0,0.0,1.0,3.0,1.0,0.25,0.0
AAATRP14318000931300,10.0,1.0,9.0,0.0,1.0,1.1,0.1
AAATRP14318000931911,10.0,0.0,6.0,4.0,4.0,0.6,0.0
AAATRP14318000933663,7.0,0.0,7.0,0.0,0.0,1.0,0.0
AAATRP14318000933728,8.0,0.0,8.0,0.0,0.0,1.0,0.0
AAATRP14318000934633,9.0,0.0,9.0,0.0,0.0,1.0,0.0
AAATRP14318000934689,10.0,0.0,10.0,0.0,1.0,1.0,0.0
AAATRP14318000934958,11.0,1.0,10.0,0.0,1.0,1.0909090909090908,0.09090909090909091
AAATRP14318000935118,9.0,0.0,9.0,0.0,0.0,1.0,0.0
AAATRP14318000935241,16.0,0.0,16.0,0.0,1.0,1.0,0.0
AAATRP14318000941271,11.0,0.0,11.0,0.0,0.0,1.0,0.0
AAATRP14318000941402,8.0,0.0,8.0,0.0,0.0,1.0,0.0
AAATRP14318000944180,15.0,6.0,9.0,0.0,3.0,1.4,0.4
AAATRP14318000944318,12.0,0.0,12.0,0.0,2.0,1.0,0.0
AAATRP14318000945869,9.0,0.0,9.0,0.0,1.0,1.0,0.0
AAATRP14318000945945,6.0,0.0,5.0,1.0,0.0,0.8333333333333334,0.0
AAATRP14318000946002,9.0,0.0,6.0,3.0,0.0,0.6666666666666666,0.0
AAATRP14318000946033,7.0,0.0,6.0,1.0,1.0,0.8571428571428571,0.0
AAATRP14318000946104,7.0,0.0,7.0,0.0,0.0,1.0,0.0
AAATRP14318000950663,6.0,0.0,6.0,0.0,0.0,1.0,0.0
AAATRP14318000954352,14.0,5.0,9.0,0.0,0.0,1.3571428571428572,0.35714285714285715
AAATRP14318000955356,12.0,0.0,12.0,0.0,0.0,1.0,0.0
AAATRP14318000959867,10.0,0.0,10.0,0.0,0.0,1.0,0.0
AAATRP14318000960158,2.0,0.0,0.0,2.0,0.0,0.0,0.0
AAATRP14318000960726,7.0,0.0,1.0,6.0,0.0,0.14285714285714285,0.0
AAATRP14318000961435,10.0,0.0,10.0,0.0,1.0,1.0,0.0
AAATRP14318000966253,10.0,0.0,10.0,0.0,0.0,1.0,0.0
AAATRP14318000966280,7.0,0.0,7.0,0.0,0.0,1.0,0.0
AAATRP14318000966313,9.0,1.0,6.0,2.0,1.0,0.8888888888888888,0.1111111111111111
AAATRP14318000966337,12.0,0.0,12.0,0.0,1.0,1.0,0.0
AAATRP14318000969068,10.0,0.0,10.0,0.0,0.0,1.0,0.0
AAATRP14318000969216,5.0,0.0,5.0,0.0,2.0,1.0,0.0
AAATRP14318000969297,11.0,0.0,11.0,0.0,1.0,1.0,0.0
AAATRP14318000969456,11.0,0.0,11.0,0.0,1.0,1.0,0.0
AAATRP14318000970984,6.0,0.0,6.0,0.0,0.0,1.0,0.0
AAATRP14318000971040,9.0,0.0,9.0,0.0,0.0,1.0,0.0
AAATRP14318000971667,7.0,0.0,7.0,0.0,2.0,1.0,0.0
AAATRP14318000973616,5.0,0.0,5.0,0.0,0.0,1.0,0.0
AAATRP14318000974873,11.0,9.0,2.0,0.0,1.0,1.8181818181818181,0.8181818181818182
AAATRP14318000974929,8.0,7.0,1.0,0.0,3.0,1.875,0.875
AAATRP14318000976028,5.0,0.0,5.0,0.0,0.0,1.0,0.0
AAATRP14318000976120,8.0,0.0,8.0,0.0,2.0,1.0,0.0
AAATRP14318000976319,10.0,0.0,9.0,1.0,0.0,0.9,0.0
AAATRP14318000976706,9.0,0.0,8.0,1.0,0.0,0.8888888888888888,0.0
AAATRP14318000977833,13.0,4.0,9.0,0.0,1.0,1.3076923076923077,0.3076923076923077
AAATRP14318000978292,11.0,2.0,8.0,1.0,0.0,1.0909090909090908,0.18181818181818182
AAATRP14318000979793,7.0,1.0,6.0,0.0,1.0,1.1428571428571428,0.14285714285714285
AAATRP14318000981009,6.0,0.0,6.0,0.0,0.0,1.0,0.0
AAATRP14318000984378,7.0,0.0,1.0,6.0,1.0,0.14285714285714285,0.0
AAATRP14318000984818,9.0,1.0,8.0,0.0,0.0,1.1111111111111112,0.1111111111111111
AAATRP14318000985179,10.0,0.0,10.0,0.0,1.0,1.0,0.0
AAATRP14318000985558,2.0,0.0,1.0,1.0,1.0,0.5,0.0
AAATRP14318000985841,13.0,0.0,13.0,0.0,0.0,1.0,0.0
AAATRP14318000986096,4.0,0.0,3.0,1.0,1.0,0.75,0.0
AAATRP14318000986332,2.0,0.0,0.0,2.0,1.0,0.0,0.0
AAATRP14318000987319,7.0,0.0,6.0,1.0,0.0,0.8571428571428571,0.0
AAATRP14318000987789,13.0,5.0,8.0,0.0,0.0,1.3846153846153846,0.38461538461538464
AAATRP14318000987925,8.0,0.0,8.0,0.0,0.0,1.0,0.0
AAATRP14318000988644,12.0,1.0,11.0,0.0,0.0,1.0833333333333333,0.08333333333333333
AAATRP14318000989972,9.0,4.0,5.0,0.0,0.0,1.4444444444444444,0.4444444444444444
AAATRP14318000990131,10.0,0.0,9.0,1.0,0.0,0.9,0.0
AAATRP14318000990624,7.0,0.0,4.0,3.0,0.0,0.5714285714285714,0.0
AAATRP14318000991077,8.0,0.0,5.0,3.0,0.0,0.625,0.0
AAATRP14318000993121_cleaned,8.0,1.0,7.0,0.0,1.0,1.125,0.125
AAATRP14318000994587,9.0,0.0,9.0,0.0,1.0,1.0,0.0
AAATRP14318000995942,6.0,0.0,6.0,0.0,0.0,1.0,0.0
AAATRP14318000996166,14.0,9.0,5.0,0.0,2.0,1.6428571428571428,0.6428571428571429
AAATRP14318000996571,6.0,0.0,2.0,4.0,0.0,0.3333333333333333,0.0
AAATRP14318000997183,9.0,0.0,8.0,1.0,4.0,0.8888888888888888,0.0
AAATRP14318001001894,9.0,0.0,8.0,1.0,2.0,0.8888888888888888,0.0
AAATRP14318001001918,7.0,1.0,5.0,1.0,0.0,1.0,0.14285714285714285
AAATRP14318001002257,5.0,0.0,5.0,0.0,0.0,1.0,0.0
AAATRP14318001002465,11.0,2.0,9.0,0.0,1.0,1.1818181818181819,0.18181818181818182
AAATRP14318001003478,7.0,0.0,6.0,1.0,0.0,0.8571428571428571,0.0
AAATRP14318001004123,12.0,9.0,3.0,0.0,2.0,1.75,0.75
AAATRP14318001004147,8.0,0.0,7.0,1.0,1.0,0.875,0.0
AAATRP14318001006311,7.0,0.0,5.0,2.0,1.0,0.7142857142857143,0.0
AAATRP14318001006535,3.0,0.0,0.0,3.0,0.0,0.0,0.0
AAATRP14318001007450,8.0,0.0,6.0,2.0,2.0,0.75,0.0
AAATRP14318001007648,8.0,0.0,7.0,1.0,0.0,0.875,0.0
AAATRP14318001010027,7.0,0.0,4.0,3.0,0.0,0.5714285714285714,0.0
AAATRP14318001010163,9.0,0.0,9.0,0.0,0.0,1.0,0.0
AAATRP14318001011303,12.0,0.0,12.0,0.0,1.0,1.0,0.0
AAATRP14318001012921,10.0,0.0,10.0,0.0,1.0,1.0,0.0
AAATRP14318001013403,7.0,0.0,6.0,1.0,0.0,0.8571428571428571,0.0
AAATRP14318001013790,6.0,0.0,6.0,0.0,0.0,1.0,0.0
AAATRP14318001014412,12.0,4.0,8.0,0.0,0.0,1.3333333333333333,0.3333333333333333
AAATRP14318001015239,9.0,0.0,6.0,3.0,0.0,0.6666666666666666,0.0
AAATRP14318001016683,7.0,0.0,7.0,0.0,1.0,1.0,0.0
AAATRP14318001016727,6.0,0.0,6.0,0.0,0.0,1.0,0.0
AAATRP14318001016811,4.0,0.0,4.0,0.0,1.0,1.0,0.0
AAATRP14318001016874,10.0,0.0,10.0,0.0,0.0,1.0,0.0
AAATRP14318001016933,7.0,1.0,6.0,0.0,1.0,1.1428571428571428,0.14285714285714285
AAATRP14318001016945,11.0,0.0,11.0,0.0,0.0,1.0,0.0
AAATRP14318001018770,13.0,3.0,10.0,0.0,0.0,1.2307692307692308,0.23076923076923078
AAATRP14318001019250,11.0,0.0,10.0,1.0,0.0,0.9090909090909091,0.0
AAATRP14318001019395,8.0,1.0,7.0,0.0,0.0,1.125,0.125
AAATRP14318001019420,7.0,2.0,5.0,0.0,2.0,1.2857142857142858,0.2857142857142857
AAATRP14318001019658,14.0,0.0,14.0,0.0,1.0,1.0,0.0
AAATRP14318001020606,4.0,0.0,3.0,1.0,0.0,0.75,0.0
AAATRP14318001021625,5.0,2.0,3.0,0.0,2.0,1.4,0.4
AAATRP14318001022979,2.0,0.0,0.0,2.0,0.0,0.0,0.0
AAATRP14318001023890,8.0,0.0,8.0,0.0,0.0,1.0,0.0
AAATRP14318001025768,12.0,3.0,9.0,0.0,0.0,1.25,0.25
AAATRP14318001026626,7.0,0.0,6.0,1.0,0.0,0.8571428571428571,0.0
AAATRP14318001026961,9.0,0.0,8.0,1.0,0.0,0.8888888888888888,0.0
AAATRP14318001028215,7.0,0.0,4.0,3.0,0.0,0.5714285714285714,0.0
AAATRP14318001030856,12.0,1.0,11.0,0.0,1.0,1.0833333333333333,0.08333333333333333
AAATRP14318001031742,5.0,0.0,5.0,0.0,0.0,1.0,0.0
AAATRP14318001032212,7.0,0.0,7.0,0.0,0.0,1.0,0.0
AAATRP14318001032944,6.0,0.0,6.0,0.0,0.0,1.0,0.0
AAATRP14318001033371,9.0,0.0,8.0,1.0,0.0,0.8888888888888888,0.0
AAATRP14318001033967,11.0,0.0,7.0,4.0,1.0,0.6363636363636364,0.0
AAATRP14318001034154,9.0,0.0,9.0,0.0,1.0,1.0,0.0
AAATRP14318001034171,6.0,0.0,3.0,3.0,1.0,0.5,0.0
AAATRP14318001034178,11.0,4.0,7.0,0.0,3.0,1.3636363636363635,0.36363636363636365
AAATRP14318001034408,4.0,0.0,2.0,2.0,0.0,0.5,0.0
AAATRP14318001035026,8.0,1.0,7.0,0.0,0.0,1.125,0.125
AAATRP14318001035354,2.0,0.0,2.0,0.0,0.0,1.0,0.0
AAATRP14318001036977,5.0,0.0,5.0,0.0,0.0,1.0,0.0
AAATRP14318001038901,11.0,0.0,8.0,3.0,2.0,0.7272727272727273,0.0
AAATRP14318001039909,12.0,0.0,12.0,0.0,1.0,1.0,0.0
AAATRP14318001039924,8.0,0.0,6.0,2.0,0.0,0.75,0.0
AAATRP14318001040985,8.0,1.0,7.0,0.0,0.0,1.125,0.125
AAATRP14318001041342,7.0,0.0,7.0,0.0,0.0,1.0,0.0
AAATRP14318001041471,6.0,0.0,6.0,0.0,0.0,1.0,0.0
AAATRP14318001041680,6.0,0.0,6.0,0.0,0.0,1.0,0.0
AAATRP14318001042252,5.0,0.0,5.0,0.0,0.0,1.0,0.0
AAATRP14318001043868,9.0,1.0,8.0,0.0,2.0,1.1111111111111112,0.1111111111111111
AAATRP14318001044000,8.0,0.0,6.0,2.0,0.0,0.75,0.0
AAATRP14318001044789,14.0,2.0,12.0,0.0,0.0,1.1428571428571428,0.14285714285714285
AAATRP14318001044929,3.0,0.0,0.0,3.0,0.0,0.0,0.0
AAATRP14318001046022,5.0,0.0,5.0,0.0,1.0,1.0,0.0
AAATRP14318001046820,9.0,0.0,9.0,0.0,0.0,1.0,0.0
AAATRP14318001048300,9.0,0.0,7.0,2.0,1.0,0.7777777777777778,0.0
AAATRP14318001048682,11.0,0.0,10.0,1.0,0.0,0.9090909090909091,0.0
AAATRP14318001048828,10.0,1.0,8.0,1.0,1.0,1.0,0.1
AAATRP14318001048830,4.0,0.0,4.0,0.0,0.0,1.0,0.0
AAATRP14318001048945,3.0,0.0,0.0,3.0,0.0,0.0,0.0
AAATRP14318001050456,11.0,9.0,2.0,0.0,0.0,1.8181818181818181,0.8181818181818182
AAATRP14318001051516,9.0,0.0,6.0,3.0,1.0,0.6666666666666666,0.0
AAATRP14318001051596,10.0,1.0,9.0,0.0,1.0,1.1,0.1
AAATRP14318001051830,10.0,0.0,10.0,0.0,2.0,1.0,0.0
AAATRP14318001052148,7.0,0.0,7.0,0.0,0.0,1.0,0.0
AAATRP14318001053436,8.0,0.0,4.0,4.0,0.0,0.5,0.0
AAATRP14318001055721,11.0,0.0,9.0,2.0,4.0,0.8181818181818182,0.0
AAATRP14318001055866,8.0,0.0,8.0,0.0,0.0,1.0,0.0
AAATRP14318001057621,7.0,0.0,7.0,0.0,0.0,1.0,0.0
AAATRP14318001060768,5.0,0.0,3.0,2.0,0.0,0.6,0.0
AAATRP14318001060837,4.0,0.0,3.0,1.0,2.0,0.75,0.0
AAATRP14318001060849,9.0,0.0,8.0,1.0,0.0,0.8888888888888888,0.0
AAATRP14318001062208,10.0,0.0,10.0,0.0,0.0,1.0,0.0
AAATRP14318001063060,5.0,0.0,5.0,0.0,0.0,1.0,0.0
AAATRP14318001063177,9.0,0.0,8.0,1.0,0.0,0.8888888888888888,0.0
AAATRP14318001063344,15.0,0.0,14.0,1.0,0.0,0.9333333333333333,0.0
AAATRP14318001063394,10.0,0.0,9.0,1.0,1.0,0.9,0.0
AAATRP14318001063740,12.0,0.0,9.0,3.0,0.0,0.75,0.0
AAATRP14318001064789,9.0,0.0,9.0,0.0,1.0,1.0,0.0
AAATRP14318001064855,7.0,0.0,7.0,0.0,2.0,1.0,0.0
AAATRP14318001065836,9.0,0.0,9.0,0.0,0.0,1.0,0.0
AAATRP14318001067633,2.0,0.0,0.0,2.0,0.0,0.0,0.0
AAATRP14318001067959,5.0,0.0,5.0,0.0,1.0,1.0,0.0
AAATRP14318001069861,9.0,0.0,9.0,0.0,0.0,1.0,0.0
AAATRP14318001071814,10.0,0.0,3.0,7.0,0.0,0.3,0.0
AAATRP14318001071859,7.0,0.0,6.0,1.0,0.0,0.8571428571428571,0.0
AAATRP14318001072989,12.0,4.0,8.0,0.0,4.0,1.3333333333333333,0.3333333333333333
AAATRP14318001073372,7.0,0.0,2.0,5.0,0.0,0.2857142857142857,0.0
AAATRP14318001074662,5.0,0.0,5.0,0.0,0.0,1.0,0.0
AAATRP14318001076122,7.0,0.0,4.0,3.0,0.0,0.5714285714285714,0.0
AAATRP14318001076551,4.0,0.0,4.0,0.0,0.0,1.0,0.0
AAATRP14318001077368,3.0,0.0,0.0,3.0,0.0,0.0,0.0
AAATRP14318001078156,9.0,0.0,8.0,1.0,0.0,0.8888888888888888,0.0
AAATRP14318001078320,4.0,0.0,4.0,0.0,1.0,1.0,0.0
AAATRP14318001079567,8.0,0.0,7.0,1.0,0.0,0.875,0.0
AAATRP14318001082051,3.0,0.0,3.0,0.0,0.0,1.0,0.0
AAATRP14318001082448,8.0,0.0,8.0,0.0,1.0,1.0,0.0
AAAUUP138180000018852125_OR,7.0,0.0,7.0,0.0,1.0,1.0,0.0
AAAUUP138180000019182125_OR,9.0,1.0,8.0,0.0,3.0,1.1111111111111112,0.1111111111111111
AAAUUP138180000019752125_OR,9.0,0.0,7.0,2.0,2.0,0.7777777777777778,0.0
AAAUUP138180000021202125_OR,10.0,0.0,8.0,2.0,0.0,0.8,0.0
AAAUUP138180000023902125_OR,9.0,0.0,8.0,1.0,1.0,0.8888888888888888,0.0
AAAUUP138180000025552125_OR,8.0,0.0,8.0,0.0,0.0,1.0,0.0
AAAUUP138180000028012125_OR,10.0,0.0,10.0,0.0,0.0,1.0,0.0
AAAUUP138180000028912125_OR,6.0,2.0,4.0,0.0,4.0,1.3333333333333333,0.3333333333333333
AAAUUP138180000031522125_OR,9.0,0.0,9.0,0.0,1.0,1.0,0.0
AAAUUP138180000032422125_OR,11.0,0.0,10.0,1.0,0.0,0.9090909090909091,0.0
AAAUUP138180000035312125_OR,8.0,0.0,8.0,0.0,0.0,1.0,0.0
AAAUUP138180000035622125_OR,12.0,0.0,11.0,1.0,5.0,0.9166666666666666,0.0
AAAUUP138180000036092125_OR,11.0,0.0,10.0,1.0,1.0,0.9090909090909091,0.0
AAAUUP138180000036932125_OR,11.0,0.0,9.0,2.0,1.0,0.8181818181818182,0.0
AAAUUP138180000037042125_OR,9.0,0.0,8.0,1.0,1.0,0.8888888888888888,0.0
AAAUUP138180000037742125_OR,13.0,2.0,11.0,0.0,1.0,1.1538461538461537,0.15384615384615385
AAAUUP138180000038582125_OR,13.0,0.0,9.0,4.0,0.0,0.6923076923076923,0.0
AAAUUP138180000038652125_OR,10.0,2.0,8.0,0.0,0.0,1.2,0.2
AAAUUP138180000039622125_OR,9.0,4.0,5.0,0.0,0.0,1.4444444444444444,0.4444444444444444
AAAUUP138180000041442125_OR,11.0,0.0,7.0,4.0,1.0,0.6363636363636364,0.0
AAAUUP138180000042742125_OR,13.0,0.0,13.0,0.0,2.0,1.0,0.0
AAAUUP138180000043392125_OR,9.0,1.0,8.0,0.0,1.0,1.1111111111111112,0.1111111111111111
AAAUUP138180000043632125_OR,16.0,0.0,14.0,2.0,10.0,0.875,0.0
AAAUUP138180000045962125_OR,12.0,0.0,12.0,0.0,6.0,1.0,0.0
AAAUUP138180000046362125_OR,13.0,2.0,11.0,0.0,1.0,1.1538461538461537,0.15384615384615385
AAAUUP138180000046942125_OR,9.0,2.0,7.0,0.0,3.0,1.2222222222222223,0.2222222222222222
AAAUUP138180000047922125_OR,11.0,0.0,11.0,0.0,0.0,1.0,0.0
AAAUUP138180000048242125_OR,13.0,1.0,12.0,0.0,1.0,1.0769230769230769,0.07692307692307693
AAAUUP138180000048312125_OR,17.0,0.0,17.0,0.0,0.0,1.0,0.0
AAAUUP138180000049022125_OR,20.0,0.0,14.0,6.0,0.0,0.7,0.0
AAAUUP138180000050862125_OR,14.0,0.0,14.0,0.0,2.0,1.0,0.0
AAAUUP138180000051632125_OR,13.0,2.0,11.0,0.0,2.0,1.1538461538461537,0.15384615384615385
AAAUUP138180000052862125_OR,9.0,0.0,9.0,0.0,0.0,1.0,0.0
AAAUUP138180000053542125_OR,13.0,0.0,12.0,1.0,0.0,0.9230769230769231,0.0
AAAUUP138180000053552125_OR,13.0,0.0,13.0,0.0,3.0,1.0,0.0
AAAUUP138180000053702125_OR,12.0,1.0,11.0,0.0,1.0,1.0833333333333333,0.08333333333333333
AAAUUP138180000053962125_OR,13.0,0.0,12.0,1.0,3.0,0.9230769230769231,0.0
AAAUUP138180000054322125_OR,18.0,0.0,12.0,6.0,0.0,0.6666666666666666,0.0
AAAUUP138180000054542125_OR,11.0,0.0,11.0,0.0,1.0,1.0,0.0
AAAUUP138180000055202125_OR,13.0,0.0,13.0,0.0,0.0,1.0,0.0
AAAUUP138180000056482125_OR,11.0,0.0,10.0,1.0,0.0,0.9090909090909091,0.0
AAAUUP138180000060102125_OR,11.0,0.0,8.0,3.0,1.0,0.7272727272727273,0.0
AAAUUP138180000062422125_OR,9.0,0.0,9.0,0.0,1.0,1.0,0.0
AAAUUP138180000062892125_OR,12.0,0.0,11.0,1.0,1.0,0.9166666666666666,0.0
AAAUUP138180000065352125_OR,11.0,0.0,10.0,1.0,1.0,0.9090909090909091,0.0
AAAUUP138180000065642125_OR,9.0,0.0,9.0,0.0,0.0,1.0,0.0
AAAUUP138180000065742125_OR,12.0,0.0,12.0,0.0,1.0,1.0,0.0
AAAUUP138180000066112125_OR,14.0,2.0,12.0,0.0,2.0,1.1428571428571428,0.14285714285714285
AAAUUP138180000069582125_OR,9.0,3.0,6.0,0.0,0.0,1.3333333333333333,0.3333333333333333
AAAUUP138180000071912125_OR,10.0,0.0,6.0,4.0,0.0,0.6,0.0
AAAUUP138180000074292125_OR,15.0,0.0,14.0,1.0,2.0,0.9333333333333333,0.0
AAAUUP138180000077122125_OR,9.0,0.0,9.0,0.0,1.0,1.0,0.0
AAAUUP138180000077432125_OR,9.0,0.0,9.0,0.0,0.0,1.0,0.0
AAAUUP138180000077522125_OR,6.0,0.0,6.0,0.0,0.0,1.0,0.0
AAAUUP138180000086622125_OR,9.0,0.0,9.0,0.0,1.0,1.0,0.0
AAAUUP138180000087312125_OR,10.0,0.0,10.0,0.0,0.0,1.0,0.0
AAAUUP138180000087882125_OR,9.0,0.0,9.0,0.0,1.0,1.0,0.0
AAAUUP138180000089192125_OR_cleaned,11.0,0.0,11.0,0.0,3.0,1.0,0.0
AAAUUP138180000089262125_OR,12.0,0.0,12.0,0.0,2.0,1.0,0.0
AAAUUP138180000090312125_OR,10.0,0.0,5.0,5.0,4.0,0.5,0.0
AAAUUP138180000090612125_OR,8.0,0.0,8.0,0.0,1.0,1.0,0.0
AAAUUP138180000091162125_OR,12.0,0.0,11.0,1.0,1.0,0.9166666666666666,0.0
AAAUUP138180000092232125_OR,11.0,0.0,10.0,1.0,2.0,0.9090909090909091,0.0
AAAUUP138180000092342125_OR,14.0,1.0,13.0,0.0,0.0,1.0714285714285714,0.07142857142857142
AAAUUP138180000094172125_OR,12.0,0.0,12.0,0.0,0.0,1.0,0.0
AAAUUP138180000094532125_OR,9.0,2.0,7.0,0.0,5.0,1.2222222222222223,0.2222222222222222
AAAUUP138180000095582125_OR,8.0,0.0,8.0,0.0,1.0,1.0,0.0
AAAUUP138180000095702125_OR,12.0,0.0,12.0,0.0,0.0,1.0,0.0
AAAUUP138180000096102125_OR,10.0,0.0,10.0,0.0,2.0,1.0,0.0
AAAUUP138180000096762125_OR,12.0,1.0,11.0,0.0,2.0,1.0833333333333333,0.08333333333333333
AAAUUP138180000096792125_OR,12.0,0.0,12.0,0.0,0.0,1.0,0.0
AAAUUP138180000097022125_OR,11.0,0.0,11.0,0.0,2.0,1.0,0.0
AAAUUP138180000097122125_OR,9.0,0.0,6.0,3.0,0.0,0.6666666666666666,0.0
AAAUUP138180000097222125_OR,12.0,0.0,12.0,0.0,2.0,1.0,0.0
AAAUUP138180000097332125_OR,12.0,0.0,12.0,0.0,1.0,1.0,0.0
AAAUUP138180000097342125_OR,11.0,0.0,11.0,0.0,0.0,1.0,0.0
AAAUUP138180000099392125_OR,15.0,2.0,13.0,0.0,1.0,1.1333333333333333,0.13333333333333333
AAAUUP138180000099712125_OR,10.0,0.0,3.0,7.0,0.0,0.3,0.0
AAAUUP138180000100332125_OR,12.0,0.0,9.0,3.0,2.0,0.75,0.0
AAAUUP138180000100432125_OR,12.0,3.0,9.0,0.0,0.0,1.25,0.25
AAAUUP138180000100442125_OR,12.0,0.0,12.0,0.0,1.0,1.0,0.0
AAAUUP138180000100512125_OR,12.0,2.0,10.0,0.0,2.0,1.1666666666666667,0.16666666666666666
AAAUUP138180000100822125_OR,13.0,0.0,11.0,2.0,1.0,0.8461538461538461,0.0
AAAUUP138180000101572125_OR,10.0,0.0,9.0,1.0,0.0,0.9,0.0
AAAUUP138180000107772125_OR,9.0,0.0,8.0,1.0,1.0,0.8888888888888888,0.0
AAAUUP138180000108352125_OR,10.0,0.0,9.0,1.0,4.0,0.9,0.0
AAAUUP138180000110102125_OR,9.0,0.0,9.0,0.0,0.0,1.0,0.0
AAAUUP138180000110422125_OR,9.0,0.0,8.0,1.0,0.0,0.8888888888888888,0.0
AAAUUP138180000112122125_OR_cleaned,6.0,0.0,6.0,0.0,0.0,1.0,0.0
AAAUUP138180000113142125_OR,8.0,0.0,6.0,2.0,1.0,0.75,0.0
AAAUUP138180000114702125_OR,12.0,2.0,10.0,0.0,1.0,1.1666666666666667,0.16666666666666666
AAAUUP138180000114822125_OR,9.0,0.0,8.0,1.0,3.0,0.8888888888888888,0.0
AAAUUP138180000115042125_OR,7.0,0.0,7.0,0.0,1.0,1.0,0.0
AAAUUP138180000115232125_OR,11.0,0.0,11.0,0.0,3.0,1.0,0.0
AAAUUP138180000115962125_OR,12.0,0.0,12.0,0.0,0.0,1.0,0.0
AAAUUP138180000116122125_OR,16.0,0.0,10.0,6.0,0.0,0.625,0.0
AAAUUP138180000117392125_OR_cleaned,9.0,0.0,2.0,7.0,2.0,0.2222222222222222,0.0
AAAUUP138180000118412125_OR,11.0,0.0,8.0,3.0,0.0,0.7272727272727273,0.0
AAAUUP138180000119302125_OR,19.0,0.0,19.0,0.0,6.0,1.0,0.0
AAAUUP138180000119432125_OR,8.0,0.0,8.0,0.0,0.0,1.0,0.0
AAAUUP138180000121932125_OR,11.0,0.0,11.0,0.0,0.0,1.0,0.0
AAAUUP138180000126192125_OR,12.0,1.0,11.0,0.0,3.0,1.0833333333333333,0.08333333333333333
AAAUUP138180000126752125_OR,13.0,0.0,13.0,0.0,3.0,1.0,0.0
AAAUUP138180000127792125_OR,9.0,1.0,8.0,0.0,1.0,1.1111111111111112,0.1111111111111111
AAAUUP138180000128052125_OR,13.0,0.0,13.0,0.0,2.0,1.0,0.0
AAAUUP138180000128152125_OR,11.0,1.0,10.0,0.0,0.0,1.0909090909090908,0.09090909090909091
AAAUUP138180000128162125_OR,12.0,0.0,12.0,0.0,0.0,1.0,0.0
AAAUUP138180000128722125_OR,9.0,0.0,9.0,0.0,0.0,1.0,0.0
AAAUUP138180000128812125_OR,12.0,2.0,10.0,0.0,3.0,1.1666666666666667,0.16666666666666666
AAAUUP138180000128852125_OR,9.0,0.0,9.0,0.0,0.0,1.0,0.0
AAAUUP138180000129842125_OR,10.0,0.0,10.0,0.0,0.0,1.0,0.0
AAAUUP138180000129932125_OR,14.0,0.0,14.0,0.0,3.0,1.0,0.0
AAAUUP138180000130302125_OR,12.0,0.0,12.0,0.0,3.0,1.0,0.0
AAAUUP138180000130362125_OR,15.0,0.0,14.0,1.0,1.0,0.9333333333333333,0.0
AAAUUP138180000130602125_OR,12.0,0.0,12.0,0.0,0.0,1.0,0.0
AAAUUP138180000130642125_OR,11.0,0.0,11.0,0.0,4.0,1.0,0.0
AAAUUP138180000130862125_OR,10.0,0.0,10.0,0.0,0.0,1.0,0.0
AAAUUP138180000130882125_OR,7.0,0.0,7.0,0.0,0.0,1.0,0.0
AAAUUP138180000131092125_OR,11.0,0.0,8.0,3.0,3.0,0.7272727272727273,0.0
AAAUUP138180000131342125_OR,14.0,0.0,14.0,0.0,0.0,1.0,0.0
AAAUUP138180000131452125_OR,13.0,1.0,12.0,0.0,2.0,1.0769230769230769,0.07692307692307693
AAAUUP138180000131722125_OR,12.0,0.0,12.0,0.0,0.0,1.0,0.0
AAAUUP138180000132002125_OR,6.0,0.0,6.0,0.0,0.0,1.0,0.0
AAAUUP138180000132272125_OR,8.0,4.0,4.0,0.0,0.0,1.5,0.5
AAAUUP138180000132282125_OR,8.0,0.0,8.0,0.0,0.0,1.0,0.0
AAAUUP138180000132422125_OR,14.0,0.0,14.0,0.0,1.0,1.0,0.0
AAAUUP138180000132462125_OR,8.0,0.0,7.0,1.0,1.0,0.875,0.0
AAAUUP138180000132702125_OR,10.0,4.0,6.0,0.0,1.0,1.4,0.4
AAAUUP138180000132782125_OR,6.0,0.0,6.0,0.0,2.0,1.0,0.0
AAAUUP138180000132792125_OR,8.0,1.0,6.0,1.0,1.0,1.0,0.125
AAAUUP138180000132922125_OR,10.0,3.0,7.0,0.0,1.0,1.3,0.3
AAAUUP138180000133182125_OR_cleaned,11.0,0.0,11.0,0.0,2.0,1.0,0.0
AAAUUP138180000133302125_OR,16.0,0.0,12.0,4.0,1.0,0.75,0.0
AAAUUP138180000133542125_OR,3.0,0.0,2.0,1.0,0.0,0.6666666666666666,0.0
AAAUUP138180000134132125_OR,12.0,0.0,12.0,0.0,0.0,1.0,0.0
AAAUUP138180000134362125_OR,12.0,1.0,10.0,1.0,0.0,1.0,0.08333333333333333
AAAUUP138180000134642125_OR,12.0,0.0,12.0,0.0,1.0,1.0,0.0
AAAUUP138180000142372125_OR,4.0,0.0,1.0,3.0,4.0,0.25,0.0
AAAUUP138180000142492125_OR,25.0,0.0,25.0,0.0,3.0,1.0,0.0
AAAUUP138180000151472125_OR,9.0,0.0,8.0,1.0,1.0,0.8888888888888888,0.0
AAAUUP138180000158012125_OR,12.0,0.0,12.0,0.0,1.0,1.0,0.0
AAAUUP138180000158372125_OR,8.0,0.0,8.0,0.0,2.0,1.0,0.0
AAAUUP138180000164042125_OR,4.0,0.0,4.0,0.0,0.0,1.0,0.0
AAAUUP138180000180812125_OR,4.0,0.0,4.0,0.0,1.0,1.0,0.0
AAAUUP138180000185912125_OR,19.0,0.0,15.0,4.0,1.0,0.7894736842105263,0.0
AAAUUP138180000189632125_OR,12.0,0.0,12.0,0.0,2.0,1.0,0.0
AAAUUP138180000191072125_OR,14.0,0.0,13.0,1.0,1.0,0.9285714285714286,0.0
AAAUUP138180000193682125_OR_cleaned,17.0,2.0,15.0,0.0,1.0,1.1176470588235294,0.11764705882352941
AAAUUP138180000194412125_OR,12.0,3.0,9.0,0.0,2.0,1.25,0.25
AAAUUP138180000207732125_OR,10.0,0.0,10.0,0.0,0.0,1.0,0.0
AAAUUP138180000215012125_OR,7.0,0.0,7.0,0.0,0.0,1.0,0.0
AAAUUP138180000216772125_OR,6.0,0.0,6.0,0.0,0.0,1.0,0.0
AAAUUP138180000231532125_OR,12.0,0.0,12.0,0.0,1.0,1.0,0.0
AAAUUP138180000233142125_OR,15.0,0.0,15.0,0.0,2.0,1.0,0.0
AAAUUP138180000234042125_OR,15.0,1.0,14.0,0.0,1.0,1.0666666666666667,0.06666666666666667
AAAUUP138180000236122125_OR,15.0,0.0,13.0,2.0,0.0,0.8666666666666667,0.0
AAAUUP138180000243292125_OR,11.0,0.0,10.0,1.0,0.0,0.9090909090909091,0.0
AAAUUP138180000245512125_OR,13.0,1.0,12.0,0.0,1.0,1.0769230769230769,0.07692307692307693
AAAUUP138180000247552125_OR,7.0,0.0,7.0,0.0,0.0,1.0,0.0
AAAUUP138180000251632125_OR,14.0,0.0,13.0,1.0,0.0,0.9285714285714286,0.0
AAAUUP138180000257322125_OR,3.0,0.0,3.0,0.0,0.0,1.0,0.0
AAAUUP138180000258382125_OR,14.0,0.0,14.0,0.0,2.0,1.0,0.0
AAAUUP138180000259002125_OR,13.0,0.0,13.0,0.0,0.0,1.0,0.0
AAAUUP138180000259692125_OR,9.0,0.0,9.0,0.0,2.0,1.0,0.0
AAAUUP138180000260632125_OR,16.0,3.0,13.0,0.0,2.0,1.1875,0.1875
AAAUUP138180000260792125_OR,8.0,1.0,7.0,0.0,1.0,1.125,0.125
AAAUUP138180000261022125_OR,9.0,1.0,8.0,0.0,0.0,1.1111111111111112,0.1111111111111111
AAAUUP138180000265812125_OR_cleaned,12.0,0.0,12.0,0.0,0.0,1.0,0.0
AAAUUP138180000267102125_OR,16.0,4.0,12.0,0.0,0.0,1.25,0.25
AAAUUP138180000267142125_OR,14.0,6.0,8.0,0.0,0.0,1.4285714285714286,0.42857142857142855
AAAUUP138180000272172125_OR,14.0,0.0,14.0,0.0,2.0,1.0,0.0
AAAUUP138180000282932125_OR,7.0,0.0,5.0,2.0,0.0,0.7142857142857143,0.0
AAAUUP138180000294872125_OR_cleaned,15.0,6.0,9.0,0.0,3.0,1.4,0.4
AAAUUP138180000295232125_OR,9.0,0.0,9.0,0.0,0.0,1.0,0.0
AAAUUP138180000297252125_OR,14.0,0.0,14.0,0.0,0.0,1.0,0.0
AAAUUP138180000306282125_OR,10.0,0.0,10.0,0.0,2.0,1.0,0.0
AAAUUP138180000312342125_OR,7.0,0.0,2.0,5.0,1.0,0.2857142857142857,0.0
AAAUUP138180000312592125_OR,12.0,0.0,11.0,1.0,5.0,0.9166666666666666,0.0
AAAUUP138180000312602125_OR,3.0,0.0,1.0,2.0,0.0,0.3333333333333333,0.0
AAAUUP138180000312862125_OR,11.0,1.0,10.0,0.0,2.0,1.0909090909090908,0.09090909090909091
AAAUUP138180000316082125_OR,12.0,2.0,10.0,0.0,1.0,1.1666666666666667,0.16666666666666666
AAAUUP138180000333392125_OR,12.0,0.0,12.0,0.0,1.0,1.0,0.0
AAAUUP138180000340802125_OR,5.0,0.0,5.0,0.0,0.0,1.0,0.0
AAAUUP138180000349832125_OR,13.0,1.0,12.0,0.0,1.0,1.0769230769230769,0.07692307692307693
AAAUUP138180000354462125_OR,11.0,3.0,8.0,0.0,1.0,1.2727272727272727,0.2727272727272727
AAAUUP138180000359992125_OR,9.0,0.0,8.0,1.0,0.0,0.8888888888888888,0.0
AAAUUP138180000365982125_OR,12.0,0.0,12.0,0.0,0.0,1.0,0.0
AAAUUP138180000367382125_OR,8.0,0.0,8.0,0.0,0.0,1.0,0.0
AAAUUP138180000368712125_OR,13.0,0.0,12.0,1.0,0.0,0.9230769230769231,0.0
AAAUUP138180000369922125_OR,22.0,0.0,21.0,1.0,8.0,0.9545454545454546,0.0
AAAUUP138180000377712125_OR,12.0,0.0,12.0,0.0,0.0,1.0,0.0
AAAUUP138180000377942125_OR,12.0,0.0,12.0,0.0,1.0,1.0,0.0
AAAUUP138180000378072125_OR,9.0,1.0,8.0,0.0,1.0,1.1111111111111112,0.1111111111111111
AAAUUP138180000378142125_OR,7.0,0.0,7.0,0.0,0.0,1.0,0.0
AAAUUP138180000378272125_OR,13.0,1.0,12.0,0.0,2.0,1.0769230769230769,0.07692307692307693
AAAUUP138180000378312125_OR,11.0,0.0,11.0,0.0,0.0,1.0,0.0
AAAUUP138180000378322125_OR,12.0,0.0,11.0,1.0,4.0,0.9166666666666666,0.0
AAAUUP138180000378592125_OR,10.0,0.0,6.0,4.0,1.0,0.6,0.0
AAAUUP138180000379852125_OR,11.0,5.0,6.0,0.0,0.0,1.4545454545454546,0.45454545454545453
AAAUUP138180000380802125_OR,11.0,0.0,11.0,0.0,0.0,1.0,0.0
AAAUUP138180000381352125_OR,17.0,0.0,16.0,1.0,0.0,0.9411764705882353,0.0
AAAUUP138180000382302125_OR_cleaned,11.0,1.0,10.0,0.0,4.0,1.0909090909090908,0.09090909090909091
AAAUUP138180000382772125_OR,11.0,0.0,11.0,0.0,0.0,1.0,0.0
AAAUUP138180000386992125_OR,11.0,0.0,11.0,0.0,0.0,1.0,0.0
AAAUUP138180000387092125_OR,12.0,2.0,10.0,0.0,1.0,1.1666666666666667,0.16666666666666666
AAAUUP138180000387392125_OR,14.0,1.0,13.0,0.0,2.0,1.0714285714285714,0.07142857142857142
AAAUUP138180000387472125_OR,9.0,0.0,9.0,0.0,4.0,1.0,0.0
AAAUUP138180000388232125_OR,11.0,1.0,10.0,0.0,0.0,1.0909090909090908,0.09090909090909091
AAAUUP138180000388622125_OR,12.0,1.0,11.0,0.0,1.0,1.0833333333333333,0.08333333333333333
AAAUUP138180000388682125_OR,10.0,3.0,7.0,0.0,0.0,1.3,0.3
AAAUUP138180000390302125_OR,9.0,0.0,8.0,1.0,0.0,0.8888888888888888,0.0
AAAUUP138180000390442125_OR,7.0,0.0,7.0,0.0,2.0,1.0,0.0
AAAUUP138180000390522125_OR,8.0,0.0,8.0,0.0,0.0,1.0,0.0
AAAUUP138180000390682125_OR,7.0,0.0,6.0,1.0,2.0,0.8571428571428571,0.0
AAAUUP138180000391692125_OR,14.0,0.0,14.0,0.0,1.0,1.0,0.0
AAAUUP138180000391812125_OR,6.0,0.0,6.0,0.0,0.0,1.0,0.0
AAAUUP138180000391932125_OR,7.0,0.0,7.0,0.0,1.0,1.0,0.0
AAAUUP138180000392232125_OR,12.0,2.0,10.0,0.0,2.0,1.1666666666666667,0.16666666666666666
AAAUUP138180000392402125_OR,7.0,0.0,7.0,0.0,1.0,1.0,0.0
AAAUUP138180000392572125_OR,9.0,0.0,9.0,0.0,3.0,1.0,0.0
AAAUUP138180000392592125_OR,11.0,0.0,11.0,0.0,0.0,1.0,0.0
AAAUUP138180000392612125_OR,14.0,4.0,10.0,0.0,2.0,1.2857142857142858,0.2857142857142857
AAAUUP138180000392872125_OR,11.0,0.0,11.0,0.0,2.0,1.0,0.0
AAAUUP138180000392912125_OR,7.0,1.0,6.0,0.0,1.0,1.1428571428571428,0.14285714285714285
AAAUUP138180000393052125_OR,11.0,0.0,11.0,0.0,0.0,1.0,0.0
AAAUUP138180000393082125_OR,15.0,1.0,14.0,0.0,2.0,1.0666666666666667,0.06666666666666667
AAAUUP138180000393462125_OR,10.0,0.0,10.0,0.0,0.0,1.0,0.0
AAAUUP138180000394042125_OR,10.0,0.0,10.0,0.0,1.0,1.0,0.0
AAAUUP138180000394692125_OR,12.0,1.0,11.0,0.0,1.0,1.0833333333333333,0.08333333333333333
AAAUUP138180000394932125_OR,12.0,0.0,10.0,2.0,1.0,0.8333333333333334,0.0
AAAUUP138180000395402125_OR,12.0,0.0,12.0,0.0,2.0,1.0,0.0
AAAUUP138180000395462125_OR,10.0,0.0,10.0,0.0,0.0,1.0,0.0
AAAUUP138180000398902125_OR,8.0,0.0,5.0,3.0,0.0,0.625,0.0
AAAUUP138180000400172125_OR,10.0,5.0,5.0,0.0,0.0,1.5,0.5
AAAUUP138180000400692125_OR,10.0,0.0,10.0,0.0,3.0,1.0,0.0
AAAUUP138180000400832125_OR,12.0,0.0,12.0,0.0,1.0,1.0,0.0
AAAUUP138180000400852125_OR,11.0,0.0,10.0,1.0,1.0,0.9090909090909091,0.0
AAAUUP138180000400922125_OR,10.0,0.0,10.0,0.0,0.0,1.0,0.0
AAAUUP138180000401092125_OR,12.0,2.0,10.0,0.0,0.0,1.1666666666666667,0.16666666666666666
AAAUUP138180000401102125_OR,11.0,1.0,9.0,1.0,0.0,1.0,0.09090909090909091
AAAUUP138180000401832125_OR,9.0,0.0,9.0,0.0,2.0,1.0,0.0
AAAUUP138180000402952125_OR,10.0,0.0,9.0,1.0,1.0,0.9,0.0
AAAUUP138180000404382125_OR,9.0,1.0,8.0,0.0,0.0,1.1111111111111112,0.1111111111111111
AAAUUP138180000405382125_OR,10.0,0.0,10.0,0.0,2.0,1.0,0.0
AAAUUP138180000405692125_OR,9.0,0.0,9.0,0.0,0.0,1.0,0.0
AAAUUP138180000405892125_OR,12.0,0.0,10.0,2.0,0.0,0.8333333333333334,0.0
AAAUUP138180000406082125_OR,11.0,0.0,11.0,0.0,2.0,1.0,0.0
AAAUUP138180000406502125_OR,16.0,0.0,14.0,2.0,1.0,0.875,0.0
AAAVUP14319000005169,7.0,0.0,5.0,2.0,0.0,0.7142857142857143,0.0
AAAVUP14319000005830,5.0,0.0,5.0,0.0,0.0,1.0,0.0
AAAVUP14319000007082,4.0,0.0,3.0,1.0,0.0,0.75,0.0
AAAVUP14319000007097,8.0,0.0,7.0,1.0,4.0,0.875,0.0
AAAVUP14319000008591,9.0,0.0,9.0,0.0,0.0,1.0,0.0
AAAVUP14319000010206,2.0,0.0,0.0,2.0,0.0,0.0,0.0
AAAVUP14319000011438,11.0,2.0,9.0,0.0,0.0,1.1818181818181819,0.18181818181818182
AAAVUP14319000012556,3.0,0.0,0.0,3.0,0.0,0.0,0.0
AAAVUP14319000013032,9.0,0.0,9.0,0.0,0.0,1.0,0.0
AAAVUP14319000013130,10.0,8.0,2.0,0.0,4.0,1.8,0.8
AAAVUP14319000013723,11.0,0.0,11.0,0.0,0.0,1.0,0.0
AAAVUP14319000015813,7.0,0.0,2.0,5.0,0.0,0.2857142857142857,0.0
AAAVUP14319000015904,10.0,7.0,3.0,0.0,3.0,1.7,0.7
AAAVUP14319000016319,9.0,0.0,9.0,0.0,0.0,1.0,0.0
AAAVUP14319000016355,10.0,0.0,10.0,0.0,0.0,1.0,0.0
AAAVUP14319000016367,4.0,0.0,1.0,3.0,0.0,0.25,0.0
AAAVUP14319000016989,12.0,0.0,12.0,0.0,2.0,1.0,0.0
AAAVUP14319000017212,4.0,0.0,3.0,1.0,0.0,0.75,0.0
AAAVUP14319000017653,8.0,0.0,8.0,0.0,0.0,1.0,0.0
AAAVUP14319000017742,2.0,0.0,1.0,1.0,0.0,0.5,0.0
AAAVUP14319000017748,13.0,0.0,10.0,3.0,1.0,0.7692307692307693,0.0
AAAVUP14319000017872,12.0,5.0,7.0,0.0,0.0,1.4166666666666667,0.4166666666666667
AAAVUP14319000019831,10.0,0.0,10.0,0.0,4.0,1.0,0.0
AAAVUP14319000019886,8.0,0.0,8.0,0.0,0.0,1.0,0.0
AAAVUP14319000020049,8.0,0.0,6.0,2.0,1.0,0.75,0.0
AAAVUP14319000020114,6.0,0.0,5.0,1.0,1.0,0.8333333333333334,0.0
AAAVUP14319000020148,4.0,0.0,4.0,0.0,0.0,1.0,0.0
AAAVUP14319000020216,9.0,0.0,9.0,0.0,1.0,1.0,0.0
AAAVUP14319000020330,3.0,0.0,2.0,1.0,0.0,0.6666666666666666,0.0
AAAVUP14319000020501,7.0,0.0,4.0,3.0,0.0,0.5714285714285714,0.0
AAAVUP14319000021254,4.0,0.0,2.0,2.0,0.0,0.5,0.0
AAAVUP14319000021490,5.0,0.0,5.0,0.0,0.0,1.0,0.0
AAAVUP14319000022437,4.0,0.0,0.0,4.0,0.0,0.0,0.0
AAAVUP14319000022503,8.0,0.0,5.0,3.0,2.0,0.625,0.0
AAAVUP14319000022608,8.0,0.0,6.0,2.0,2.0,0.75,0.0
AAAVUP14319000022833,9.0,0.0,9.0,0.0,0.0,1.0,0.0
AAAVUP14319000022898,9.0,6.0,3.0,0.0,0.0,1.6666666666666667,0.6666666666666666
AAAVUP14319000023605,3.0,0.0,0.0,3.0,0.0,0.0,0.0
AAAVUP14319000023628,9.0,5.0,4.0,0.0,1.0,1.5555555555555556,0.5555555555555556
AAAVUP14319000023913,7.0,0.0,6.0,1.0,0.0,0.8571428571428571,0.0
AAAVUP14319000024165,8.0,3.0,5.0,0.0,0.0,1.375,0.375
AAAVUP14319000024286,12.0,2.0,10.0,0.0,2.0,1.1666666666666667,0.16666666666666666
AAAVUP14319000024689,4.0,0.0,0.0,4.0,1.0,0.0,0.0
AAAVUP14319000024699,6.0,0.0,6.0,0.0,0.0,1.0,0.0
AAAVUP14319000024972,5.0,0.0,3.0,2.0,0.0,0.6,0.0
AAAVUP14319000025265,11.0,2.0,9.0,0.0,1.0,1.1818181818181819,0.18181818181818182
AAAVUP14319000025609,6.0,1.0,5.0,0.0,1.0,1.1666666666666667,0.16666666666666666
AAAVUP14319000025650,4.0,0.0,4.0,0.0,0.0,1.0,0.0
AAAVUP14319000025738,11.0,0.0,8.0,3.0,1.0,0.7272727272727273,0.0
AAAVUP14319000025905,13.0,6.0,7.0,0.0,3.0,1.4615384615384615,0.46153846153846156
AAAVUP14319000026190,10.0,0.0,6.0,4.0,1.0,0.6,0.0
AAAVUP14319000027265,10.0,0.0,10.0,0.0,0.0,1.0,0.0
AAAVUP14319000027569,5.0,0.0,5.0,0.0,0.0,1.0,0.0
AAAVUP14319000027662,7.0,0.0,7.0,0.0,0.0,1.0,0.0
AAAVUP14319000027838,4.0,0.0,2.0,2.0,0.0,0.5,0.0
AAAVUP14319000028179,7.0,0.0,1.0,6.0,3.0,0.14285714285714285,0.0
AAAVUP14319000028594,7.0,3.0,4.0,0.0,0.0,1.4285714285714286,0.42857142857142855
AAAVUP14319000028646,9.0,0.0,9.0,0.0,0.0,1.0,0.0
AAAVUP14319000028827,6.0,0.0,6.0,0.0,0.0,1.0,0.0
AAAVUP14319000028974,5.0,0.0,1.0,4.0,0.0,0.2,0.0
AAAVUP14319000029009,8.0,0.0,7.0,1.0,2.0,0.875,0.0
AAAVUP14319000029410,13.0,13.0,0.0,0.0,0.0,2.0,1.0
AAAVUP14319000029513,7.0,0.0,7.0,0.0,0.0,1.0,0.0
AAAVUP14319000030093,7.0,0.0,3.0,4.0,1.0,0.42857142857142855,0.0
AAAVUP14319000030345,9.0,1.0,6.0,2.0,0.0,0.8888888888888888,0.1111111111111111
AAAVUP14319000031551,5.0,0.0,5.0,0.0,0.0,1.0,0.0
AAAVUP14319000031867,8.0,0.0,8.0,0.0,0.0,1.0,0.0
AAAVUP14319000031914,9.0,0.0,8.0,1.0,2.0,0.8888888888888888,0.0
AAAVUP14319000031924,8.0,1.0,4.0,3.0,0.0,0.75,0.125
AAAVUP14319000031940,3.0,0.0,1.0,2.0,0.0,0.3333333333333333,0.0
AAAVUP14319000031968,6.0,0.0,6.0,0.0,0.0,1.0,0.0
AAAVUP14319000031971,8.0,0.0,8.0,0.0,0.0,1.0,0.0
AAAVUP14319000032429,8.0,3.0,5.0,0.0,0.0,1.375,0.375
AAAVUP14319000032442,10.0,0.0,10.0,0.0,3.0,1.0,0.0
AAAVUP14319000032454,5.0,0.0,5.0,0.0,2.0,1.0,0.0
AAAVUP14319000032464,9.0,1.0,7.0,1.0,0.0,1.0,0.1111111111111111
AAAVUP14319000032527,13.0,4.0,9.0,0.0,0.0,1.3076923076923077,0.3076923076923077
AAAVUP14319000032601,7.0,0.0,5.0,2.0,0.0,0.7142857142857143,0.0
AAAVUP14319000032656,9.0,0.0,8.0,1.0,0.0,0.8888888888888888,0.0
AAAVUP14319000032707,9.0,0.0,4.0,5.0,0.0,0.4444444444444444,0.0
AAAVUP14319000032831,10.0,0.0,9.0,1.0,1.0,0.9,0.0
AAAVUP14319000032950,7.0,0.0,7.0,0.0,0.0,1.0,0.0
AAAVUP14319000032951,2.0,0.0,0.0,2.0,0.0,0.0,0.0
AAAVUP14319000032974,9.0,0.0,6.0,3.0,2.0,0.6666666666666666,0.0
AAAVUP14319000033016,9.0,0.0,9.0,0.0,1.0,1.0,0.0
AAAVUP14319000033031,5.0,1.0,3.0,1.0,0.0,1.0,0.2
AAAVUP14319000033117,9.0,9.0,0.0,0.0,0.0,2.0,1.0
AAAVUP14319000033216,13.0,5.0,8.0,0.0,0.0,1.3846153846153846,0.38461538461538464
AAAVUP14319000033381,2.0,0.0,0.0,2.0,0.0,0.0,0.0
AAAVUP14319000033418,11.0,0.0,11.0,0.0,1.0,1.0,0.0
AAAVUP14319000033528,3.0,0.0,1.0,2.0,2.0,0.3333333333333333,0.0
AAAVUP14319000033563,10.0,2.0,8.0,0.0,0.0,1.2,0.2
AAAVUP14319000033580,7.0,0.0,7.0,0.0,0.0,1.0,0.0
AAAVUP14319000033635,13.0,0.0,12.0,1.0,0.0,0.9230769230769231,0.0
AAAVUP14319000033818,9.0,0.0,4.0,5.0,2.0,0.4444444444444444,0.0
AAAVUP14319000034164,5.0,0.0,5.0,0.0,0.0,1.0,0.0
AAAVUP14319000034468,9.0,3.0,6.0,0.0,0.0,1.3333333333333333,0.3333333333333333
AAAVUP14319000034520,6.0,0.0,6.0,0.0,0.0,1.0,0.0
AAAVUP14319000034864,13.0,1.0,11.0,1.0,2.0,1.0,0.07692307692307693
AAAVUP14319000034882,11.0,0.0,11.0,0.0,4.0,1.0,0.0
AAAVUP14319000034967,14.0,12.0,2.0,0.0,0.0,1.8571428571428572,0.8571428571428571
AAAVUP14319000035044,9.0,0.0,8.0,1.0,1.0,0.8888888888888888,0.0
AAAVUP14319000035072,4.0,0.0,4.0,0.0,0.0,1.0,0.0
AAAVUP14319000035127,7.0,4.0,3.0,0.0,0.0,1.5714285714285714,0.5714285714285714
AAAVUP14319000035194,3.0,0.0,0.0,3.0,0.0,0.0,0.0
AAAVUP14319000035220,11.0,0.0,10.0,1.0,0.0,0.9090909090909091,0.0
AAAVUP14319000035265,13.0,0.0,13.0,0.0,1.0,1.0,0.0
AAAVUP14319000035357,5.0,0.0,5.0,0.0,1.0,1.0,0.0
AAAVUP14319000035744,9.0,5.0,4.0,0.0,2.0,1.5555555555555556,0.5555555555555556
AAAVUP14319000035784,10.0,5.0,5.0,0.0,2.0,1.5,0.5
AAAVUP14319000035847,9.0,3.0,6.0,0.0,2.0,1.3333333333333333,0.3333333333333333
AAAVUP14319000036409,6.0,0.0,6.0,0.0,0.0,1.0,0.0
AAAVUP14319000036701,11.0,0.0,11.0,0.0,0.0,1.0,0.0
AAAVUP14319000036905,6.0,0.0,6.0,0.0,0.0,1.0,0.0
AAAVUP14319000037192,4.0,0.0,2.0,2.0,1.0,0.5,0.0
AAAVUP14319000037564,11.0,0.0,11.0,0.0,1.0,1.0,0.0
AAAVUP14319000037696,10.0,3.0,7.0,0.0,0.0,1.3,0.3
AAAVUP14319000037707,7.0,0.0,5.0,2.0,0.0,0.7142857142857143,0.0
AAAVUP14319000037771,12.0,2.0,10.0,0.0,0.0,1.1666666666666667,0.16666666666666666
AAAVUP14319000037829,6.0,0.0,6.0,0.0,1.0,1.0,0.0
AAAVUP14319000037997,7.0,0.0,6.0,1.0,0.0,0.8571428571428571,0.0
AAAVUP14319000038004,8.0,0.0,8.0,0.0,0.0,1.0,0.0
AAAVUP14319000038217,10.0,4.0,6.0,0.0,0.0,1.4,0.4
AAAVUP14319000038276,10.0,1.0,9.0,0.0,0.0,1.1,0.1
AAAVUP14319000038381,8.0,0.0,7.0,1.0,1.0,0.875,0.0
AAAVUP14319000038589,11.0,10.0,1.0,0.0,2.0,1.9090909090909092,0.9090909090909091
AAAVUP14319000038660,7.0,0.0,3.0,4.0,0.0,0.42857142857142855,0.0
AAAVUP14319000038842,6.0,0.0,6.0,0.0,0.0,1.0,0.0
AAAVUP14319000039259,11.0,0.0,11.0,0.0,0.0,1.0,0.0
AAAVUP14319000039298,11.0,0.0,11.0,0.0,2.0,1.0,0.0
AAAVUP14319000039648,3.0,0.0,1.0,2.0,0.0,0.3333333333333333,0.0
AAAVUP14319000039657,10.0,0.0,5.0,5.0,0.0,0.5,0.0
AAAVUP14319000039767,10.0,0.0,10.0,0.0,1.0,1.0,0.0
AAAVUP14319000039812,8.0,0.0,3.0,5.0,0.0,0.375,0.0
AAAVUP14319000039822,4.0,0.0,2.0,2.0,0.0,0.5,0.0
AAAVUP14319000039862,11.0,0.0,6.0,5.0,0.0,0.5454545454545454,0.0
AAAVUP14319000039883,8.0,0.0,4.0,4.0,1.0,0.5,0.0
AAAVUP14319000040029,4.0,1.0,3.0,0.0,0.0,1.25,0.25
AAAVUP14319000040103,11.0,1.0,10.0,0.0,0.0,1.0909090909090908,0.09090909090909091
AAAVUP14319000040215,8.0,0.0,5.0,3.0,2.0,0.625,0.0
AAAVUP14319000040243,10.0,0.0,10.0,0.0,0.0,1.0,0.0
AAAVUP14319000040392,7.0,2.0,5.0,0.0,0.0,1.2857142857142858,0.2857142857142857
AAAVUP14319000040406,11.0,0.0,11.0,0.0,1.0,1.0,0.0
AAAVUP14319000040603,4.0,0.0,1.0,3.0,1.0,0.25,0.0
AAAVUP14319000040965,10.0,1.0,9.0,0.0,0.0,1.1,0.1
AAAVUP14319000040991,8.0,2.0,6.0,0.0,2.0,1.25,0.25
AAAVUP14319000041169,8.0,0.0,5.0,3.0,0.0,0.625,0.0
AAAVUP14319000041230,6.0,1.0,3.0,2.0,0.0,0.8333333333333334,0.16666666666666666
AAAVUP14319000041393,10.0,6.0,4.0,0.0,1.0,1.6,0.6
AAAVUP14319000041788,6.0,0.0,2.0,4.0,0.0,0.3333333333333333,0.0
AAAVUP14319000041873,7.0,0.0,5.0,2.0,1.0,0.7142857142857143,0.0
AAAVUP14319000042059,11.0,0.0,7.0,4.0,0.0,0.6363636363636364,0.0
AAAVUP14319000042076,5.0,0.0,3.0,2.0,0.0,0.6,0.0
AAAVUP14319000042210,7.0,0.0,7.0,0.0,1.0,1.0,0.0
AAAVUP14319000042312,9.0,1.0,8.0,0.0,0.0,1.1111111111111112,0.1111111111111111
AAAVUP14319000042389,7.0,0.0,4.0,3.0,0.0,0.5714285714285714,0.0
AAAVUP14319000042596,8.0,0.0,6.0,2.0,3.0,0.75,0.0
AAAVUP14319000043043,10.0,3.0,7.0,0.0,0.0,1.3,0.3
AAAVUP14319000043045,11.0,3.0,8.0,0.0,0.0,1.2727272727272727,0.2727272727272727
AAAVUP14319000043188,7.0,0.0,7.0,0.0,0.0,1.0,0.0
AAAVUP14319000043301,6.0,0.0,6.0,0.0,0.0,1.0,0.0
AAAVUP14319000043591,9.0,0.0,8.0,1.0,0.0,0.8888888888888888,0.0
AAAVUP14319000043624,6.0,0.0,6.0,0.0,0.0,1.0,0.0
AAAVUP14319000043625,9.0,7.0,2.0,0.0,1.0,1.7777777777777777,0.7777777777777778
AAAVUP14319000043627,3.0,0.0,0.0,3.0,0.0,0.0,0.0
AAAVUP14319000043686,5.0,4.0,1.0,0.0,0.0,1.8,0.8
AAAVUP14319000043812,5.0,0.0,3.0,2.0,2.0,0.6,0.0
AAAVUP14319000043829,8.0,0.0,8.0,0.0,0.0,1.0,0.0
AAAVUP14319000043831,6.0,0.0,6.0,0.0,4.0,1.0,0.0
AAAVUP14319000043928,13.0,0.0,13.0,0.0,0.0,1.0,0.0
AAAVUP14319000044379,9.0,7.0,2.0,0.0,0.0,1.7777777777777777,0.7777777777777778
AAAVUP14319000044462,6.0,0.0,5.0,1.0,1.0,0.8333333333333334,0.0
AAAVUP14319000044678,10.0,4.0,6.0,0.0,1.0,1.4,0.4
AAAVUP14319000044860,4.0,0.0,4.0,0.0,0.0,1.0,0.0
AAAVUP14319000044937,10.0,7.0,2.0,1.0,2.0,1.6,0.7
AAAVUP14319000044973,10.0,1.0,8.0,1.0,0.0,1.0,0.1
AAAVUP14319000045151,8.0,0.0,7.0,1.0,0.0,0.875,0.0
AAAVUP14319000045358,14.0,0.0,14.0,0.0,0.0,1.0,0.0
AAAVUP14319000045509,7.0,2.0,5.0,0.0,0.0,1.2857142857142858,0.2857142857142857
AAAVUP14319000045637,4.0,0.0,4.0,0.0,0.0,1.0,0.0
AAAVUP14319000045696,6.0,0.0,4.0,2.0,0.0,0.6666666666666666,0.0
AAAVUP14319000045855,6.0,1.0,5.0,0.0,0.0,1.1666666666666667,0.16666666666666666
AAAVUP14319000045988,1.0,0.0,0.0,1.0,0.0,0.0,0.0
AAAVUP14319000046464,5.0,0.0,5.0,0.0,0.0,1.0,0.0
AAAVUP14319000046486,10.0,3.0,7.0,0.0,1.0,1.3,0.3
AAAVUP14319000046592,11.0,0.0,11.0,0.0,3.0,1.0,0.0
AAAVUP14319000046652,7.0,0.0,7.0,0.0,2.0,1.0,0.0
AAAVUP14319000046879,8.0,0.0,6.0,2.0,2.0,0.75,0.0
AAAVUP14319000046935,3.0,0.0,2.0,1.0,0.0,0.6666666666666666,0.0
AAAVUP14319000047020,7.0,0.0,7.0,0.0,1.0,1.0,0.0
AAAVUP14319000047049,5.0,1.0,4.0,0.0,0.0,1.2,0.2
AAAVUP14319000047050,6.0,2.0,4.0,0.0,0.0,1.3333333333333333,0.3333333333333333
AAAVUP14319000047162,12.0,1.0,11.0,0.0,1.0,1.0833333333333333,0.08333333333333333
AAAVUP14319000047268,4.0,0.0,4.0,0.0,0.0,1.0,0.0
AAAVUP14319000047276,12.0,1.0,11.0,0.0,1.0,1.0833333333333333,0.08333333333333333
AAAVUP14319000047367,8.0,0.0,3.0,5.0,0.0,0.375,0.0
AAAVUP14319000047560,9.0,0.0,6.0,3.0,1.0,0.6666666666666666,0.0
AAAVUP14319000047682,12.0,0.0,11.0,1.0,1.0,0.9166666666666666,0.0
AAAVUP14319000047720,7.0,0.0,5.0,2.0,0.0,0.7142857142857143,0.0
AAAVUP14319000047732,4.0,0.0,3.0,1.0,1.0,0.75,0.0
AAAVUP14319000047785,8.0,0.0,6.0,2.0,0.0,0.75,0.0
AAAVUP14319000048076,10.0,1.0,9.0,0.0,0.0,1.1,0.1
AAAVUP14319000048252,3.0,0.0,0.0,3.0,0.0,0.0,0.0
AAAVUP14319000048412,7.0,2.0,5.0,0.0,0.0,1.2857142857142858,0.2857142857142857
AAAVUP14319000048599,8.0,0.0,8.0,0.0,3.0,1.0,0.0
AAAVUP14319000048630,11.0,3.0,7.0,1.0,1.0,1.1818181818181819,0.2727272727272727
AAAVUP14319000048840,12.0,0.0,12.0,0.0,1.0,1.0,0.0
AAAVUP14319000048857,8.0,0.0,2.0,6.0,0.0,0.25,0.0
AAAVUP14319000049103,10.0,0.0,10.0,0.0,0.0,1.0,0.0
AAAVUP14319000049271,8.0,0.0,8.0,0.0,3.0,1.0,0.0
AAAVUP14319000049276,9.0,6.0,3.0,0.0,1.0,1.6666666666666667,0.6666666666666666
AAAVUP14319000049303,9.0,0.0,7.0,2.0,1.0,0.7777777777777778,0.0
AAAVUP14319000049342,11.0,0.0,9.0,2.0,0.0,0.8181818181818182,0.0
AAAVUP14319000049533,9.0,0.0,8.0,1.0,2.0,0.8888888888888888,0.0
AAAVUP14319000049564,11.0,0.0,11.0,0.0,0.0,1.0,0.0
AAAVUP14319000049960,12.0,3.0,9.0,0.0,3.0,1.25,0.25
AAAVUP14319000050018,7.0,0.0,7.0,0.0,2.0,1.0,0.0
AAAVUP14319000050075,8.0,1.0,7.0,0.0,3.0,1.125,0.125
AAAVUP14319000050271,14.0,8.0,6.0,0.0,0.0,1.5714285714285714,0.5714285714285714
AAAVUP14319000050307,8.0,4.0,4.0,0.0,0.0,1.5,0.5
AAAVUP14319000050385,2.0,0.0,0.0,2.0,1.0,0.0,0.0
AAAVUP14319000050514,13.0,7.0,6.0,0.0,1.0,1.5384615384615385,0.5384615384615384
AAAVUP14319000050546,10.0,0.0,10.0,0.0,0.0,1.0,0.0
AAAVUP14319000050595,7.0,2.0,5.0,0.0,0.0,1.2857142857142858,0.2857142857142857
AAAVUP14319000050695,2.0,0.0,1.0,1.0,0.0,0.5,0.0
AAAVUP14319000050780,6.0,0.0,6.0,0.0,1.0,1.0,0.0
AAAVUP14319000050782,7.0,0.0,6.0,1.0,1.0,0.8571428571428571,0.0
AAAVUP14319000050792,8.0,0.0,8.0,0.0,1.0,1.0,0.0
AAAVUP14319000050796,7.0,0.0,3.0,4.0,0.0,0.42857142857142855,0.0
AAAVUP14319000050805,5.0,0.0,5.0,0.0,0.0,1.0,0.0
AAAVUP14319000050843,3.0,0.0,0.0,3.0,0.0,0.0,0.0
AAAVUP14319000050869,12.0,0.0,7.0,5.0,1.0,0.5833333333333334,0.0
AAAVUP14319000050875,5.0,0.0,5.0,0.0,0.0,1.0,0.0
AAAVUP14319000050881,5.0,0.0,5.0,0.0,0.0,1.0,0.0
AAAVUP14319000050904,7.0,0.0,7.0,0.0,0.0,1.0,0.0
AAAVUP14319000050905,3.0,0.0,0.0,3.0,0.0,0.0,0.0
AAAVUP14319000050961,5.0,0.0,5.0,0.0,0.0,1.0,0.0
AAAVUP14319000050964,8.0,0.0,8.0,0.0,1.0,1.0,0.0
AAAVUP14319000050972,10.0,1.0,9.0,0.0,0.0,1.1,0.1
AAAVUP14319000051023,6.0,0.0,3.0,3.0,0.0,0.5,0.0
AAAVUP14319000051076,12.0,0.0,12.0,0.0,1.0,1.0,0.0
AAAVUP14319000051091,6.0,0.0,6.0,0.0,1.0,1.0,0.0
AAAVUP14319000051119,9.0,0.0,9.0,0.0,1.0,1.0,0.0
AAAVUP14319000051148,7.0,0.0,7.0,0.0,1.0,1.0,0.0
AAAVUP14319000051192,7.0,0.0,5.0,2.0,0.0,0.7142857142857143,0.0
AAAVUP14319000051208,7.0,1.0,5.0,1.0,0.0,1.0,0.14285714285714285
AAAVUP14319000051254,8.0,5.0,3.0,0.0,1.0,1.625,0.625
AAAVUP14319000051263,9.0,0.0,9.0,0.0,1.0,1.0,0.0
AAAVUP14319000051298,6.0,0.0,0.0,6.0,0.0,0.0,0.0
AAAVUP14319000051387,11.0,0.0,11.0,0.0,1.0,1.0,0.0
AAAVUP14319000051450,8.0,0.0,8.0,0.0,0.0,1.0,0.0
AAAVUP14319000051672,5.0,0.0,5.0,0.0,0.0,1.0,0.0
AAAVUP14319000051700,10.0,1.0,9.0,0.0,0.0,1.1,0.1
AAAVUP14319000051889,8.0,1.0,7.0,0.0,0.0,1.125,0.125
AAAVUP14319000051916,12.0,0.0,12.0,0.0,0.0,1.0,0.0
AAAVUP14319000051919,12.0,0.0,12.0,0.0,1.0,1.0,0.0
AAAVUP14319000052012,9.0,7.0,2.0,0.0,0.0,1.7777777777777777,0.7777777777777778
AAAVUP14319000052137,7.0,0.0,3.0,4.0,0.0,0.42857142857142855,0.0
AAAVUP14319000052176,10.0,9.0,1.0,0.0,1.0,1.9,0.9
AAAVUP14319000052183,9.0,0.0,9.0,0.0,0.0,1.0,0.0
AAAVUP14319000052215,12.0,1.0,11.0,0.0,3.0,1.0833333333333333,0.08333333333333333
AAAVUP14319000052222,3.0,0.0,2.0,1.0,1.0,0.6666666666666666,0.0
AAAVUP14319000052563,3.0,0.0,0.0,3.0,0.0,0.0,0.0
AAAVUP14319000052577,10.0,0.0,8.0,2.0,0.0,0.8,0.0
AAAVUP14319000052869,8.0,0.0,8.0,0.0,1.0,1.0,0.0
AAAVUP14319000052945,7.0,0.0,7.0,0.0,0.0,1.0,0.0
AAAVUP14319000052972,11.0,0.0,11.0,0.0,1.0,1.0,0.0
AAAVUP14319000053010,6.0,1.0,5.0,0.0,0.0,1.1666666666666667,0.16666666666666666
AAAVUP14319000053017,12.0,10.0,2.0,0.0,0.0,1.8333333333333333,0.8333333333333334
AAAVUP14319000053406,1.0,0.0,0.0,1.0,0.0,0.0,0.0
AAAVUP14319000053420,9.0,8.0,1.0,0.0,0.0,1.8888888888888888,0.8888888888888888
AAAVUP14319000053438,12.0,6.0,6.0,0.0,1.0,1.5,0.5
AAAVUP14319000053848,8.0,7.0,1.0,0.0,0.0,1.875,0.875
AAAVUP14319000053901,9.0,3.0,6.0,0.0,0.0,1.3333333333333333,0.3333333333333333
AAAVUP14319000053921,3.0,0.0,1.0,2.0,0.0,0.3333333333333333,0.0
AAAVUP14319000053941,8.0,0.0,8.0,0.0,0.0,1.0,0.0
AAAVUP14319000054024,9.0,2.0,6.0,1.0,1.0,1.1111111111111112,0.2222222222222222
AAAVUP14319000054099,7.0,0.0,7.0,0.0,1.0,1.0,0.0
AAAVUP14319000054456,7.0,3.0,4.0,0.0,1.0,1.4285714285714286,0.42857142857142855
AAAVUP14319000054656,8.0,0.0,8.0,0.0,0.0,1.0,0.0
AAAVUP14319000055171,8.0,0.0,8.0,0.0,0.0,1.0,0.0
AAAVUP14319000055395,9.0,0.0,9.0,0.0,2.0,1.0,0.0
AAAVUP14319000055962,12.0,3.0,8.0,1.0,0.0,1.1666666666666667,0.25
AAAVUP14319000056053,10.0,0.0,8.0,2.0,0.0,0.8,0.0
AAAVUP14319000056249,8.0,2.0,6.0,0.0,0.0,1.25,0.25
AAAVUP14319000056688,7.0,0.0,7.0,0.0,0.0,1.0,0.0
AAAVUP14319000056978,8.0,0.0,8.0,0.0,1.0,1.0,0.0
AAAVUP14319000057163,5.0,0.0,5.0,0.0,0.0,1.0,0.0
AAAVUP14319000057187,7.0,1.0,6.0,0.0,1.0,1.1428571428571428,0.14285714285714285
AAAVUP14319000057326,8.0,0.0,8.0,0.0,0.0,1.0,0.0
AAAVUP14319000057558,8.0,0.0,7.0,1.0,2.0,0.875,0.0
AAAVUP14319000057654,7.0,0.0,7.0,0.0,1.0,1.0,0.0
AAAVUP14319000058021,12.0,0.0,12.0,0.0,2.0,1.0,0.0
AAAVUP14319000059783,16.0,10.0,6.0,0.0,2.0,1.625,0.625
AAAVUP14319000060209,6.0,0.0,6.0,0.0,2.0,1.0,0.0
AAAVUP14319000060519,13.0,3.0,10.0,0.0,2.0,1.2307692307692308,0.23076923076923078
AAAVUP14319000060721,16.0,0.0,14.0,2.0,0.0,0.875,0.0
AAAVUP14319000060899,9.0,3.0,6.0,0.0,2.0,1.3333333333333333,0.3333333333333333
AAAVUP14319000061316,9.0,0.0,7.0,2.0,2.0,0.7777777777777778,0.0
AAAVUP14319000061468,5.0,0.0,5.0,0.0,0.0,1.0,0.0
AAAVUP14319000061900,6.0,1.0,5.0,0.0,0.0,1.1666666666666667,0.16666666666666666
AAAVUP14319000062128,1.0,0.0,0.0,1.0,0.0,0.0,0.0
AAAVUP14319000062632,11.0,0.0,8.0,3.0,0.0,0.7272727272727273,0.0
AAAVUP14319000062784,7.0,0.0,7.0,0.0,0.0,1.0,0.0
AAAVUP14319000062832,5.0,0.0,3.0,2.0,0.0,0.6,0.0
AAAVUP14319000062985,6.0,0.0,6.0,0.0,0.0,1.0,0.0
AAAVUP14319000063223,11.0,3.0,8.0,0.0,4.0,1.2727272727272727,0.2727272727272727
AAAVUP14319000063240,10.0,0.0,5.0,5.0,0.0,0.5,0.0
AAAVUP14319000063514,9.0,1.0,8.0,0.0,0.0,1.1111111111111112,0.1111111111111111
AAAVUP14319000064139,9.0,0.0,7.0,2.0,1.0,0.7777777777777778,0.0
AAAVUP14319000064174,8.0,1.0,7.0,0.0,0.0,1.125,0.125
AAAVUP14319000064533,12.0,0.0,12.0,0.0,2.0,1.0,0.0
AAAVUP14319000064835,8.0,2.0,6.0,0.0,0.0,1.25,0.25
AAAVUP14319000065899,10.0,8.0,2.0,0.0,0.0,1.8,0.8
AAAVUP14319000065943,6.0,0.0,6.0,0.0,0.0,1.0,0.0
AAAVUP14319000065957,7.0,2.0,5.0,0.0,0.0,1.2857142857142858,0.2857142857142857
AAAVUP14319000066011,6.0,0.0,6.0,0.0,0.0,1.0,0.0
AAAVUP14319000066032,7.0,0.0,7.0,0.0,0.0,1.0,0.0
AAAVUP14319000066127,8.0,0.0,8.0,0.0,2.0,1.0,0.0
AAAVUP14319000066301,6.0,0.0,5.0,1.0,2.0,0.8333333333333334,0.0
AAAVUP14319000066733,7.0,0.0,7.0,0.0,1.0,1.0,0.0
AAAVUP14319000066814,12.0,0.0,12.0,0.0,0.0,1.0,0.0
AAAVUP14319000067474,4.0,0.0,4.0,0.0,0.0,1.0,0.0
AAAVUP14319000067526,9.0,0.0,9.0,0.0,0.0,1.0,0.0
AAAVUP14319000067577,10.0,0.0,9.0,1.0,0.0,0.9,0.0
AAAVUP14319000067680,7.0,2.0,5.0,0.0,0.0,1.2857142857142858,0.2857142857142857
AAAVUP14319000067803,6.0,1.0,5.0,0.0,0.0,1.1666666666666667,0.16666666666666666
AAAVUP14319000068091,9.0,0.0,9.0,0.0,0.0,1.0,0.0
AAAVUP14319000068160,8.0,0.0,8.0,0.0,1.0,1.0,0.0
AAAVUP14319000068299,9.0,0.0,9.0,0.0,1.0,1.0,0.0
AAAVUP14319000068445,9.0,0.0,9.0,0.0,1.0,1.0,0.0
AAAVUP14319000068658,7.0,0.0,7.0,0.0,0.0,1.0,0.0
AAAVUP14319000068869,7.0,2.0,5.0,0.0,0.0,1.2857142857142858,0.2857142857142857
AAAVUP14319000068956,5.0,0.0,5.0,0.0,1.0,1.0,0.0
AAAVUP14319000068974,8.0,0.0,8.0,0.0,0.0,1.0,0.0
AAAVUP14319000069022,11.0,0.0,5.0,6.0,1.0,0.45454545454545453,0.0
AAAVUP14319000069066,6.0,0.0,0.0,6.0,0.0,0.0,0.0
AAAVUP14319000069736,7.0,2.0,5.0,0.0,0.0,1.2857142857142858,0.2857142857142857
AAAVUP14319000069875,12.0,1.0,11.0,0.0,0.0,1.0833333333333333,0.08333333333333333
AAAVUP14319000070159,5.0,0.0,3.0,2.0,0.0,0.6,0.0
AAAVUP14319000070482,12.0,3.0,9.0,0.0,1.0,1.25,0.25
AAAVUP14319000070497,10.0,3.0,7.0,0.0,2.0,1.3,0.3
AAAVUP14319000070539,7.0,7.0,0.0,0.0,0.0,2.0,1.0
AAAVUP14319000070591,6.0,0.0,5.0,1.0,0.0,0.8333333333333334,0.0
AAAVUP14319000071150,11.0,0.0,9.0,2.0,1.0,0.8181818181818182,0.0
AAAVUP14319000071280,11.0,2.0,8.0,1.0,1.0,1.0909090909090908,0.18181818181818182
AAAVUP14319000071375,9.0,5.0,4.0,0.0,1.0,1.5555555555555556,0.5555555555555556
AAAVUP14319000071517,4.0,0.0,3.0,1.0,1.0,0.75,0.0
AAAVUP14319000071540,7.0,1.0,6.0,0.0,0.0,1.1428571428571428,0.14285714285714285
AAAVUP14319000071652,2.0,0.0,0.0,2.0,0.0,0.0,0.0
AAAVUP14319000071728,11.0,0.0,11.0,0.0,0.0,1.0,0.0
AAAVUP14319000071761,10.0,0.0,10.0,0.0,1.0,1.0,0.0
AAAVUP14319000071762,9.0,1.0,8.0,0.0,1.0,1.1111111111111112,0.1111111111111111
AAAVUP14319000071837,9.0,0.0,9.0,0.0,4.0,1.0,0.0
AAAVUP14319000072043,6.0,0.0,6.0,0.0,0.0,1.0,0.0
AAAVUP14319000072099,4.0,0.0,4.0,0.0,0.0,1.0,0.0
AAAVUP14319000072240,6.0,1.0,5.0,0.0,0.0,1.1666666666666667,0.16666666666666666
AAAVUP14319000072728,6.0,0.0,6.0,0.0,1.0,1.0,0.0
AAAVUP14319000072959,11.0,0.0,11.0,0.0,2.0,1.0,0.0
AAAVUP14319000073149,13.0,1.0,12.0,0.0,0.0,1.0769230769230769,0.07692307692307693
AAAVUP14319000073166,8.0,8.0,0.0,0.0,0.0,2.0,1.0
AAAVUP14319000073499,4.0,0.0,2.0,2.0,1.0,0.5,0.0
AAAVUP14319000073679,11.0,0.0,11.0,0.0,3.0,1.0,0.0
AAAVUP14319000073769,5.0,0.0,4.0,1.0,1.0,0.8,0.0
AAAVUP14319000073782,10.0,0.0,9.0,1.0,2.0,0.9,0.0
AAAVUP14319000074450,11.0,7.0,4.0,0.0,2.0,1.6363636363636365,0.6363636363636364
AAAVUP14319000074545,9.0,3.0,6.0,0.0,1.0,1.3333333333333333,0.3333333333333333
AAAVUP14319000075624,12.0,0.0,9.0,3.0,3.0,0.75,0.0
AAAVUP14319000075662,9.0,0.0,8.0,1.0,1.0,0.8888888888888888,0.0
AAAVUP14319000076426,14.0,1.0,13.0,0.0,5.0,1.0714285714285714,0.07142857142857142
AAAVUP14319000076801,9.0,0.0,5.0,4.0,2.0,0.5555555555555556,0.0
AAAVUP14319000076861,10.0,0.0,10.0,0.0,0.0,1.0,0.0
AAAVUP14319000076983,9.0,2.0,7.0,0.0,0.0,1.2222222222222223,0.2222222222222222
AAAVUP14319000077213,6.0,0.0,6.0,0.0,0.0,1.0,0.0
AAAVUP14319000077233,2.0,0.0,1.0,1.0,1.0,0.5,0.0
AAAVUP14319000077588,8.0,0.0,8.0,0.0,1.0,1.0,0.0
AAAVUP14319000077846,12.0,0.0,12.0,0.0,1.0,1.0,0.0
AAAVUP14319000078863,7.0,0.0,2.0,5.0,1.0,0.2857142857142857,0.0
AAAVUP14319000079310,11.0,2.0,9.0,0.0,0.0,1.1818181818181819,0.18181818181818182
AAAVUP14319000079325,11.0,1.0,10.0,0.0,0.0,1.0909090909090908,0.09090909090909091
AAAVUP14319000079392,8.0,0.0,8.0,0.0,0.0,1.0,0.0
AAAVUP14319000079654,6.0,1.0,5.0,0.0,0.0,1.1666666666666667,0.16666666666666666
AAAVUP14319000079707,7.0,0.0,6.0,1.0,0.0,0.8571428571428571,0.0
AAAVUP14319000079748,9.0,6.0,3.0,0.0,0.0,1.6666666666666667,0.6666666666666666
AAAVUP14319000079800,15.0,5.0,10.0,0.0,0.0,1.3333333333333333,0.3333333333333333
AAAVUP14319000080080,8.0,1.0,7.0,0.0,0.0,1.125,0.125
AAAVUP14319000080340,11.0,0.0,11.0,0.0,3.0,1.0,0.0
AAAVUP14319000080343,8.0,0.0,8.0,0.0,0.0,1.0,0.0
AAAVUP14319000080349,11.0,1.0,10.0,0.0,0.0,1.0909090909090908,0.09090909090909091
AAAVUP14319000080499,5.0,0.0,4.0,1.0,2.0,0.8,0.0
AAAVUP14319000080557,6.0,0.0,2.0,4.0,0.0,0.3333333333333333,0.0
AAAVUP14319000080565,6.0,0.0,3.0,3.0,1.0,0.5,0.0
AAAVUP14319000080583,6.0,0.0,6.0,0.0,1.0,1.0,0.0
AAAVUP14319000080623,7.0,0.0,7.0,0.0,0.0,1.0,0.0
AAAVUP14319000080760,10.0,1.0,9.0,0.0,0.0,1.1,0.1
AAAVUP14319000080845,11.0,4.0,7.0,0.0,1.0,1.3636363636363635,0.36363636363636365
AAAVUP14319000081031,3.0,0.0,3.0,0.0,0.0,1.0,0.0
AAAVUP14319000081077,12.0,0.0,12.0,0.0,2.0,1.0,0.0
AAAVUP14319000081123,12.0,1.0,11.0,0.0,3.0,1.0833333333333333,0.08333333333333333
AAAVUP14319000081292,1.0,0.0,0.0,1.0,0.0,0.0,0.0
AAAVUP14319000081297,8.0,0.0,7.0,1.0,2.0,0.875,0.0
AAAVUP14319000081459,7.0,0.0,4.0,3.0,0.0,0.5714285714285714,0.0
AAAVUP14319000081502,2.0,0.0,2.0,0.0,0.0,1.0,0.0
AAAVUP14319000081509,8.0,0.0,8.0,0.0,0.0,1.0,0.0
AAAVUP14319000081676,11.0,0.0,11.0,0.0,1.0,1.0,0.0
AAAVUP14319000081834,7.0,3.0,4.0,0.0,0.0,1.4285714285714286,0.42857142857142855
AAAVUP14319000081938,6.0,1.0,5.0,0.0,1.0,1.1666666666666667,0.16666666666666666
AAAVUP14319000082002,6.0,0.0,6.0,0.0,0.0,1.0,0.0
AAAVUP14319000082136,6.0,2.0,4.0,0.0,0.0,1.3333333333333333,0.3333333333333333
AAAVUP14319000082172,12.0,5.0,7.0,0.0,0.0,1.4166666666666667,0.4166666666666667
AAAVUP14319000082209,9.0,0.0,7.0,2.0,1.0,0.7777777777777778,0.0
AAAVUP14319000082349,11.0,1.0,10.0,0.0,3.0,1.0909090909090908,0.09090909090909091
AAAVUP14319000082559,7.0,0.0,7.0,0.0,0.0,1.0,0.0
AAAVUP14319000082747,5.0,1.0,4.0,0.0,0.0,1.2,0.2
AAAVUP14319000083096,7.0,0.0,6.0,1.0,1.0,0.8571428571428571,0.0
AAAVUP14319000083131,9.0,0.0,9.0,0.0,1.0,1.0,0.0
AAAVUP14319000083257,3.0,0.0,2.0,1.0,0.0,0.6666666666666666,0.0
AAAVUP14319000083419,9.0,0.0,9.0,0.0,0.0,1.0,0.0
AAAVUP14319000083425,11.0,0.0,9.0,2.0,0.0,0.8181818181818182,0.0
AAAVUP14319000083810,12.0,1.0,11.0,0.0,1.0,1.0833333333333333,0.08333333333333333
AAAVUP14319000084149,7.0,4.0,3.0,0.0,0.0,1.5714285714285714,0.5714285714285714
AAAVUP14319000084785,11.0,7.0,4.0,0.0,0.0,1.6363636363636365,0.6363636363636364
AAAVUP14319000085035,11.0,0.0,11.0,0.0,0.0,1.0,0.0
AAAVUP14319000085389,11.0,0.0,11.0,0.0,0.0,1.0,0.0
AAAVUP14319000085789,3.0,0.0,3.0,0.0,0.0,1.0,0.0
AAAVUP14319000085962,6.0,0.0,6.0,0.0,0.0,1.0,0.0
AAAVUP14319000086522,10.0,0.0,10.0,0.0,0.0,1.0,0.0
AAAVUP14319000086902,6.0,0.0,0.0,6.0,1.0,0.0,0.0
AAAVUP14319000086923,6.0,0.0,6.0,0.0,0.0,1.0,0.0
AAAVUP14319000087143,8.0,0.0,8.0,0.0,0.0,1.0,0.0
AAAVUP14319000087227,9.0,0.0,6.0,3.0,0.0,0.6666666666666666,0.0
AAAVUP14319000087397,7.0,0.0,0.0,7.0,1.0,0.0,0.0
AAAVUP14319000087452,5.0,0.0,5.0,0.0,0.0,1.0,0.0
AAAVUP14319000087483,5.0,0.0,3.0,2.0,3.0,0.6,0.0
AAAVUP14319000087490,4.0,0.0,2.0,2.0,0.0,0.5,0.0
AAAVUP14319000087559,5.0,0.0,5.0,0.0,1.0,1.0,0.0
AAAVUP14319000087741,9.0,0.0,9.0,0.0,0.0,1.0,0.0
AAAVUP14319000087798,14.0,5.0,8.0,1.0,2.0,1.2857142857142858,0.35714285714285715
AAAVUP14319000087918,5.0,0.0,5.0,0.0,0.0,1.0,0.0
AAAVUP14319000087989,9.0,0.0,9.0,0.0,0.0,1.0,0.0
AAAVUP14319000087999,9.0,0.0,4.0,5.0,0.0,0.4444444444444444,0.0
AAAVUP14319000088040,8.0,0.0,8.0,0.0,0.0,1.0,0.0
AAAVUP14319000088080,11.0,2.0,9.0,0.0,0.0,1.1818181818181819,0.18181818181818182
AAAVUP14319000088321,8.0,0.0,8.0,0.0,1.0,1.0,0.0
AAAVUP14319000088411,6.0,0.0,6.0,0.0,0.0,1.0,0.0
AAAVUP14319000088455,9.0,0.0,9.0,0.0,0.0,1.0,0.0
AAAVUP14319000088551,8.0,0.0,7.0,1.0,0.0,0.875,0.0
AAAVUP14319000089299,12.0,0.0,12.0,0.0,1.0,1.0,0.0
AAAVUP14319000089813,3.0,0.0,0.0,3.0,0.0,0.0,0.0
AAAVUP14319000089869,9.0,0.0,8.0,1.0,0.0,0.8888888888888888,0.0
AAAVUP14319000089939,5.0,0.0,5.0,0.0,0.0,1.0,0.0
AAAVUP14319000090438,6.0,0.0,6.0,0.0,0.0,1.0,0.0
AAAVUP14319000090618,6.0,0.0,6.0,0.0,0.0,1.0,0.0
AAAVUP14319000090690,10.0,0.0,7.0,3.0,0.0,0.7,0.0
AAAVUP14319000090691,7.0,4.0,3.0,0.0,0.0,1.5714285714285714,0.5714285714285714
AAAVUP14319000090724,7.0,0.0,7.0,0.0,0.0,1.0,0.0
AAAVUP14319000091045,6.0,0.0,6.0,0.0,0.0,1.0,0.0
AAAVUP14319000091063,5.0,0.0,1.0,4.0,1.0,0.2,0.0
AAAVUP14319000091065,9.0,0.0,2.0,7.0,0.0,0.2222222222222222,0.0
AAAVUP14319000091154,11.0,0.0,11.0,0.0,2.0,1.0,0.0
AAAVUP14319000091691,12.0,7.0,5.0,0.0,2.0,1.5833333333333333,0.5833333333333334
AAAVUP14319000092039,9.0,0.0,7.0,2.0,0.0,0.7777777777777778,0.0
AAAVUP14319000092060,11.0,7.0,4.0,0.0,0.0,1.6363636363636365,0.6363636363636364
AAAVUP14319000092095,9.0,2.0,7.0,0.0,1.0,1.2222222222222223,0.2222222222222222
AAAVUP14319000092620,9.0,0.0,9.0,0.0,1.0,1.0,0.0
AAAVUP14319000092631,5.0,0.0,5.0,0.0,0.0,1.0,0.0
AAAVUP14319000092672,9.0,1.0,8.0,0.0,0.0,1.1111111111111112,0.1111111111111111
AAAVUP14319000092801,12.0,1.0,11.0,0.0,4.0,1.0833333333333333,0.08333333333333333
AAAVUP14319000092840,11.0,1.0,9.0,1.0,1.0,1.0,0.09090909090909091
AAAVUP14319000092863,8.0,0.0,5.0,3.0,0.0,0.625,0.0
AAAVUP14319000092864,11.0,0.0,10.0,1.0,0.0,0.9090909090909091,0.0
AAAVUP14319000092884,9.0,0.0,4.0,5.0,0.0,0.4444444444444444,0.0
AAAVUP14319000092891,10.0,0.0,5.0,5.0,0.0,0.5,0.0
AAAVUP14319000093321,6.0,0.0,5.0,1.0,0.0,0.8333333333333334,0.0
AAAVUP14319000093391,5.0,1.0,4.0,0.0,0.0,1.2,0.2
AAAVUP14319000093519,7.0,2.0,5.0,0.0,0.0,1.2857142857142858,0.2857142857142857
AAAVUP14319000093581,9.0,6.0,3.0,0.0,1.0,1.6666666666666667,0.6666666666666666
AAAVUP14319000093601,8.0,7.0,1.0,0.0,0.0,1.875,0.875
AAAVUP14319000093639,9.0,0.0,6.0,3.0,0.0,0.6666666666666666,0.0
AAAVUP14319000093861,8.0,5.0,3.0,0.0,0.0,1.625,0.625
AAAVUP14319000093862,11.0,6.0,5.0,0.0,0.0,1.5454545454545454,0.5454545454545454
AAAVUP14319000093898,9.0,0.0,9.0,0.0,0.0,1.0,0.0
AAAVUP14319000093996,9.0,1.0,8.0,0.0,0.0,1.1111111111111112,0.1111111111111111
AAAVUP14319000094277,5.0,0.0,4.0,1.0,0.0,0.8,0.0
AAAVUP14319000094344,9.0,0.0,9.0,0.0,0.0,1.0,0.0
AAAVUP14319000094485,4.0,0.0,4.0,0.0,0.0,1.0,0.0
AAAVUP14319000094520,2.0,0.0,0.0,2.0,1.0,0.0,0.0
AAAVUP14319000095005,12.0,1.0,11.0,0.0,2.0,1.0833333333333333,0.08333333333333333
AAAVUP14319000095020,4.0,0.0,3.0,1.0,0.0,0.75,0.0
AAAVUP14319000095041,1.0,0.0,0.0,1.0,0.0,0.0,0.0
AAAVUP14319000095081,1.0,0.0,0.0,1.0,0.0,0.0,0.0
AAAVUP14319000095189,6.0,0.0,2.0,4.0,3.0,0.3333333333333333,0.0
AAAVUP14319000095250,6.0,0.0,2.0,4.0,0.0,0.3333333333333333,0.0
AAAVUP14319000095293,8.0,0.0,6.0,2.0,0.0,0.75,0.0
AAAVUP14319000095294,6.0,0.0,6.0,0.0,0.0,1.0,0.0
AAAVUP14319000095709,7.0,0.0,7.0,0.0,1.0,1.0,0.0
AAAVUP14319000095714,9.0,0.0,9.0,0.0,1.0,1.0,0.0
AAAVUP14319000095950,6.0,0.0,5.0,1.0,0.0,0.8333333333333334,0.0
AAAVUP14319000095954,10.0,0.0,10.0,0.0,0.0,1.0,0.0
AAAVUP14319000095963,9.0,0.0,8.0,1.0,1.0,0.8888888888888888,0.0
AAAVUP14319000096199,6.0,0.0,6.0,0.0,0.0,1.0,0.0
AAAVUP14319000096216,15.0,4.0,11.0,0.0,1.0,1.2666666666666666,0.26666666666666666
AAAVUP14319000096532,16.0,4.0,12.0,0.0,2.0,1.25,0.25
AAAVUP14319000096712,2.0,0.0,0.0,2.0,1.0,0.0,0.0
AAAVUP14319000096769,5.0,1.0,4.0,0.0,1.0,1.2,0.2
AAAVUP14319000096794,12.0,0.0,11.0,1.0,1.0,0.9166666666666666,0.0
AAAVUP14319000096802,11.0,0.0,9.0,2.0,3.0,0.8181818181818182,0.0
AAAVUP14319000097009,6.0,0.0,3.0,3.0,0.0,0.5,0.0
AAAVUP14319000097276,14.0,4.0,10.0,0.0,2.0,1.2857142857142858,0.2857142857142857
AAAVUP14319000097493,4.0,0.0,1.0,3.0,0.0,0.25,0.0
AAAVUP14319000097553,10.0,0.0,10.0,0.0,1.0,1.0,0.0
AAAVUP14319000097561,10.0,10.0,0.0,0.0,0.0,2.0,1.0
AAAVUP14319000097625,8.0,0.0,6.0,2.0,1.0,0.75,0.0
AAAVUP14319000097707,6.0,0.0,5.0,1.0,0.0,0.8333333333333334,0.0
AAAVUP14319000097716,4.0,0.0,3.0,1.0,0.0,0.75,0.0
AAAVUP14319000097991,11.0,1.0,10.0,0.0,3.0,1.0909090909090908,0.09090909090909091
AAAVUP14319000098093,12.0,6.0,6.0,0.0,1.0,1.5,0.5
AAAVUP14319000098243,3.0,0.0,1.0,2.0,0.0,0.3333333333333333,0.0
AAAVUP14319000098316,12.0,0.0,7.0,5.0,2.0,0.5833333333333334,0.0
AAAVUP14319000099406,9.0,2.0,7.0,0.0,1.0,1.2222222222222223,0.2222222222222222
AAAVUP14319000099435,7.0,0.0,4.0,3.0,0.0,0.5714285714285714,0.0
AAAVUP14319000099483,11.0,0.0,10.0,1.0,2.0,0.9090909090909091,0.0
AAAVUP14319000099537,3.0,0.0,1.0,2.0,0.0,0.3333333333333333,0.0
AAAVUP14319000099545,3.0,0.0,3.0,0.0,0.0,1.0,0.0
AAAVUP14319000099640,8.0,0.0,7.0,1.0,2.0,0.875,0.0
AAAVUP14319000099658,7.0,0.0,5.0,2.0,0.0,0.7142857142857143,0.0
AAAVUP14319000099710,13.0,0.0,13.0,0.0,0.0,1.0,0.0
AAAVUP14319000099767,6.0,0.0,6.0,0.0,1.0,1.0,0.0
AAAVUP14319000099827,6.0,0.0,4.0,2.0,2.0,0.6666666666666666,0.0
AAAVUP14319000099854,4.0,0.0,0.0,4.0,1.0,0.0,0.0
AAAVUP14319000099898,9.0,0.0,9.0,0.0,1.0,1.0,0.0
AAAVUP14319000099912,8.0,0.0,0.0,8.0,2.0,0.0,0.0
AAAVUP14319000099925,6.0,1.0,5.0,0.0,0.0,1.1666666666666667,0.16666666666666666
AAAVUP14319000099951,8.0,0.0,5.0,3.0,0.0,0.625,0.0
AAAVUP14319000099996,5.0,0.0,2.0,3.0,0.0,0.4,0.0
AAAVUP14319000100017,2.0,0.0,0.0,2.0,0.0,0.0,0.0
AAAVUP14319000100069,4.0,0.0,4.0,0.0,0.0,1.0,0.0
AAAVUP14319000100158,3.0,0.0,3.0,0.0,0.0,1.0,0.0
AAAVUP14319000100170,8.0,1.0,5.0,2.0,0.0,0.875,0.125
AAAVUP14319000100652,8.0,1.0,5.0,2.0,0.0,0.875,0.125
AAAVUP14319000100681,8.0,0.0,8.0,0.0,1.0,1.0,0.0
AAAVUP14319000101007,12.0,8.0,3.0,1.0,2.0,1.5833333333333333,0.6666666666666666
AAAVUP14319000101060,3.0,0.0,2.0,1.0,0.0,0.6666666666666666,0.0
AAAVUP14319000101300,8.0,0.0,5.0,3.0,0.0,0.625,0.0
AAAVUP14319000101301,6.0,0.0,5.0,1.0,2.0,0.8333333333333334,0.0
AAAVUP14319000101325,9.0,1.0,8.0,0.0,1.0,1.1111111111111112,0.1111111111111111
AAAVUP14319000101397,10.0,5.0,5.0,0.0,2.0,1.5,0.5
AAAVUP14319000101583,9.0,0.0,9.0,0.0,2.0,1.0,0.0
AAAVUP14319000101694,6.0,0.0,5.0,1.0,0.0,0.8333333333333334,0.0
AAAVUP14319000101768,14.0,2.0,12.0,0.0,0.0,1.1428571428571428,0.14285714285714285
AAAVUP14319000102064,9.0,1.0,8.0,0.0,0.0,1.1111111111111112,0.1111111111111111
AAAVUP14319000102143,9.0,0.0,8.0,1.0,0.0,0.8888888888888888,0.0
AAAVUP14319000102205,2.0,0.0,0.0,2.0,0.0,0.0,0.0
AAAVUP14319000102245,12.0,7.0,5.0,0.0,2.0,1.5833333333333333,0.5833333333333334
AAAVUP14319000102253,9.0,1.0,8.0,0.0,1.0,1.1111111111111112,0.1111111111111111
AAAVUP14319000102300,9.0,0.0,9.0,0.0,2.0,1.0,0.0
AAAVUP14319000102337,12.0,0.0,12.0,0.0,2.0,1.0,0.0
AAAVUP14319000102404,9.0,0.0,9.0,0.0,0.0,1.0,0.0
AAAVUP14319000102465,10.0,0.0,10.0,0.0,0.0,1.0,0.0
AAAVUP14319000102755,3.0,0.0,2.0,1.0,0.0,0.6666666666666666,0.0
AAAVUP14319000102873,3.0,0.0,0.0,3.0,0.0,0.0,0.0
AAAVUP14319000102938,9.0,1.0,8.0,0.0,0.0,1.1111111111111112,0.1111111111111111
AAAVUP14319000102951,6.0,0.0,6.0,0.0,0.0,1.0,0.0
AAAVUP14319000102968,3.0,0.0,3.0,0.0,0.0,1.0,0.0
AAAVUP14319000103275,1.0,0.0,0.0,1.0,0.0,0.0,0.0
AAAVUP14319000103314,3.0,0.0,2.0,1.0,0.0,0.6666666666666666,0.0
AAAVUP14319000103397,5.0,0.0,5.0,0.0,0.0,1.0,0.0
AAAVUP14319000103546,9.0,2.0,7.0,0.0,0.0,1.2222222222222223,0.2222222222222222
AAAVUP14319000103583,6.0,0.0,5.0,1.0,0.0,0.8333333333333334,0.0
AAAVUP14319000103770,9.0,0.0,7.0,2.0,0.0,0.7777777777777778,0.0
AAAVUP14319000103952,12.0,1.0,8.0,3.0,2.0,0.8333333333333334,0.08333333333333333
AAAVUP14319000104211,12.0,12.0,0.0,0.0,3.0,2.0,1.0
AAAVUP14319000104313,9.0,0.0,8.0,1.0,2.0,0.8888888888888888,0.0
AAAVUP14319000104324,6.0,0.0,5.0,1.0,1.0,0.8333333333333334,0.0
AAAVUP14319000104328,9.0,0.0,3.0,6.0,2.0,0.3333333333333333,0.0
AAAVUP14319000104539,10.0,0.0,7.0,3.0,0.0,0.7,0.0
AAAVUP14319000104600,6.0,0.0,6.0,0.0,0.0,1.0,0.0
AAAVUP14319000104653,7.0,0.0,7.0,0.0,0.0,1.0,0.0
AAAVUP14319000104714,9.0,0.0,9.0,0.0,3.0,1.0,0.0
AAAVUP14319000104932,3.0,0.0,0.0,3.0,0.0,0.0,0.0
AAAVUP14319000104986,4.0,0.0,4.0,0.0,0.0,1.0,0.0
AAAVUP14319000105123,9.0,0.0,7.0,2.0,0.0,0.7777777777777778,0.0
AAAVUP14319000105205,10.0,2.0,8.0,0.0,4.0,1.2,0.2
AAAVUP14319000105255,11.0,1.0,10.0,0.0,1.0,1.0909090909090908,0.09090909090909091
AAAVUP14319000105543,7.0,2.0,5.0,0.0,1.0,1.2857142857142858,0.2857142857142857
AAAVUP14319000105708,12.0,1.0,11.0,0.0,0.0,1.0833333333333333,0.08333333333333333
AAAVUP14319000105837,8.0,1.0,7.0,0.0,0.0,1.125,0.125
AAAVUP14319000105856,12.0,0.0,12.0,0.0,0.0,1.0,0.0
AAAVUP14319000106041,7.0,2.0,5.0,0.0,0.0,1.2857142857142858,0.2857142857142857
AAAVUP14319000106180,3.0,0.0,1.0,2.0,0.0,0.3333333333333333,0.0
AAAVUP14319000106460,8.0,0.0,6.0,2.0,0.0,0.75,0.0
AAAVUP14319000106878,2.0,0.0,0.0,2.0,0.0,0.0,0.0
AAAVUP14319000107310,14.0,3.0,11.0,0.0,0.0,1.2142857142857142,0.21428571428571427
AAAVUP14319000107569,8.0,0.0,8.0,0.0,2.0,1.0,0.0
AAAVUP14319000107592,5.0,0.0,5.0,0.0,0.0,1.0,0.0
AAAVUP14319000107771,5.0,0.0,4.0,1.0,0.0,0.8,0.0
AAAVUP14319000107773,5.0,0.0,4.0,1.0,0.0,0.8,0.0
AAAVUP14319000107783,12.0,2.0,10.0,0.0,0.0,1.1666666666666667,0.16666666666666666
AAAVUP14319000107896,8.0,0.0,6.0,2.0,1.0,0.75,0.0
AAAVUP14319000107927,9.0,0.0,2.0,7.0,0.0,0.2222222222222222,0.0
AAAVUP14319000107934,6.0,0.0,6.0,0.0,1.0,1.0,0.0
AAAVUP14319000107964,13.0,2.0,11.0,0.0,2.0,1.1538461538461537,0.15384615384615385
AAAVUP14319000107995,7.0,1.0,6.0,0.0,0.0,1.1428571428571428,0.14285714285714285
AAAVUP14319000108053,8.0,0.0,7.0,1.0,0.0,0.875,0.0
AAAVUP14319000108104,3.0,0.0,0.0,3.0,0.0,0.0,0.0
AAAVUP14319000108133,10.0,0.0,10.0,0.0,1.0,1.0,0.0
AAAVUP14319000108134,5.0,0.0,3.0,2.0,0.0,0.6,0.0
AAAVUP14319000108313,6.0,0.0,5.0,1.0,3.0,0.8333333333333334,0.0
AAAVUP14319000108316,12.0,1.0,11.0,0.0,3.0,1.0833333333333333,0.08333333333333333
AAAVUP14319000108343,9.0,2.0,7.0,0.0,1.0,1.2222222222222223,0.2222222222222222
AAAVUP14319000108369,9.0,2.0,7.0,0.0,0.0,1.2222222222222223,0.2222222222222222
AAAVUP14319000108648,12.0,0.0,12.0,0.0,2.0,1.0,0.0
AAAVUP14319000108743,9.0,0.0,9.0,0.0,0.0,1.0,0.0
AAAVUP14319000108975,6.0,0.0,6.0,0.0,0.0,1.0,0.0
AAAVUP14319000109200,9.0,8.0,1.0,0.0,0.0,1.8888888888888888,0.8888888888888888
AAAVUP14319000109201,13.0,4.0,9.0,0.0,1.0,1.3076923076923077,0.3076923076923077
AAAVUP14319000109221,5.0,0.0,3.0,2.0,1.0,0.6,0.0
AAAVUP14319000109294,9.0,0.0,7.0,2.0,0.0,0.7777777777777778,0.0
AAAVUP14319000109405,2.0,0.0,0.0,2.0,1.0,0.0,0.0
AAAVUP14319000109420,12.0,4.0,8.0,0.0,1.0,1.3333333333333333,0.3333333333333333
AAAVUP14319000109594,7.0,0.0,6.0,1.0,0.0,0.8571428571428571,0.0
AAAVUP14319000109687,8.0,1.0,7.0,0.0,0.0,1.125,0.125
AAAVUP14319000109742,5.0,0.0,4.0,1.0,0.0,0.8,0.0
AAAVUP14319000109743,7.0,0.0,7.0,0.0,1.0,1.0,0.0
AAAVUP14319000109790,7.0,0.0,6.0,1.0,1.0,0.8571428571428571,0.0
AAAVUP14319000109887,3.0,0.0,1.0,2.0,0.0,0.3333333333333333,0.0
AAAVUP14319000109931,5.0,0.0,5.0,0.0,0.0,1.0,0.0
AAAVUP14319000109978,6.0,0.0,6.0,0.0,0.0,1.0,0.0
AAAVUP14319000110044,13.0,0.0,13.0,0.0,1.0,1.0,0.0
AAAVUP14319000110358,10.0,3.0,7.0,0.0,0.0,1.3,0.3
AAAVUP14319000110481,12.0,5.0,7.0,0.0,1.0,1.4166666666666667,0.4166666666666667
AAAVUP14319000110483,4.0,0.0,1.0,3.0,0.0,0.25,0.0
AAAVUP14319000110676,5.0,0.0,5.0,0.0,1.0,1.0,0.0
AAAVUP14319000111043,11.0,1.0,10.0,0.0,0.0,1.0909090909090908,0.09090909090909091
AAAVUP14319000111210,13.0,1.0,12.0,0.0,0.0,1.0769230769230769,0.07692307692307693
AAAVUP14319000111528,9.0,3.0,6.0,0.0,0.0,1.3333333333333333,0.3333333333333333
AAAVUP14319000111926,10.0,0.0,10.0,0.0,0.0,1.0,0.0
AAAVUP14319000112970,9.0,0.0,9.0,0.0,0.0,1.0,0.0
AAAVUP14319000113185,7.0,0.0,6.0,1.0,0.0,0.8571428571428571,0.0
AAAVUP14319000115124,5.0,2.0,3.0,0.0,0.0,1.4,0.4
AAAVUP14319000115159,2.0,0.0,0.0,2.0,0.0,0.0,0.0
AAAVUP14319000115472,8.0,0.0,8.0,0.0,4.0,1.0,0.0
AAAVUP14319000116426,4.0,0.0,3.0,1.0,0.0,0.75,0.0
AAAVUP14319000116485,11.0,0.0,11.0,0.0,0.0,1.0,0.0
AAAVUP14319000117002,8.0,0.0,8.0,0.0,1.0,1.0,0.0
AAAVUP14319000117269,7.0,1.0,6.0,0.0,1.0,1.1428571428571428,0.14285714285714285
AAAVUP14319000117643,12.0,1.0,11.0,0.0,0.0,1.0833333333333333,0.08333333333333333
AAAVUP14319000118502,9.0,0.0,5.0,4.0,0.0,0.5555555555555556,0.0
AAAVUP14319000118580,5.0,0.0,5.0,0.0,1.0,1.0,0.0
AAAVUP14319000118805,6.0,0.0,5.0,1.0,0.0,0.8333333333333334,0.0
AAAVUP14319000118852,9.0,0.0,9.0,0.0,0.0,1.0,0.0
AAAVUP14319000119180,10.0,0.0,10.0,0.0,0.0,1.0,0.0
AAAVUP14319000119362,6.0,0.0,4.0,2.0,0.0,0.6666666666666666,0.0
AAAVUP14319000119408,9.0,0.0,9.0,0.0,0.0,1.0,0.0
AAAVUP14319000119412,3.0,0.0,0.0,3.0,0.0,0.0,0.0
AAAVUP14319000119474,9.0,0.0,9.0,0.0,1.0,1.0,0.0
AAAVUP14319000119493,9.0,0.0,9.0,0.0,0.0,1.0,0.0
AAAVUP14319000119837,7.0,0.0,5.0,2.0,0.0,0.7142857142857143,0.0
AAAVUP14319000119839,5.0,0.0,5.0,0.0,0.0,1.0,0.0
AAAVUP14319000119877,3.0,0.0,0.0,3.0,0.0,0.0,0.0
AAAVUP14319000119880,7.0,1.0,6.0,0.0,0.0,1.1428571428571428,0.14285714285714285
AAAVUP14319000120048,12.0,1.0,11.0,0.0,1.0,1.0833333333333333,0.08333333333333333
AAAVUP14319000120059,6.0,2.0,4.0,0.0,1.0,1.3333333333333333,0.3333333333333333
AAAVUP14319000120074,7.0,0.0,5.0,2.0,0.0,0.7142857142857143,0.0
AAAVUP14319000120344,6.0,0.0,6.0,0.0,2.0,1.0,0.0
AAAVUP14319000120426,3.0,0.0,1.0,2.0,0.0,0.3333333333333333,0.0
AAAVUP14319000120613,2.0,0.0,0.0,2.0,0.0,0.0,0.0
AAAVUP14319000120679,7.0,0.0,6.0,1.0,0.0,0.8571428571428571,0.0
AAAVUP14319000120847,12.0,0.0,10.0,2.0,2.0,0.8333333333333334,0.0
AAAVUP14319000121139,11.0,9.0,2.0,0.0,0.0,1.8181818181818181,0.8181818181818182
AAAVUP14319000121348,13.0,8.0,5.0,0.0,2.0,1.6153846153846154,0.6153846153846154
AAAVUP14319000121393,9.0,0.0,9.0,0.0,0.0,1.0,0.0
AAAVUP14319000122108,8.0,0.0,8.0,0.0,0.0,1.0,0.0
AAAVUP14319000122112,9.0,0.0,9.0,0.0,0.0,1.0,0.0
AAAVUP14319000122272,8.0,0.0,8.0,0.0,0.0,1.0,0.0
AAAVUP14319000122373,9.0,0.0,6.0,3.0,1.0,0.6666666666666666,0.0
AAAVUP14319000122539,4.0,0.0,4.0,0.0,1.0,1.0,0.0
AAAVUP14319000122540,3.0,0.0,0.0,3.0,0.0,0.0,0.0
AAAVUP14319000122602,7.0,0.0,7.0,0.0,0.0,1.0,0.0
AAAVUP14319000122770,5.0,0.0,1.0,4.0,0.0,0.2,0.0
AAAVUP14319000122820,4.0,0.0,4.0,0.0,1.0,1.0,0.0
AAAVUP14319000122834,7.0,0.0,2.0,5.0,0.0,0.2857142857142857,0.0
AAAVUP14319000123027,9.0,1.0,8.0,0.0,1.0,1.1111111111111112,0.1111111111111111
AAAVUP14319000123123,9.0,1.0,8.0,0.0,0.0,1.1111111111111112,0.1111111111111111
AAAVUP14319000123244,11.0,1.0,10.0,0.0,1.0,1.0909090909090908,0.09090909090909091
AAAVUP14319000123385,7.0,0.0,5.0,2.0,0.0,0.7142857142857143,0.0
AAAVUP14319000123405,12.0,1.0,10.0,1.0,0.0,1.0,0.08333333333333333
AAAVUP14319000123520,6.0,4.0,2.0,0.0,0.0,1.6666666666666667,0.6666666666666666
AAAVUP14319000123600,11.0,6.0,5.0,0.0,0.0,1.5454545454545454,0.5454545454545454
AAAVUP14319000123833,6.0,0.0,1.0,5.0,1.0,0.16666666666666666,0.0
AAAVUP14319000123842,7.0,0.0,7.0,0.0,0.0,1.0,0.0
AAAVUP14319000124048,8.0,0.0,7.0,1.0,5.0,0.875,0.0
AAAVUP14319000124462,9.0,5.0,4.0,0.0,0.0,1.5555555555555556,0.5555555555555556
AAAVUP14319000124736,12.0,2.0,10.0,0.0,1.0,1.1666666666666667,0.16666666666666666
AAAVUP14319000124857,13.0,0.0,13.0,0.0,4.0,1.0,0.0
AAAVUP14319000124861,11.0,4.0,7.0,0.0,0.0,1.3636363636363635,0.36363636363636365
AAAVUP14319000125043,11.0,0.0,9.0,2.0,1.0,0.8181818181818182,0.0
AAAVUP14319000125326,12.0,0.0,11.0,1.0,2.0,0.9166666666666666,0.0
AAAVUP14319000125332,5.0,0.0,4.0,1.0,0.0,0.8,0.0
AAAVUP14319000125515,9.0,6.0,3.0,0.0,1.0,1.6666666666666667,0.6666666666666666
AAAVUP14319000126458,15.0,9.0,6.0,0.0,1.0,1.6,0.6
AAAVUP14319000126759,9.0,0.0,7.0,2.0,3.0,0.7777777777777778,0.0
AAAVUP14319000126988,5.0,0.0,4.0,1.0,0.0,0.8,0.0
AAAVUP14319000127075,9.0,0.0,6.0,3.0,3.0,0.6666666666666666,0.0
AAAVUP14319000127176,3.0,0.0,0.0,3.0,0.0,0.0,0.0
AAAVUP14319000127184,11.0,0.0,4.0,7.0,0.0,0.36363636363636365,0.0
AAAVUP14319000127221,10.0,1.0,9.0,0.0,1.0,1.1,0.1
AAAVUP14319000127243,4.0,1.0,3.0,0.0,0.0,1.25,0.25
AAAVUP14319000127361,5.0,0.0,4.0,1.0,0.0,0.8,0.0
AAAVUP14319000127399,11.0,2.0,9.0,0.0,1.0,1.1818181818181819,0.18181818181818182
AAAVUP14319000127633,3.0,0.0,1.0,2.0,0.0,0.3333333333333333,0.0
AAAVUP14319000127856,9.0,0.0,9.0,0.0,0.0,1.0,0.0
AAAVUP14319000127907,11.0,5.0,6.0,0.0,1.0,1.4545454545454546,0.45454545454545453
AAAVUP14319000127943,6.0,0.0,4.0,2.0,0.0,0.6666666666666666,0.0
AAAVUP14319000128188,7.0,0.0,5.0,2.0,0.0,0.7142857142857143,0.0
AAAVUP14319000128221,7.0,0.0,5.0,2.0,0.0,0.7142857142857143,0.0
AAAVUP14319000128421,13.0,0.0,11.0,2.0,0.0,0.8461538461538461,0.0
AAAVUP14319000128567,8.0,0.0,8.0,0.0,0.0,1.0,0.0
AAAVUP14319000128689,7.0,0.0,7.0,0.0,0.0,1.0,0.0
AAAVUP14319000128787,5.0,0.0,5.0,0.0,0.0,1.0,0.0
AAAVUP14319000128821,5.0,0.0,4.0,1.0,0.0,0.8,0.0
AAAVUP14319000128962,10.0,0.0,7.0,3.0,0.0,0.7,0.0
AAAVUP14319000130035,6.0,0.0,6.0,0.0,2.0,1.0,0.0
AAAVUP14319000130559,9.0,0.0,9.0,0.0,0.0,1.0,0.0
AAAVUP14319000130975,7.0,0.0,6.0,1.0,0.0,0.8571428571428571,0.0
AAAVUP14319000131060,2.0,0.0,0.0,2.0,0.0,0.0,0.0
AAAVUP14319000131417,6.0,0.0,6.0,0.0,0.0,1.0,0.0
AAAVUP14319000131424,5.0,0.0,2.0,3.0,1.0,0.4,0.0
AAAVUP14319000131591,8.0,0.0,8.0,0.0,1.0,1.0,0.0
AAAVUP14319000131613,6.0,0.0,6.0,0.0,0.0,1.0,0.0
AAAVUP14319000131687,8.0,2.0,6.0,0.0,0.0,1.25,0.25
AAAVUP14319000131743,5.0,0.0,5.0,0.0,1.0,1.0,0.0
AAAVUP14319000131748,6.0,0.0,1.0,5.0,1.0,0.16666666666666666,0.0
AAAVUP14319000131990,4.0,0.0,4.0,0.0,0.0,1.0,0.0
AAAVUP14319000132087,9.0,2.0,6.0,1.0,1.0,1.1111111111111112,0.2222222222222222
AAAVUP14319000132088,8.0,0.0,6.0,2.0,3.0,0.75,0.0
AAAVUP14319000132148,5.0,2.0,3.0,0.0,0.0,1.4,0.4
AAAVUP14319000132186,5.0,0.0,5.0,0.0,1.0,1.0,0.0
AAAVUP14319000132272,7.0,1.0,6.0,0.0,0.0,1.1428571428571428,0.14285714285714285
AAAVUP14319000132384,1.0,0.0,0.0,1.0,0.0,0.0,0.0
AAAVUP14319000132502,11.0,0.0,11.0,0.0,0.0,1.0,0.0
AAAVUP14319000132511,8.0,0.0,6.0,2.0,0.0,0.75,0.0
AAAVUP14319000133110,3.0,0.0,0.0,3.0,0.0,0.0,0.0
AAAVUP14319000133219,7.0,0.0,7.0,0.0,3.0,1.0,0.0
AAAVUP14319000133370,13.0,2.0,11.0,0.0,2.0,1.1538461538461537,0.15384615384615385
AAAVUP14319000133576,9.0,0.0,9.0,0.0,0.0,1.0,0.0
AAAVUP14319000133621,10.0,0.0,10.0,0.0,1.0,1.0,0.0
AAAVUP14319000133635,6.0,0.0,4.0,2.0,0.0,0.6666666666666666,0.0
AAAVUP14319000133689,12.0,0.0,10.0,2.0,0.0,0.8333333333333334,0.0
AAAVUP14319000133893,11.0,1.0,10.0,0.0,0.0,1.0909090909090908,0.09090909090909091
AAAVUP14319000133941,6.0,0.0,3.0,3.0,0.0,0.5,0.0
AAAVUP14319000134054,5.0,0.0,2.0,3.0,0.0,0.4,0.0
AAAVUP14319000134510,2.0,0.0,0.0,2.0,1.0,0.0,0.0
AAAVUP14319000134519,10.0,0.0,10.0,0.0,0.0,1.0,0.0
AAAVUP14319000134940,12.0,6.0,6.0,0.0,2.0,1.5,0.5
AAAVUP14319000135226,9.0,2.0,7.0,0.0,0.0,1.2222222222222223,0.2222222222222222
AAAVUP14319000135830,11.0,0.0,11.0,0.0,1.0,1.0,0.0
AAAVUP14319000135886,6.0,0.0,6.0,0.0,0.0,1.0,0.0
AAAVUP14319000135901,12.0,1.0,11.0,0.0,4.0,1.0833333333333333,0.08333333333333333
AAAVUP14319000135990,6.0,0.0,6.0,0.0,0.0,1.0,0.0
AAAVUP14319000136063,6.0,0.0,6.0,0.0,0.0,1.0,0.0
AAAVUP14319000136162,9.0,0.0,9.0,0.0,1.0,1.0,0.0
AAAVUP14319000136233,9.0,0.0,9.0,0.0,0.0,1.0,0.0
AAAVUP14319000136319,12.0,1.0,11.0,0.0,1.0,1.0833333333333333,0.08333333333333333
AAAVUP14319000136336,4.0,0.0,4.0,0.0,1.0,1.0,0.0
AAAVUP14319000136348,9.0,7.0,2.0,0.0,0.0,1.7777777777777777,0.7777777777777778
AAAVUP14319000136506,2.0,0.0,0.0,2.0,0.0,0.0,0.0
AAAVUP14319000136766,9.0,1.0,8.0,0.0,2.0,1.1111111111111112,0.1111111111111111
AAAVUP14319000137175,7.0,0.0,4.0,3.0,0.0,0.5714285714285714,0.0
AAAVUP14319000137251,7.0,5.0,2.0,0.0,0.0,1.7142857142857142,0.7142857142857143
AAAVUP14319000137312,8.0,0.0,8.0,0.0,1.0,1.0,0.0
AAAVUP14319000137334,7.0,0.0,7.0,0.0,0.0,1.0,0.0
AAAVUP14319000137557,9.0,1.0,8.0,0.0,0.0,1.1111111111111112,0.1111111111111111
AAAVUP14319000137678,9.0,0.0,9.0,0.0,0.0,1.0,0.0
AAAVUP14319000138519,7.0,0.0,6.0,1.0,0.0,0.8571428571428571,0.0
AAAVUP14319000138580,4.0,0.0,4.0,0.0,0.0,1.0,0.0
AAAVUP14319000138648,12.0,2.0,10.0,0.0,2.0,1.1666666666666667,0.16666666666666666
AAAVUP14319000138825,9.0,2.0,7.0,0.0,0.0,1.2222222222222223,0.2222222222222222
AAAVUP14319000139027,5.0,0.0,5.0,0.0,1.0,1.0,0.0
AAAVUP14319000139155,6.0,0.0,6.0,0.0,2.0,1.0,0.0
AAAVUP14319000139207,8.0,0.0,8.0,0.0,0.0,1.0,0.0
AAAVUP14319000139262,6.0,0.0,6.0,0.0,0.0,1.0,0.0
AAAVUP14319000139338,4.0,0.0,3.0,1.0,0.0,0.75,0.0
AAAVUP14319000139547,2.0,0.0,0.0,2.0,0.0,0.0,0.0
AAAVUP14319000139670,9.0,5.0,4.0,0.0,1.0,1.5555555555555556,0.5555555555555556
AAAVUP14319000140051,4.0,0.0,0.0,4.0,1.0,0.0,0.0
AAAVUP14319000140174,9.0,0.0,9.0,0.0,3.0,1.0,0.0
AAAVUP14319000140256,4.0,0.0,4.0,0.0,1.0,1.0,0.0
AAAVUP14319000140352,9.0,4.0,5.0,0.0,0.0,1.4444444444444444,0.4444444444444444
AAAVUP14319000140395,12.0,0.0,12.0,0.0,0.0,1.0,0.0
AAAVUP14319000140462,9.0,1.0,8.0,0.0,0.0,1.1111111111111112,0.1111111111111111
AAAVUP14319000140464,9.0,0.0,8.0,1.0,0.0,0.8888888888888888,0.0
AAAVUP14319000140670,7.0,1.0,6.0,0.0,0.0,1.1428571428571428,0.14285714285714285
AAAVUP14319000140806,6.0,0.0,6.0,0.0,1.0,1.0,0.0
AAAVUP14319000141275,10.0,4.0,6.0,0.0,0.0,1.4,0.4
AAAVUP14319000141745,10.0,0.0,8.0,2.0,0.0,0.8,0.0
AAAVUP14319000141758,7.0,0.0,1.0,6.0,0.0,0.14285714285714285,0.0
AAAVUP14319000141797,8.0,0.0,7.0,1.0,0.0,0.875,0.0
AAAVUP14319000141811,12.0,0.0,12.0,0.0,1.0,1.0,0.0
AAAVUP14319000141923,11.0,1.0,10.0,0.0,1.0,1.0909090909090908,0.09090909090909091
AAAVUP14319000141935,11.0,0.0,11.0,0.0,0.0,1.0,0.0
AAAVUP14319000141979,5.0,0.0,5.0,0.0,0.0,1.0,0.0
AAAVUP14319000142049,9.0,1.0,8.0,0.0,0.0,1.1111111111111112,0.1111111111111111
AAAVUP14319000142347,12.0,0.0,12.0,0.0,2.0,1.0,0.0
AAAVUP14319000142659,5.0,0.0,2.0,3.0,0.0,0.4,0.0
AAAVUP14319000142893,9.0,0.0,6.0,3.0,0.0,0.6666666666666666,0.0
AAAVUP14319000142967,8.0,0.0,8.0,0.0,0.0,1.0,0.0
AAAVUP14319000143000,2.0,0.0,1.0,1.0,0.0,0.5,0.0
AAAVUP14319000143042,6.0,1.0,5.0,0.0,1.0,1.1666666666666667,0.16666666666666666
AAAVUP14319000143112,9.0,1.0,8.0,0.0,0.0,1.1111111111111112,0.1111111111111111
AAAVUP14319000143231,5.0,0.0,5.0,0.0,1.0,1.0,0.0
AAAVUP14319000143405,12.0,2.0,10.0,0.0,1.0,1.1666666666666667,0.16666666666666666
AAAVUP14319000143432,3.0,0.0,1.0,2.0,0.0,0.3333333333333333,0.0
AAAVUP14319000143500,3.0,0.0,1.0,2.0,0.0,0.3333333333333333,0.0
AAAVUP14319000143535,4.0,0.0,2.0,2.0,0.0,0.5,0.0
AAAVUP14319000143541,6.0,0.0,5.0,1.0,0.0,0.8333333333333334,0.0
AAAVUP14319000143886,8.0,0.0,8.0,0.0,0.0,1.0,0.0
AAAVUP14319000144023,8.0,0.0,7.0,1.0,0.0,0.875,0.0
AAAVUP14319000144069,4.0,0.0,4.0,0.0,0.0,1.0,0.0
AAAVUP14319000144167,8.0,0.0,8.0,0.0,0.0,1.0,0.0
AAAVUP14319000144224,7.0,0.0,3.0,4.0,0.0,0.42857142857142855,0.0
AAAVUP14319000144427,3.0,0.0,0.0,3.0,0.0,0.0,0.0
AAAVUP14319000144541,4.0,0.0,4.0,0.0,0.0,1.0,0.0
AAAVUP14319000144677,8.0,1.0,7.0,0.0,2.0,1.125,0.125
AAAVUP14319000144790,9.0,3.0,6.0,0.0,1.0,1.3333333333333333,0.3333333333333333
AAAVUP14319000144894,7.0,0.0,7.0,0.0,0.0,1.0,0.0
AAAVUP14319000144950,5.0,0.0,5.0,0.0,0.0,1.0,0.0
AAAVUP14319000144979,9.0,0.0,9.0,0.0,1.0,1.0,0.0
AAAVUP14319000145023,10.0,0.0,6.0,4.0,0.0,0.6,0.0
AAAVUP14319000145168,11.0,5.0,6.0,0.0,3.0,1.4545454545454546,0.45454545454545453
AAAVUP14319000145175,7.0,0.0,1.0,6.0,0.0,0.14285714285714285,0.0
AAAVUP14319000145238,4.0,0.0,2.0,2.0,0.0,0.5,0.0
AAAVUP14319000145571,5.0,0.0,3.0,2.0,0.0,0.6,0.0
AAAVUP14319000145656,8.0,0.0,6.0,2.0,4.0,0.75,0.0
AAAVUP14319000145694,12.0,0.0,11.0,1.0,0.0,0.9166666666666666,0.0
AAAVUP14319000145805,13.0,0.0,13.0,0.0,6.0,1.0,0.0
AAAVUP14319000145878,7.0,1.0,6.0,0.0,1.0,1.1428571428571428,0.14285714285714285
AAAVUP14319000145887,13.0,1.0,12.0,0.0,3.0,1.0769230769230769,0.07692307692307693
AAAVUP14319000145906,8.0,0.0,6.0,2.0,3.0,0.75,0.0
AAAVUP14319000146337,10.0,0.0,9.0,1.0,2.0,0.9,0.0
AAAVUP14319000146457,4.0,0.0,3.0,1.0,0.0,0.75,0.0
AAAVUP14319000146478,7.0,3.0,4.0,0.0,0.0,1.4285714285714286,0.42857142857142855
AAAVUP14319000146653,8.0,1.0,7.0,0.0,0.0,1.125,0.125
AAAVUP14319000146760,9.0,0.0,8.0,1.0,0.0,0.8888888888888888,0.0
AAAVUP14319000146770,6.0,0.0,5.0,1.0,0.0,0.8333333333333334,0.0
AAAVUP14319000146836,7.0,0.0,6.0,1.0,1.0,0.8571428571428571,0.0
AAAVUP14319000147092,1.0,0.0,0.0,1.0,0.0,0.0,0.0
AAAVUP14319000147195,6.0,0.0,6.0,0.0,0.0,1.0,0.0
AAAVUP14319000147210,6.0,1.0,4.0,1.0,0.0,1.0,0.16666666666666666
AAAVUP14319000147216,2.0,0.0,0.0,2.0,0.0,0.0,0.0
AAAVUP14319000147614,3.0,0.0,0.0,3.0,0.0,0.0,0.0
AAAVUP14319000147718,11.0,5.0,6.0,0.0,0.0,1.4545454545454546,0.45454545454545453
AAAVUP14319000148001,7.0,0.0,6.0,1.0,0.0,0.8571428571428571,0.0
AAAVUP14319000148045,8.0,0.0,7.0,1.0,0.0,0.875,0.0
AAAVUP14319000148183,8.0,0.0,7.0,1.0,1.0,0.875,0.0
AAAVUP14319000148380,11.0,0.0,11.0,0.0,1.0,1.0,0.0
AAAVUP14319000148429,9.0,0.0,3.0,6.0,0.0,0.3333333333333333,0.0
AAAVUP14319000148494,12.0,0.0,12.0,0.0,0.0,1.0,0.0
AAAVUP14319000148557,2.0,0.0,1.0,1.0,0.0,0.5,0.0
AAAVUP14319000148672,7.0,1.0,6.0,0.0,2.0,1.1428571428571428,0.14285714285714285
AAAVUP14319000148817,7.0,0.0,7.0,0.0,0.0,1.0,0.0
AAAVUP14319000148848,9.0,0.0,8.0,1.0,1.0,0.8888888888888888,0.0
AAAVUP14319000148927,7.0,0.0,7.0,0.0,0.0,1.0,0.0
AAAVUP14319000148946,6.0,0.0,1.0,5.0,0.0,0.16666666666666666,0.0
AAAVUP14319000149112,7.0,0.0,6.0,1.0,0.0,0.8571428571428571,0.0
AAAVUP14319000149324,9.0,0.0,9.0,0.0,0.0,1.0,0.0
AAAVUP14319000149325,12.0,2.0,10.0,0.0,0.0,1.1666666666666667,0.16666666666666666
AAAVUP14319000149751,10.0,2.0,8.0,0.0,0.0,1.2,0.2
AAAVUP14319000150099,9.0,0.0,8.0,1.0,1.0,0.8888888888888888,0.0
AAAVUP14319000150437,9.0,0.0,9.0,0.0,0.0,1.0,0.0
AAAVUP14319000150513,7.0,0.0,7.0,0.0,2.0,1.0,0.0
AAAVUP14319000150572,11.0,0.0,8.0,3.0,2.0,0.7272727272727273,0.0
AAAVUP14319000150861,10.0,2.0,8.0,0.0,0.0,1.2,0.2
AAAVUP14319000151103,9.0,0.0,9.0,0.0,0.0,1.0,0.0
AAAVUP14319000151278,11.0,2.0,9.0,0.0,0.0,1.1818181818181819,0.18181818181818182
AAAVUP14319000151319,4.0,0.0,4.0,0.0,0.0,1.0,0.0
AAAVUP14319000151402,12.0,12.0,0.0,0.0,1.0,2.0,1.0
AAAVUP14319000151500,8.0,1.0,7.0,0.0,0.0,1.125,0.125
AAAVUP14319000151641,14.0,4.0,10.0,0.0,1.0,1.2857142857142858,0.2857142857142857
AAAVUP14319000151740,7.0,0.0,7.0,0.0,0.0,1.0,0.0
AAAVUP14319000151749,6.0,0.0,6.0,0.0,1.0,1.0,0.0
AAAVUP14319000151771,4.0,0.0,4.0,0.0,0.0,1.0,0.0
AAAVUP14319000151772,5.0,0.0,3.0,2.0,0.0,0.6,0.0
AAAVUP14319000151817,9.0,1.0,8.0,0.0,0.0,1.1111111111111112,0.1111111111111111
AAAVUP14319000151831,6.0,0.0,3.0,3.0,0.0,0.5,0.0
AAAVUP14319000151934,12.0,0.0,11.0,1.0,0.0,0.9166666666666666,0.0
AAAVUP14319000152007,12.0,0.0,12.0,0.0,1.0,1.0,0.0
AAAVUP14319000152021,12.0,0.0,12.0,0.0,1.0,1.0,0.0
AAAVUP14319000152100,4.0,0.0,2.0,2.0,1.0,0.5,0.0
AAAVUP14319000152445,10.0,6.0,4.0,0.0,1.0,1.6,0.6
AAAVUP14319000152489,9.0,0.0,9.0,0.0,2.0,1.0,0.0
AAAVUP14319000152609,8.0,0.0,8.0,0.0,1.0,1.0,0.0
AAAVUP14319000152964,12.0,0.0,10.0,2.0,3.0,0.8333333333333334,0.0
AAAVUP14319000153134,4.0,2.0,2.0,0.0,0.0,1.5,0.5
AAAVUP14319000153333,10.0,0.0,10.0,0.0,2.0,1.0,0.0
AAAVUP14319000153722,9.0,0.0,9.0,0.0,0.0,1.0,0.0
AAAVUP14319000153727,4.0,0.0,1.0,3.0,0.0,0.25,0.0
AAAVUP14319000153848,7.0,0.0,7.0,0.0,0.0,1.0,0.0
AAAVUP14319000153866,5.0,0.0,1.0,4.0,0.0,0.2,0.0
AAAVUP14319000153920,11.0,3.0,8.0,0.0,0.0,1.2727272727272727,0.2727272727272727
AAAVUP14319000153950,6.0,0.0,6.0,0.0,1.0,1.0,0.0
AAAVUP14319000153973,7.0,0.0,7.0,0.0,0.0,1.0,0.0
AAAVUP14319000154043,7.0,0.0,7.0,0.0,0.0,1.0,0.0
AAAVUP14319000154187,9.0,0.0,9.0,0.0,1.0,1.0,0.0
AAAVUP14319000154190,4.0,0.0,2.0,2.0,0.0,0.5,0.0
AAAVUP14319000154566,9.0,0.0,8.0,1.0,0.0,0.8888888888888888,0.0
AAAVUP14319000154769,11.0,0.0,11.0,0.0,0.0,1.0,0.0
AAAVUP14319000155917,5.0,0.0,3.0,2.0,0.0,0.6,0.0
AAAVUP14319000155960,11.0,0.0,8.0,3.0,1.0,0.7272727272727273,0.0
AAAVUP14319000156008,8.0,0.0,2.0,6.0,1.0,0.25,0.0
AAAVUP14319000156309,9.0,4.0,5.0,0.0,0.0,1.4444444444444444,0.4444444444444444
AAAVUP14319000156332,6.0,0.0,4.0,2.0,0.0,0.6666666666666666,0.0
AAAVUP14319000156419,8.0,0.0,8.0,0.0,1.0,1.0,0.0
AAAVUP14319000157105,8.0,0.0,8.0,0.0,0.0,1.0,0.0
AAAVUP14319000157106,12.0,0.0,12.0,0.0,0.0,1.0,0.0
AAAVUP14319000157449,7.0,0.0,4.0,3.0,1.0,0.5714285714285714,0.0
AAAVUP14319000157450,3.0,0.0,0.0,3.0,0.0,0.0,0.0
AAAVUP14319000157549,9.0,0.0,3.0,6.0,1.0,0.3333333333333333,0.0
AAAVUP14319000157853,8.0,2.0,6.0,0.0,0.0,1.25,0.25
AAAVUP14319000157856,8.0,0.0,8.0,0.0,0.0,1.0,0.0
AAAVUP14319000157933,5.0,0.0,5.0,0.0,0.0,1.0,0.0
AAAVUP14319000158050,6.0,0.0,6.0,0.0,0.0,1.0,0.0
AAAVUP14319000158173,9.0,0.0,9.0,0.0,0.0,1.0,0.0
AAAVUP14319000158948,2.0,0.0,1.0,1.0,0.0,0.5,0.0
AAAVUP14319000159171,4.0,0.0,4.0,0.0,0.0,1.0,0.0
AAAVUP14319000159314,6.0,1.0,5.0,0.0,0.0,1.1666666666666667,0.16666666666666666
AAAVUP14319000159373,7.0,0.0,6.0,1.0,0.0,0.8571428571428571,0.0
AAAVUP14319000159574,10.0,0.0,8.0,2.0,2.0,0.8,0.0
AAAXMP138200000425282810_OR,9.0,0.0,9.0,0.0,0.0,1.0,0.0
AAAXMP138200000459352810_OR,7.0,0.0,7.0,0.0,2.0,1.0,0.0
AAAXMP138200000460602850_OR,12.0,0.0,12.0,0.0,2.0,1.0,0.0
AAAXMP138200000462922810_OR,7.0,0.0,7.0,0.0,2.0,1.0,0.0
AAAXMP138200000463062810_OR,9.0,0.0,7.0,2.0,5.0,0.7777777777777778,0.0
AAAXMP138200000463902850_OR,6.0,0.0,6.0,0.0,4.0,1.0,0.0
AAAXMP138200000465212850_OR,15.0,0.0,15.0,0.0,4.0,1.0,0.0
AAAXMP138200000466142850_OR,11.0,0.0,10.0,1.0,0.0,0.9090909090909091,0.0
AAAXMP138200000466912810_OR,9.0,0.0,9.0,0.0,2.0,1.0,0.0
AAAXMP138200000467412810_OR,12.0,3.0,9.0,0.0,5.0,1.25,0.25
AAAXMP138200000467422810_OR,9.0,0.0,9.0,0.0,4.0,1.0,0.0
AAAXMP138200000468132810_OR,9.0,3.0,6.0,0.0,4.0,1.3333333333333333,0.3333333333333333
AAAXMP138200000468152850_OR,8.0,0.0,8.0,0.0,4.0,1.0,0.0
AAAXMP138200000469142810_OR,9.0,0.0,9.0,0.0,6.0,1.0,0.0
AAAXMP138200000471612850_OR,10.0,2.0,8.0,0.0,3.0,1.2,0.2
AAAXMP138200000472712810_OR,9.0,7.0,2.0,0.0,1.0,1.7777777777777777,0.7777777777777778
AAAXMP138200000474622144_OR,10.0,6.0,4.0,0.0,3.0,1.6,0.6
AAAXMP138200000474972125_OR,11.0,0.0,11.0,0.0,1.0,1.0,0.0
AAAXMP138200000475342810_OR,6.0,0.0,6.0,0.0,3.0,1.0,0.0
AAAXMP138200000475362810_OR,10.0,0.0,10.0,0.0,4.0,1.0,0.0
AAAXMP138200000477202810_OR,9.0,0.0,9.0,0.0,5.0,1.0,0.0
AAAXMP138200000479042850_OR,7.0,0.0,5.0,2.0,3.0,0.7142857142857143,0.0
AAAXMP138200000479462144_OR,11.0,1.0,10.0,0.0,7.0,1.0909090909090908,0.09090909090909091
AAAXMP138200000480192850_OR,9.0,0.0,8.0,1.0,2.0,0.8888888888888888,0.0
AAAXMP138200000480962810_OR,7.0,3.0,4.0,0.0,5.0,1.4285714285714286,0.42857142857142855
AAAXMP138200000481242810_OR,13.0,0.0,13.0,0.0,6.0,1.0,0.0
AAAXMP138200000481462810_OR,9.0,0.0,9.0,0.0,5.0,1.0,0.0
AAAXMP138200000481562810_OR,10.0,4.0,6.0,0.0,1.0,1.4,0.4
AAAXMP138200000481732125_OR,11.0,4.0,7.0,0.0,0.0,1.3636363636363635,0.36363636363636365
AAAXMP138200000482172810_OR,9.0,0.0,9.0,0.0,5.0,1.0,0.0
AAAXMP138200000482982810_OR,9.0,0.0,9.0,0.0,5.0,1.0,0.0
AAAXMP138200000484062144_OR,12.0,2.0,10.0,0.0,2.0,1.1666666666666667,0.16666666666666666
AAAXMP138200000484112810_OR,9.0,0.0,9.0,0.0,6.0,1.0,0.0
AAAXMP138200000484132810_OR,9.0,8.0,1.0,0.0,6.0,1.8888888888888888,0.8888888888888888
AAAXMP138200000485102810_OR,6.0,2.0,4.0,0.0,2.0,1.3333333333333333,0.3333333333333333
AAAXMP138200000485172125_OR,9.0,6.0,3.0,0.0,0.0,1.6666666666666667,0.6666666666666666
AAAXMP138200000486232125_OR,15.0,8.0,7.0,0.0,0.0,1.5333333333333334,0.5333333333333333
AAAXMP138200000486802810_OR,6.0,2.0,4.0,0.0,1.0,1.3333333333333333,0.3333333333333333
AAAXMP138200000487232850_OR,11.0,1.0,7.0,3.0,4.0,0.8181818181818182,0.09090909090909091
AAAXMP138200000487862810_OR,9.0,5.0,4.0,0.0,4.0,1.5555555555555556,0.5555555555555556
AAAXMP138200000490172850_OR,15.0,0.0,14.0,1.0,4.0,0.9333333333333333,0.0
AAAXMP138200000491642810_OR,8.0,1.0,7.0,0.0,4.0,1.125,0.125
AAAXMP138200000491842810_OR,2.0,0.0,2.0,0.0,0.0,1.0,0.0
AAAXMP138200000491852810_OR,8.0,3.0,5.0,0.0,1.0,1.375,0.375
AAAXMP138200000492252810_OR,10.0,2.0,8.0,0.0,5.0,1.2,0.2
AAAXMP138200000493152144_OR,11.0,9.0,2.0,0.0,0.0,1.8181818181818181,0.8181818181818182
AAAXMP138200000493582125_OR,14.0,9.0,5.0,0.0,2.0,1.6428571428571428,0.6428571428571429
AAAXMP138200000493902810_OR,11.0,4.0,7.0,0.0,1.0,1.3636363636363635,0.36363636363636365
AAAXMP138200000494892144_OR,9.0,0.0,9.0,0.0,5.0,1.0,0.0
AAAXMP138200000495332810_OR,7.0,0.0,7.0,0.0,0.0,1.0,0.0
AAAXMP138200000496192810_OR,9.0,7.0,2.0,0.0,6.0,1.7777777777777777,0.7777777777777778
AAAXMP138200000496202810_OR,12.0,0.0,10.0,2.0,3.0,0.8333333333333334,0.0
AAAXMP138200000496552810_OR_cleaned,4.0,0.0,4.0,0.0,1.0,1.0,0.0
AAAXMP138200000497802125_OR,15.0,3.0,12.0,0.0,2.0,1.2,0.2
AAAXMP138200000498152850_OR,12.0,1.0,11.0,0.0,5.0,1.0833333333333333,0.08333333333333333
AAAXMP138200000498222810_OR,8.0,2.0,5.0,1.0,2.0,1.125,0.25
AAAXMP138200000498782810_OR,12.0,1.0,11.0,0.0,3.0,1.0833333333333333,0.08333333333333333
AAAXMP138200000498962810_OR,9.0,0.0,9.0,0.0,0.0,1.0,0.0
AAAXMP138200000499302810_OR,9.0,2.0,7.0,0.0,0.0,1.2222222222222223,0.2222222222222222
AAAXMP138200000499712810_OR,7.0,0.0,7.0,0.0,4.0,1.0,0.0
AAAXMP138200000500022850_OR,9.0,5.0,4.0,0.0,4.0,1.5555555555555556,0.5555555555555556
AAAXMP138200000500282850_OR,12.0,6.0,6.0,0.0,4.0,1.5,0.5
AAAXMP138200000500792125_OR,14.0,4.0,10.0,0.0,1.0,1.2857142857142858,0.2857142857142857
AAAXMP138200000500802125_OR,9.0,4.0,5.0,0.0,2.0,1.4444444444444444,0.4444444444444444
AAAXMP138200000500822125_OR,12.0,4.0,8.0,0.0,2.0,1.3333333333333333,0.3333333333333333
AAAXMP138200000502052810_OR,5.0,0.0,4.0,1.0,1.0,0.8,0.0
AAAXMP138200000502262810_OR,9.0,0.0,9.0,0.0,6.0,1.0,0.0
AAAXMP138200000502282810_OR,3.0,0.0,3.0,0.0,1.0,1.0,0.0
AAAXMP138200000502532144_OR,10.0,3.0,7.0,0.0,3.0,1.3,0.3
AAAXMP138200000502802810_OR,13.0,0.0,13.0,0.0,4.0,1.0,0.0
AAAXMP138200000503642850_OR,10.0,0.0,10.0,0.0,5.0,1.0,0.0
AAAXMP138200000503782144_OR,17.0,3.0,14.0,0.0,3.0,1.1764705882352942,0.17647058823529413
AAAXMP138200000503802144_OR,14.0,11.0,3.0,0.0,2.0,1.7857142857142858,0.7857142857142857
AAAXMP138200000506082850_OR,9.0,2.0,7.0,0.0,5.0,1.2222222222222223,0.2222222222222222
AAAXMP138200000506142810_OR,9.0,0.0,9.0,0.0,5.0,1.0,0.0
AAAXMP138200000506402125_OR,10.0,0.0,10.0,0.0,0.0,1.0,0.0
AAAXMP138200000506652810_OR,10.0,5.0,5.0,0.0,4.0,1.5,0.5
AAAXMP138200000507042850_OR,9.0,4.0,5.0,0.0,3.0,1.4444444444444444,0.4444444444444444
AAAXMP138200000507492144_OR,10.0,7.0,3.0,0.0,1.0,1.7,0.7
AAAXMP138200000508062810_OR,10.0,0.0,10.0,0.0,5.0,1.0,0.0
AAAXMP138200000508922810_OR,12.0,3.0,9.0,0.0,1.0,1.25,0.25
AAAXMP138200000509082144_OR,6.0,0.0,6.0,0.0,1.0,1.0,0.0
AAAXMP138200000509212125_OR,16.0,1.0,15.0,0.0,0.0,1.0625,0.0625
AAAXMP138200000509892850_OR,9.0,0.0,9.0,0.0,3.0,1.0,0.0
AAAXMP138200000510512810_OR,9.0,1.0,8.0,0.0,5.0,1.1111111111111112,0.1111111111111111
AAAXMP138200000510882125_OR,9.0,1.0,8.0,0.0,0.0,1.1111111111111112,0.1111111111111111
AAAXMP138200000512262810_OR,7.0,5.0,2.0,0.0,2.0,1.7142857142857142,0.7142857142857143
AAAXMP138200000513832810_OR,2.0,0.0,2.0,0.0,0.0,1.0,0.0
AAAXMP138200000514152810_OR,12.0,0.0,12.0,0.0,4.0,1.0,0.0
AAAXMP138200000514722810_OR,9.0,0.0,9.0,0.0,5.0,1.0,0.0
AAAXMP138200000514932125_OR,10.0,0.0,10.0,0.0,0.0,1.0,0.0
AAAXMP138200000516592125_OR,12.0,2.0,10.0,0.0,0.0,1.1666666666666667,0.16666666666666666
AAAXMP138200000516682125_OR,15.0,2.0,13.0,0.0,2.0,1.1333333333333333,0.13333333333333333
AAAXMP138200000516702144_OR,14.0,3.0,11.0,0.0,0.0,1.2142857142857142,0.21428571428571427
AAAXMP138200000517362810_OR,8.0,7.0,1.0,0.0,0.0,1.875,0.875
AAAXMP138200000517522810_OR,8.0,0.0,6.0,2.0,0.0,0.75,0.0
AAAXMP138200000518842125_OR,12.0,0.0,12.0,0.0,1.0,1.0,0.0
AAAXMP138200000518922810_OR,9.0,0.0,9.0,0.0,5.0,1.0,0.0
AAAXMP138200000519892810_OR,9.0,0.0,9.0,0.0,5.0,1.0,0.0
AAAXMP138200000520962125_OR,15.0,5.0,10.0,0.0,3.0,1.3333333333333333,0.3333333333333333
AAAXMP138200000521212810_OR,9.0,0.0,9.0,0.0,0.0,1.0,0.0
AAAXMP138200000521672810_OR,7.0,2.0,5.0,0.0,5.0,1.2857142857142858,0.2857142857142857
AAAXMP138200000522002144_OR,12.0,0.0,12.0,0.0,7.0,1.0,0.0
AAAXMP138200000522232810_OR,14.0,0.0,13.0,1.0,1.0,0.9285714285714286,0.0
AAAXMP138200000524612125_OR,12.0,0.0,12.0,0.0,2.0,1.0,0.0
AAAXMP138200000524682810_OR,10.0,1.0,9.0,0.0,3.0,1.1,0.1
AAAXMP138200000527472810_OR,6.0,3.0,3.0,0.0,1.0,1.5,0.5
AAAXMP138200000529122810_OR,10.0,0.0,10.0,0.0,4.0,1.0,0.0
AAAXMP138200000532202810_OR,7.0,4.0,3.0,0.0,0.0,1.5714285714285714,0.5714285714285714
AAAXMP138200000533202125_OR,16.0,3.0,13.0,0.0,3.0,1.1875,0.1875
AAAXMP138200000533572125_OR,8.0,0.0,8.0,0.0,1.0,1.0,0.0
AAAXMP138200000533602125_OR,15.0,6.0,9.0,0.0,0.0,1.4,0.4
AAAXMP138200000533612144_OR,12.0,0.0,12.0,0.0,5.0,1.0,0.0
AAAXMP138200000533752810_OR,9.0,0.0,9.0,0.0,3.0,1.0,0.0
AAAXMP138200000535022810_OR,7.0,0.0,7.0,0.0,1.0,1.0,0.0
AAAXMP138200000537542810_OR,9.0,0.0,9.0,0.0,6.0,1.0,0.0
AAAXMP138200000538252144_OR,9.0,0.0,9.0,0.0,3.0,1.0,0.0
AAAXMP138200000538612144_OR,11.0,6.0,5.0,0.0,6.0,1.5454545454545454,0.5454545454545454
AAAXMP138200000538842810_OR,9.0,0.0,5.0,4.0,0.0,0.5555555555555556,0.0
AAAXMP138200000539562810_OR,10.0,0.0,10.0,0.0,1.0,1.0,0.0
AAAXMP138200000540742125_OR,12.0,9.0,3.0,0.0,2.0,1.75,0.75
AAAXMP138200000541512810_OR,12.0,0.0,12.0,0.0,2.0,1.0,0.0
AAAXMP138200000542112125_OR,15.0,7.0,8.0,0.0,4.0,1.4666666666666666,0.4666666666666667
AAAXMP138200000543682810_OR,9.0,0.0,9.0,0.0,1.0,1.0,0.0
AAAXMP138200000543692810_OR,9.0,0.0,9.0,0.0,3.0,1.0,0.0
AAAXMP138200000546242850_OR,12.0,4.0,8.0,0.0,4.0,1.3333333333333333,0.3333333333333333
AAAXMP138200000546392850_OR,9.0,0.0,9.0,0.0,2.0,1.0,0.0
AAAXMP138200000549072125_OR,11.0,0.0,11.0,0.0,2.0,1.0,0.0
AAAXMP138200000549282810_OR,12.0,0.0,12.0,0.0,4.0,1.0,0.0
AAAXMP138200000551112125_OR,15.0,3.0,12.0,0.0,0.0,1.2,0.2
AAAXMP138200000551152850_OR,13.0,3.0,8.0,2.0,5.0,1.0769230769230769,0.23076923076923078
AAAXMP138200000551182125_OR,12.0,4.0,8.0,0.0,2.0,1.3333333333333333,0.3333333333333333
AAAXMP138200000552822125_OR,8.0,0.0,8.0,0.0,2.0,1.0,0.0
AAAXMP138200000552882810_OR,9.0,0.0,9.0,0.0,5.0,1.0,0.0
AAAXMP138200000553932144_OR,13.0,0.0,13.0,0.0,5.0,1.0,0.0
AAAXMP138200000554112810_OR,11.0,4.0,7.0,0.0,0.0,1.3636363636363635,0.36363636363636365
AAAXMP138200000556112810_OR,12.0,0.0,12.0,0.0,5.0,1.0,0.0
AAAXMP138200000557772144_OR,12.0,1.0,11.0,0.0,3.0,1.0833333333333333,0.08333333333333333
AAAXMP138200000557842850_OR,5.0,0.0,4.0,1.0,1.0,0.8,0.0
AAAXMP138200000558472810_OR,9.0,0.0,9.0,0.0,5.0,1.0,0.0
AAAXMP138200000558482810_OR,12.0,0.0,9.0,3.0,5.0,0.75,0.0
AAAXMP138200000559132810_OR,5.0,1.0,4.0,0.0,2.0,1.2,0.2
AAAXMP138200000559662850_OR,12.0,1.0,11.0,0.0,5.0,1.0833333333333333,0.08333333333333333
AAAXMP138200000560392810_OR,6.0,1.0,5.0,0.0,1.0,1.1666666666666667,0.16666666666666666
AAAXMP138200000561022810_OR,7.0,2.0,5.0,0.0,4.0,1.2857142857142858,0.2857142857142857
AAAXMP138200000561232850_OR,13.0,5.0,8.0,0.0,2.0,1.3846153846153846,0.38461538461538464
AAAXMP138200000562362810_OR,10.0,5.0,5.0,0.0,2.0,1.5,0.5
AAAXMP138200000563622810_OR,11.0,4.0,7.0,0.0,2.0,1.3636363636363635,0.36363636363636365
AAAXMP138200000564482850_OR,9.0,0.0,9.0,0.0,5.0,1.0,0.0
AAAXMP138200000564492850_OR,10.0,0.0,9.0,1.0,2.0,0.9,0.0
AAAXMP138200000565872144_OR,10.0,0.0,9.0,1.0,3.0,0.9,0.0
AAAXMP138200000565882125_OR,12.0,5.0,7.0,0.0,3.0,1.4166666666666667,0.4166666666666667
AAAXMP138200000568592850_OR,7.0,0.0,7.0,0.0,0.0,1.0,0.0
AAAXMP138200000568802125_OR,8.0,0.0,8.0,0.0,0.0,1.0,0.0
AAAXMP138200000568922850_OR,11.0,1.0,10.0,0.0,7.0,1.0909090909090908,0.09090909090909091
AAAXMP138200000569492125_OR,12.0,2.0,10.0,0.0,2.0,1.1666666666666667,0.16666666666666666
AAAXMP138200000569942810_OR,9.0,4.0,5.0,0.0,5.0,1.4444444444444444,0.4444444444444444
AAAXMP138200000570582125_OR,14.0,3.0,11.0,0.0,2.0,1.2142857142857142,0.21428571428571427
AAAXMP138200000570622810_OR,7.0,0.0,7.0,0.0,2.0,1.0,0.0
AAAXMP138200000570642810_OR,12.0,2.0,10.0,0.0,1.0,1.1666666666666667,0.16666666666666666
AAAXMP138200000570652850_OR,13.0,2.0,11.0,0.0,2.0,1.1538461538461537,0.15384615384615385
AAAXMP138200000570662850_OR,11.0,7.0,4.0,0.0,5.0,1.6363636363636365,0.6363636363636364
AAAXMP138200000570812810_OR,12.0,4.0,8.0,0.0,2.0,1.3333333333333333,0.3333333333333333
AAAXMP138200000571642810_OR,11.0,0.0,11.0,0.0,4.0,1.0,0.0
AAAXMP138200000572172125_OR,12.0,5.0,7.0,0.0,1.0,1.4166666666666667,0.4166666666666667
AAAXMP138200000572332810_OR,12.0,4.0,8.0,0.0,2.0,1.3333333333333333,0.3333333333333333
AAAXMP138200000573032810_OR,10.0,0.0,10.0,0.0,5.0,1.0,0.0
AAAXMP138200000573122810_OR,13.0,6.0,7.0,0.0,1.0,1.4615384615384615,0.46153846153846156
AAAXMP138200000574002850_OR,11.0,5.0,6.0,0.0,6.0,1.4545454545454546,0.45454545454545453
AAAXMP138200000574752850_OR,12.0,0.0,12.0,0.0,2.0,1.0,0.0
AAAXMP138200000574762850_OR,9.0,3.0,6.0,0.0,3.0,1.3333333333333333,0.3333333333333333
AAAXMP138200000575432810_OR,9.0,1.0,8.0,0.0,5.0,1.1111111111111112,0.1111111111111111
AAAXMP138200000575912144_OR,13.0,4.0,9.0,0.0,8.0,1.3076923076923077,0.3076923076923077
AAAXMP138200000576112810_OR,8.0,0.0,8.0,0.0,6.0,1.0,0.0
AAAXMP138200000576642850_OR,10.0,0.0,10.0,0.0,3.0,1.0,0.0
AAAXMP138200000576822125_OR,12.0,0.0,12.0,0.0,1.0,1.0,0.0
AAAXMP138200000577382125_OR,12.0,3.0,9.0,0.0,0.0,1.25,0.25
AAAXMP138200000577912810_OR,8.0,0.0,8.0,0.0,3.0,1.0,0.0
AAAXMP138200000578432810_OR,10.0,0.0,10.0,0.0,4.0,1.0,0.0
AAAXMP138200000579182125_OR,18.0,7.0,11.0,0.0,0.0,1.3888888888888888,0.3888888888888889
AAAXMP138200000579212125_OR,15.0,15.0,0.0,0.0,0.0,2.0,1.0
AAAXMP138200000580302850_OR,11.0,3.0,8.0,0.0,5.0,1.2727272727272727,0.2727272727272727
AAAXMP138200000581682810_OR,11.0,4.0,7.0,0.0,4.0,1.3636363636363635,0.36363636363636365
AAAXMP138200000581762850_OR,10.0,2.0,8.0,0.0,5.0,1.2,0.2
AAAXMP138200000582342144_OR,13.0,3.0,10.0,0.0,7.0,1.2307692307692308,0.23076923076923078
AAAXMP138200000584472125_OR,22.0,8.0,11.0,3.0,6.0,1.2272727272727273,0.36363636363636365
AAAXMP138200000584482144_OR,14.0,8.0,6.0,0.0,4.0,1.5714285714285714,0.5714285714285714
AAAXMP138200000584992144_OR,8.0,7.0,1.0,0.0,1.0,1.875,0.875
AAAXMP138200000587462850_OR,13.0,8.0,5.0,0.0,0.0,1.6153846153846154,0.6153846153846154
AAAXMP138200000588422810_OR,9.0,3.0,6.0,0.0,7.0,1.3333333333333333,0.3333333333333333
AAAXMP138200000589422810_OR,11.0,0.0,10.0,1.0,2.0,0.9090909090909091,0.0
AAAXMP138200000590112125_OR,13.0,3.0,10.0,0.0,0.0,1.2307692307692308,0.23076923076923078
AAAXMP138200000590122144_OR,15.0,12.0,3.0,0.0,2.0,1.8,0.8
AAAXMP138200000590482125_OR,13.0,3.0,10.0,0.0,0.0,1.2307692307692308,0.23076923076923078
AAAXMP138200000590892125_OR,12.0,2.0,10.0,0.0,2.0,1.1666666666666667,0.16666666666666666
AAAXMP138200000591372125_OR,12.0,1.0,11.0,0.0,2.0,1.0833333333333333,0.08333333333333333
AAAXMP138200000592682125_OR,12.0,0.0,12.0,0.0,4.0,1.0,0.0
AAAXMP138200000592942850_OR,13.0,1.0,12.0,0.0,2.0,1.0769230769230769,0.07692307692307693
AAAXMP138200000594342810_OR,11.0,3.0,8.0,0.0,2.0,1.2727272727272727,0.2727272727272727
AAAXMP138200000594772810_OR,9.0,5.0,4.0,0.0,2.0,1.5555555555555556,0.5555555555555556
AAAXMP138200000595392810_OR,9.0,3.0,6.0,0.0,5.0,1.3333333333333333,0.3333333333333333
AAAXMP138200000595832850_OR,12.0,2.0,10.0,0.0,2.0,1.1666666666666667,0.16666666666666666
AAAXMP138200000597082850_OR,13.0,0.0,13.0,0.0,4.0,1.0,0.0
AAAXMP138200000597192810_OR,9.0,3.0,5.0,1.0,0.0,1.2222222222222223,0.3333333333333333
AAAXMP138200000597662125_OR,14.0,6.0,8.0,0.0,0.0,1.4285714285714286,0.42857142857142855
AAAXMP138200000597692810_OR,9.0,0.0,9.0,0.0,2.0,1.0,0.0
AAAXMP138200000597942810_OR,9.0,0.0,9.0,0.0,5.0,1.0,0.0
AAAXMP138200000598472850_OR,10.0,1.0,9.0,0.0,0.0,1.1,0.1
AAAXMP138200000598572810_OR,9.0,0.0,9.0,0.0,4.0,1.0,0.0
AAAXMP138200000599852810_OR,12.0,0.0,12.0,0.0,4.0,1.0,0.0
AAAXMP138200000599862810_OR,8.0,0.0,8.0,0.0,3.0,1.0,0.0
AAAXMP138200000600272810_OR,9.0,0.0,9.0,0.0,2.0,1.0,0.0
AAAXMP138200000600392810_OR,9.0,1.0,8.0,0.0,6.0,1.1111111111111112,0.1111111111111111
AAAXMP138200000601472850_OR,9.0,1.0,8.0,0.0,5.0,1.1111111111111112,0.1111111111111111
AAAXMP138200000603492810_OR,12.0,3.0,7.0,2.0,3.0,1.0833333333333333,0.25
AAAXMP138200000603882810_OR,9.0,0.0,9.0,0.0,6.0,1.0,0.0
AAAXMP138200000604282850_OR,9.0,1.0,8.0,0.0,0.0,1.1111111111111112,0.1111111111111111
AAAXMP138200000604822810_OR,6.0,3.0,3.0,0.0,2.0,1.5,0.5
AAAXMP138200000605632850_OR,7.0,0.0,7.0,0.0,4.0,1.0,0.0
AAAXMP138200000605752850_OR,13.0,2.0,11.0,0.0,5.0,1.1538461538461537,0.15384615384615385
AAAXMP138200000606082810_OR,12.0,3.0,9.0,0.0,9.0,1.25,0.25
AAAXMP138200000606652850_OR,9.0,6.0,3.0,0.0,6.0,1.6666666666666667,0.6666666666666666
AAAXMP138200000606892810_OR,12.0,8.0,4.0,0.0,2.0,1.6666666666666667,0.6666666666666666
AAAXMP138200000607092144_OR,9.0,9.0,0.0,0.0,5.0,2.0,1.0
AAAXMP138200000607252850_OR,8.0,4.0,4.0,0.0,4.0,1.5,0.5
AAAXMP138200000607502810_OR,8.0,0.0,8.0,0.0,6.0,1.0,0.0
AAAXMP138200000607632810_OR,11.0,4.0,7.0,0.0,4.0,1.3636363636363635,0.36363636363636365
AAAXMP138200000608032810_OR,9.0,7.0,2.0,0.0,6.0,1.7777777777777777,0.7777777777777778
AAAXMP138200000608602810_OR,17.0,2.0,15.0,0.0,2.0,1.1176470588235294,0.11764705882352941
AAAXMP138200000608912810_OR,9.0,2.0,7.0,0.0,5.0,1.2222222222222223,0.2222222222222222
AAAXMP138200000610782850_OR,9.0,2.0,7.0,0.0,5.0,1.2222222222222223,0.2222222222222222
AAAXMP138200000613272125_OR,11.0,4.0,7.0,0.0,0.0,1.3636363636363635,0.36363636363636365
AAAXMP138200000613592810_OR,9.0,6.0,3.0,0.0,5.0,1.6666666666666667,0.6666666666666666
AAAXMP138200000613732810_OR,11.0,0.0,11.0,0.0,2.0,1.0,0.0
AAAXMP138200000613742810_OR,9.0,0.0,9.0,0.0,5.0,1.0,0.0
AAAXMP138200000613752810_OR,12.0,0.0,12.0,0.0,3.0,1.0,0.0
AAAXMP138200000614082810_OR,9.0,3.0,6.0,0.0,0.0,1.3333333333333333,0.3333333333333333
AAAXMP138200000615162810_OR,8.0,0.0,8.0,0.0,5.0,1.0,0.0
AAAXMP138200000616272125_OR,13.0,2.0,10.0,1.0,3.0,1.0769230769230769,0.15384615384615385
AAAXMP138200000617112810_OR,12.0,5.0,7.0,0.0,3.0,1.4166666666666667,0.4166666666666667
AAAXMP138200000617372810_OR,12.0,3.0,9.0,0.0,3.0,1.25,0.25
AAAXMP138200000618182810_OR,13.0,0.0,13.0,0.0,3.0,1.0,0.0
AAAXMP138200000619122810_OR,8.0,0.0,8.0,0.0,1.0,1.0,0.0
AAAXMP138200000619162810_OR,5.0,0.0,5.0,0.0,1.0,1.0,0.0
AAAXMP138200000621992125_OR,14.0,8.0,6.0,0.0,2.0,1.5714285714285714,0.5714285714285714
AAAXMP138200000623012144_OR,14.0,3.0,11.0,0.0,1.0,1.2142857142857142,0.21428571428571427
AAAXMP138200000625282850_OR,9.0,0.0,9.0,0.0,4.0,1.0,0.0
AAAXMP138200000625392125_OR,16.0,15.0,1.0,0.0,1.0,1.9375,0.9375
AAAXMP138200000628492125_OR,12.0,11.0,1.0,0.0,1.0,1.9166666666666667,0.9166666666666666
AAAXMP138200000629972810_OR,9.0,0.0,9.0,0.0,4.0,1.0,0.0
AAAXMP138200000631242810_OR,12.0,4.0,8.0,0.0,4.0,1.3333333333333333,0.3333333333333333
AAAXMP138200000633282850_OR,13.0,2.0,11.0,0.0,3.0,1.1538461538461537,0.15384615384615385
AAAXMP138200000633302810_OR,9.0,6.0,3.0,0.0,5.0,1.6666666666666667,0.6666666666666666
AAAXMP138200000633482850_OR,15.0,2.0,13.0,0.0,3.0,1.1333333333333333,0.13333333333333333
AAAXMP138200000633622810_OR,9.0,0.0,9.0,0.0,0.0,1.0,0.0
AAAXMP138200000633632810_OR,9.0,1.0,8.0,0.0,5.0,1.1111111111111112,0.1111111111111111
AAAXMP138200000633662144_OR,12.0,0.0,12.0,0.0,5.0,1.0,0.0
AAAXMP138200000636192125_OR,14.0,0.0,14.0,0.0,1.0,1.0,0.0
AAAXMP138200000636702810_OR,3.0,0.0,3.0,0.0,0.0,1.0,0.0
AAAXMP138200000637452125_OR,10.0,0.0,10.0,0.0,0.0,1.0,0.0
AAAXMP138200000638232125_OR,9.0,0.0,9.0,0.0,0.0,1.0,0.0
AAAXMP138200000639022125_OR,6.0,0.0,3.0,3.0,0.0,0.5,0.0
AAAXMP138200000641062144_OR,9.0,5.0,4.0,0.0,0.0,1.5555555555555556,0.5555555555555556
AAAXMP138200000641212850_OR,7.0,1.0,6.0,0.0,1.0,1.1428571428571428,0.14285714285714285
AAAXMP138200000643142810_OR,9.0,1.0,8.0,0.0,5.0,1.1111111111111112,0.1111111111111111
AAAXMP138200000644042144_OR,9.0,4.0,5.0,0.0,4.0,1.4444444444444444,0.4444444444444444
AAAXMP138200000646842810_OR,4.0,4.0,0.0,0.0,1.0,2.0,1.0
AAAXMP138200000649192850_OR,9.0,4.0,5.0,0.0,6.0,1.4444444444444444,0.4444444444444444
AAAXMP138200000649202850_OR,13.0,5.0,8.0,0.0,6.0,1.3846153846153846,0.38461538461538464
AAAXMP138200000649752850_OR,10.0,0.0,10.0,0.0,2.0,1.0,0.0
AAAXMP138200000651262850_OR,9.0,1.0,8.0,0.0,4.0,1.1111111111111112,0.1111111111111111
AAAXMP138200000651862810_OR,9.0,1.0,8.0,0.0,2.0,1.1111111111111112,0.1111111111111111
AAAXMP138200000652272125_OR,11.0,4.0,7.0,0.0,3.0,1.3636363636363635,0.36363636363636365
AAAXMP138200000652972810_OR,9.0,0.0,9.0,0.0,5.0,1.0,0.0
AAAXMP138200000653482850_OR,5.0,0.0,5.0,0.0,2.0,1.0,0.0
AAAXMP138200000653492850_OR,7.0,0.0,7.0,0.0,3.0,1.0,0.0
AAAXMP138200000653502850_OR,9.0,0.0,9.0,0.0,4.0,1.0,0.0
AAAXMP138200000653682125_OR,12.0,0.0,12.0,0.0,0.0,1.0,0.0
AAAXMP138200000656102810_OR,9.0,0.0,9.0,0.0,1.0,1.0,0.0
AAAXMP138200000656112810_OR,9.0,2.0,7.0,0.0,5.0,1.2222222222222223,0.2222222222222222
AAAXMP138200000661282810_OR,10.0,1.0,9.0,0.0,0.0,1.1,0.1
AAAXMP138200000663072810_OR,12.0,3.0,9.0,0.0,5.0,1.25,0.25
AAAXMP138200000663572810_OR,10.0,0.0,8.0,2.0,1.0,0.8,0.0
AAAXMP138200000663582810_OR,11.0,0.0,11.0,0.0,1.0,1.0,0.0
AAAXMP138200000663992810_OR,8.0,0.0,8.0,0.0,1.0,1.0,0.0
AAAXMP138200000665502810_OR,11.0,0.0,11.0,0.0,3.0,1.0,0.0
AAAXMP138200000665552810_OR,10.0,0.0,10.0,0.0,0.0,1.0,0.0
AAAXMP138200000667102810_OR,11.0,0.0,11.0,0.0,4.0,1.0,0.0
AAAXMP138200000667402850_OR,9.0,2.0,7.0,0.0,1.0,1.2222222222222223,0.2222222222222222
AAAXMP138200000667412810_OR,7.0,0.0,7.0,0.0,0.0,1.0,0.0
AAAXMP138200000667702850_OR,8.0,0.0,8.0,0.0,3.0,1.0,0.0
AAAXMP138200000669672810_OR,8.0,1.0,7.0,0.0,4.0,1.125,0.125
AAAXMP138200000669692810_OR,9.0,5.0,4.0,0.0,3.0,1.5555555555555556,0.5555555555555556
AAAXMP138200000669712810_OR,12.0,0.0,12.0,0.0,2.0,1.0,0.0
AAAXMP138200000669882810_OR,8.0,0.0,8.0,0.0,3.0,1.0,0.0
AAAXMP138200000671202810_OR,8.0,2.0,6.0,0.0,3.0,1.25,0.25
AAAXMP138200000672222850_OR,14.0,0.0,14.0,0.0,3.0,1.0,0.0
AAAXMP138200000673642850_OR,8.0,8.0,0.0,0.0,5.0,2.0,1.0
AAAXMP138200000674212125_OR,15.0,7.0,8.0,0.0,1.0,1.4666666666666666,0.4666666666666667
AAAXMP138200000675052850_OR,11.0,0.0,11.0,0.0,5.0,1.0,0.0
AAAXMP138200000675082810_OR,9.0,4.0,5.0,0.0,7.0,1.4444444444444444,0.4444444444444444
AAAXMP138200000675092810_OR,10.0,3.0,7.0,0.0,5.0,1.3,0.3
AAAXMP138200000676402850_OR,9.0,1.0,7.0,1.0,4.0,1.0,0.1111111111111111
AAAXMP138200000677212850_OR,8.0,0.0,8.0,0.0,0.0,1.0,0.0
AAAXMP138200000677222810_OR,9.0,5.0,4.0,0.0,4.0,1.5555555555555556,0.5555555555555556
AAAXMP138200000677272125_OR,5.0,0.0,4.0,1.0,0.0,0.8,0.0
AAAXMP138200000677612810_OR,9.0,2.0,7.0,0.0,4.0,1.2222222222222223,0.2222222222222222
AAAXMP138200000677642850_OR_cleaned,9.0,0.0,9.0,0.0,1.0,1.0,0.0
AAAXMP138200000678732810_OR,5.0,0.0,5.0,0.0,2.0,1.0,0.0
AAAXMP138200000679212850_OR,7.0,0.0,7.0,0.0,0.0,1.0,0.0
AAAXMP138200000680282810_OR,9.0,4.0,5.0,0.0,4.0,1.4444444444444444,0.4444444444444444
AAAXMP138200000681282810_OR,9.0,4.0,5.0,0.0,5.0,1.4444444444444444,0.4444444444444444
AAAXMP138200000681752810_OR,9.0,2.0,7.0,0.0,5.0,1.2222222222222223,0.2222222222222222
AAAXMP138200000681762810_OR,7.0,0.0,7.0,0.0,4.0,1.0,0.0
AAAXMP138200000682632850_OR,12.0,2.0,10.0,0.0,5.0,1.1666666666666667,0.16666666666666666
AAAXMP138200000682652810_OR,6.0,3.0,3.0,0.0,0.0,1.5,0.5
AAAXMP138200000683412810_OR,9.0,0.0,9.0,0.0,5.0,1.0,0.0
AAAXMP138200000684552850_OR,11.0,0.0,11.0,0.0,3.0,1.0,0.0
AAAXMP138200000684582810_OR,7.0,0.0,7.0,0.0,2.0,1.0,0.0
AAAXMP138200000685662810_OR,9.0,1.0,8.0,0.0,2.0,1.1111111111111112,0.1111111111111111
AAAXMP138200000686132810_OR,12.0,4.0,8.0,0.0,4.0,1.3333333333333333,0.3333333333333333
AAAXMP138200000686142850_OR,12.0,11.0,1.0,0.0,2.0,1.9166666666666667,0.9166666666666666
AAAXMP138200000687312810_OR,9.0,0.0,9.0,0.0,5.0,1.0,0.0
AAAXMP138200000687322810_OR,11.0,3.0,8.0,0.0,3.0,1.2727272727272727,0.2727272727272727
AAAXMP138200000688042810_OR,9.0,0.0,9.0,0.0,5.0,1.0,0.0
AAAXMP138200000689712810_OR,10.0,0.0,10.0,0.0,3.0,1.0,0.0
AAAXMP138200000690122810_OR,8.0,0.0,8.0,0.0,1.0,1.0,0.0
AAAXMP138200000690172810_OR,9.0,6.0,3.0,0.0,2.0,1.6666666666666667,0.6666666666666666
AAAXMP138200000691732810_OR,9.0,3.0,6.0,0.0,6.0,1.3333333333333333,0.3333333333333333
AAAXMP138200000691762850_OR,9.0,0.0,3.0,6.0,1.0,0.3333333333333333,0.0
AAAXMP138200000691802850_OR,9.0,0.0,9.0,0.0,5.0,1.0,0.0
AAAXMP138200000692632810_OR,8.0,1.0,7.0,0.0,3.0,1.125,0.125
AAAXMP138200000692712810_OR,10.0,1.0,9.0,0.0,4.0,1.1,0.1
AAAXMP138200000694002810_OR,9.0,0.0,9.0,0.0,1.0,1.0,0.0
AAAXMP138200000694322850_OR,11.0,0.0,11.0,0.0,7.0,1.0,0.0
AAAXMP138200000695702850_OR,14.0,0.0,14.0,0.0,3.0,1.0,0.0
AAAXMP138200000696402810_OR,9.0,2.0,7.0,0.0,5.0,1.2222222222222223,0.2222222222222222
AAAXMP138200000696482810_OR,11.0,0.0,11.0,0.0,3.0,1.0,0.0
AAAXMP138200000696642810_OR,12.0,1.0,11.0,0.0,3.0,1.0833333333333333,0.08333333333333333
AAAXMP138200000697102810_OR,8.0,0.0,8.0,0.0,3.0,1.0,0.0
AAAXMP138200000697112125_OR,12.0,1.0,11.0,0.0,2.0,1.0833333333333333,0.08333333333333333
AAAXMP138200000698402850_OR,8.0,3.0,5.0,0.0,6.0,1.375,0.375
AAAXMP138200000698872810_OR,12.0,0.0,12.0,0.0,5.0,1.0,0.0
AAAXMP138200000699142810_OR,11.0,1.0,10.0,0.0,6.0,1.0909090909090908,0.09090909090909091
AAAXMP138200000699162810_OR,12.0,0.0,11.0,1.0,4.0,0.9166666666666666,0.0
AAAXMP138200000699602850_OR,9.0,0.0,9.0,0.0,5.0,1.0,0.0
AAAXMP138200000699842125_OR,12.0,0.0,12.0,0.0,4.0,1.0,0.0
AAAXMP138200000700022810_OR,9.0,0.0,7.0,2.0,7.0,0.7777777777777778,0.0
AAAXMP138200000700692125_OR,3.0,0.0,3.0,0.0,0.0,1.0,0.0
AAAXMP138200000702832810_OR,5.0,0.0,5.0,0.0,1.0,1.0,0.0
AAAXMP138200000703282850_OR,12.0,0.0,12.0,0.0,4.0,1.0,0.0
AAAXMP138200000703902810_OR,8.0,2.0,6.0,0.0,1.0,1.25,0.25
AAAXMP138200000703912810_OR,14.0,0.0,14.0,0.0,1.0,1.0,0.0
AAAXMP138200000703952810_OR,9.0,0.0,9.0,0.0,5.0,1.0,0.0
AAAXMP138200000704412810_OR,7.0,0.0,7.0,0.0,4.0,1.0,0.0
AAAXMP138200000705902810_OR,12.0,0.0,12.0,0.0,6.0,1.0,0.0
AAAXMP138200000705952810_OR,9.0,6.0,3.0,0.0,5.0,1.6666666666666667,0.6666666666666666
AAAXMP138200000705962810_OR,9.0,1.0,8.0,0.0,4.0,1.1111111111111112,0.1111111111111111
AAAXMP138200000706202810_OR,9.0,2.0,7.0,0.0,0.0,1.2222222222222223,0.2222222222222222
AAAXMP138200000706712810_OR,9.0,2.0,7.0,0.0,5.0,1.2222222222222223,0.2222222222222222
AAAXMP138200000706752810_OR,9.0,3.0,6.0,0.0,6.0,1.3333333333333333,0.3333333333333333
AAAXMP138200000706972810_OR,7.0,0.0,7.0,0.0,3.0,1.0,0.0
AAAXMP138200000707852810_OR,5.0,1.0,4.0,0.0,0.0,1.2,0.2
AAAXMP138200000708432850_OR,10.0,0.0,10.0,0.0,4.0,1.0,0.0
AAAXMP138200000708862810_OR,10.0,1.0,9.0,0.0,4.0,1.1,0.1
AAAXMP138200000708872850_OR,9.0,0.0,7.0,2.0,4.0,0.7777777777777778,0.0
AAAXMP138200000709222850_OR,10.0,1.0,9.0,0.0,2.0,1.1,0.1
AAAXMP138200000709272810_OR,9.0,2.0,7.0,0.0,0.0,1.2222222222222223,0.2222222222222222
AAAXMP138200000709322810_OR,11.0,6.0,5.0,0.0,1.0,1.5454545454545454,0.5454545454545454
AAAXMP138200000709572850_OR,6.0,0.0,6.0,0.0,1.0,1.0,0.0
AAAXMP138200000709592850_OR,9.0,1.0,8.0,0.0,4.0,1.1111111111111112,0.1111111111111111
AAAXMP138200000709982810_OR,7.0,1.0,6.0,0.0,5.0,1.1428571428571428,0.14285714285714285
AAAXMP138200000711182850_OR,13.0,0.0,12.0,1.0,2.0,0.9230769230769231,0.0
AAAXMP138200000711742850_OR,9.0,1.0,8.0,0.0,6.0,1.1111111111111112,0.1111111111111111
AAAXMP138200000711892125_OR,12.0,0.0,12.0,0.0,2.0,1.0,0.0
AAAXMP138200000712102810_OR,11.0,1.0,10.0,0.0,4.0,1.0909090909090908,0.09090909090909091
AAAXMP138200000713012850_OR,9.0,0.0,8.0,1.0,3.0,0.8888888888888888,0.0
AAAXMP138200000713222810_OR,9.0,5.0,4.0,0.0,3.0,1.5555555555555556,0.5555555555555556
AAAXMP138200000713322125_OR,12.0,1.0,11.0,0.0,1.0,1.0833333333333333,0.08333333333333333
AAAXMP138200000713502810_OR,9.0,2.0,7.0,0.0,0.0,1.2222222222222223,0.2222222222222222
AAAXMP138200000714212810_OR,13.0,2.0,11.0,0.0,0.0,1.1538461538461537,0.15384615384615385
AAAXMP138200000715712810_OR,9.0,3.0,6.0,0.0,2.0,1.3333333333333333,0.3333333333333333
AAAXMP138200000716842810_OR,8.0,1.0,7.0,0.0,4.0,1.125,0.125
AAAXMP138200000717032810_OR,10.0,3.0,7.0,0.0,4.0,1.3,0.3
AAAXMP138200000717572810_OR,9.0,0.0,9.0,0.0,5.0,1.0,0.0
AAAXMP138200000717652125_OR,12.0,4.0,8.0,0.0,1.0,1.3333333333333333,0.3333333333333333
AAAXMP138200000718272144_OR,14.0,0.0,13.0,1.0,5.0,0.9285714285714286,0.0
AAAXMP138200000719242810_OR,9.0,0.0,9.0,0.0,5.0,1.0,0.0
AAAXMP138200000719792850_OR,11.0,0.0,9.0,2.0,4.0,0.8181818181818182,0.0
AAAXMP138200000719982810_OR,9.0,0.0,8.0,1.0,3.0,0.8888888888888888,0.0
AAAXMP138200000720302850_OR,9.0,3.0,6.0,0.0,5.0,1.3333333333333333,0.3333333333333333
AAAXMP138200000720352810_OR,5.0,1.0,4.0,0.0,1.0,1.2,0.2
AAAXMP138200000720812850_OR,8.0,0.0,8.0,0.0,1.0,1.0,0.0
AAAXMP138200000722082850_OR,14.0,3.0,11.0,0.0,3.0,1.2142857142857142,0.21428571428571427
AAAXMP138200000722102810_OR,9.0,0.0,9.0,0.0,5.0,1.0,0.0
AAAXMP138200000722142810_OR,14.0,4.0,10.0,0.0,3.0,1.2857142857142858,0.2857142857142857
AAAXMP138200000722192850_OR,10.0,4.0,6.0,0.0,4.0,1.4,0.4
AAAXMP138200000722922850_OR,11.0,3.0,8.0,0.0,4.0,1.2727272727272727,0.2727272727272727
AAAXMP138200000723352810_OR,7.0,2.0,5.0,0.0,0.0,1.2857142857142858,0.2857142857142857
AAAXMP138200000724392810_OR,8.0,1.0,7.0,0.0,4.0,1.125,0.125
AAAXMP138200000724442850_OR,12.0,5.0,7.0,0.0,6.0,1.4166666666666667,0.4166666666666667
AAAXMP138200000724572850_OR,7.0,4.0,3.0,0.0,2.0,1.5714285714285714,0.5714285714285714
AAAXMP138200000724642810_OR,9.0,4.0,5.0,0.0,5.0,1.4444444444444444,0.4444444444444444
AAAXMP138200000726092850_OR,9.0,0.0,9.0,0.0,5.0,1.0,0.0
AAAXMP138200000726172810_OR,9.0,2.0,7.0,0.0,5.0,1.2222222222222223,0.2222222222222222
AAAXMP138200000726662810_OR,10.0,6.0,4.0,0.0,0.0,1.6,0.6
AAAXMP138200000726892850_OR,11.0,1.0,10.0,0.0,4.0,1.0909090909090908,0.09090909090909091
AAAXMP138200000727092810_OR,7.0,4.0,3.0,0.0,5.0,1.5714285714285714,0.5714285714285714
AAAXMP138200000727552850_OR,9.0,0.0,9.0,0.0,4.0,1.0,0.0
AAAXMP138200000728122850_OR,9.0,2.0,7.0,0.0,5.0,1.2222222222222223,0.2222222222222222
AAAXMP138200000728672810_OR,7.0,3.0,4.0,0.0,3.0,1.4285714285714286,0.42857142857142855
AAAXMP138200000728882125_OR,7.0,0.0,7.0,0.0,1.0,1.0,0.0
AAAXMP138200000729232810_OR,9.0,0.0,9.0,0.0,2.0,1.0,0.0
AAAXMP138200000729252810_OR,13.0,0.0,13.0,0.0,3.0,1.0,0.0
AAAXMP138200000730432810_OR,11.0,0.0,11.0,0.0,1.0,1.0,0.0
AAAXMP138200000730482850_OR,9.0,3.0,6.0,0.0,6.0,1.3333333333333333,0.3333333333333333
AAAXMP138200000730812850_OR,9.0,0.0,8.0,1.0,2.0,0.8888888888888888,0.0
AAAXMP138200000731482125_OR,13.0,3.0,10.0,0.0,2.0,1.2307692307692308,0.23076923076923078
AAAXMP138200000733712810_OR,10.0,0.0,10.0,0.0,1.0,1.0,0.0
AAAXMP138200000734152810_OR,8.0,6.0,2.0,0.0,1.0,1.75,0.75
AAAXMP138200000734532850_OR,13.0,1.0,11.0,1.0,3.0,1.0,0.07692307692307693
AAAXMP138200000734682810_OR,10.0,0.0,10.0,0.0,7.0,1.0,0.0
AAAXMP138200000735812125_OR,10.0,0.0,10.0,0.0,0.0,1.0,0.0
AAAXMP138200000735822125_OR,14.0,0.0,14.0,0.0,5.0,1.0,0.0
AAAXMP138200000736162810_OR,9.0,0.0,9.0,0.0,7.0,1.0,0.0
AAAXMP138200000736292810_OR,9.0,0.0,9.0,0.0,7.0,1.0,0.0
AAAXMP138200000737572810_OR,11.0,3.0,8.0,0.0,4.0,1.2727272727272727,0.2727272727272727
AAAXMP138200000738312850_OR,8.0,4.0,4.0,0.0,1.0,1.5,0.5
AAAXMP138200000738402810_OR,7.0,2.0,4.0,1.0,2.0,1.1428571428571428,0.2857142857142857
AAAXMP138200000738442850_OR,9.0,0.0,9.0,0.0,4.0,1.0,0.0
AAAXMP138200000739352850_OR,7.0,1.0,6.0,0.0,3.0,1.1428571428571428,0.14285714285714285
AAAXMP138200000739682810_OR,9.0,0.0,9.0,0.0,3.0,1.0,0.0
AAAXMP138200000740562810_OR,12.0,2.0,10.0,0.0,3.0,1.1666666666666667,0.16666666666666666
AAAXMP138200000740572850_OR,11.0,7.0,4.0,0.0,3.0,1.6363636363636365,0.6363636363636364
AAAXMP138200000740732144_OR,12.0,2.0,10.0,0.0,4.0,1.1666666666666667,0.16666666666666666
AAAXMP138200000740952125_OR,17.0,0.0,17.0,0.0,2.0,1.0,0.0
AAAXMP138200000741442810_OR,12.0,0.0,12.0,0.0,6.0,1.0,0.0
AAAXMP138200000744302810_OR,9.0,0.0,9.0,0.0,5.0,1.0,0.0
AAAXMP138200000745462850_OR,8.0,3.0,4.0,1.0,2.0,1.25,0.375
AAAXMP138200000745482810_OR,8.0,6.0,2.0,0.0,4.0,1.75,0.75
AAAXMP138200000745722144_OR,13.0,0.0,13.0,0.0,4.0,1.0,0.0
AAAXMP138200000745782810_OR,4.0,1.0,3.0,0.0,0.0,1.25,0.25
AAAXMP138200000747062850_OR,9.0,4.0,5.0,0.0,4.0,1.4444444444444444,0.4444444444444444
AAAXMP138200000747072810_OR,9.0,2.0,7.0,0.0,0.0,1.2222222222222223,0.2222222222222222
AAAXMP138200000747182810_OR,9.0,5.0,4.0,0.0,4.0,1.5555555555555556,0.5555555555555556
AAAXMP138200000747252810_OR,9.0,0.0,9.0,0.0,5.0,1.0,0.0
AAAXMP138200000747262810_OR,4.0,0.0,4.0,0.0,0.0,1.0,0.0
AAAXMP138200000747412810_OR,12.0,6.0,6.0,0.0,1.0,1.5,0.5
AAAXMP138200000749442810_OR,8.0,0.0,8.0,0.0,6.0,1.0,0.0
AAAXMP138200000749732125_OR,12.0,4.0,8.0,0.0,2.0,1.3333333333333333,0.3333333333333333
AAAXMP138200000750512125_OR,8.0,0.0,8.0,0.0,0.0,1.0,0.0
AAAXMP138200000750522810_OR,13.0,1.0,12.0,0.0,8.0,1.0769230769230769,0.07692307692307693
AAAXMP138200000750552850_OR,10.0,0.0,9.0,1.0,0.0,0.9,0.0
AAAXMP138200000750812810_OR,14.0,0.0,14.0,0.0,6.0,1.0,0.0
AAAXMP138200000750982810_OR,7.0,0.0,7.0,0.0,4.0,1.0,0.0
AAAXMP138200000751052144_OR,13.0,0.0,12.0,1.0,4.0,0.9230769230769231,0.0
AAAXMP138200000751072144_OR,10.0,0.0,10.0,0.0,6.0,1.0,0.0
AAAXMP138200000751082125_OR,11.0,0.0,11.0,0.0,0.0,1.0,0.0
AAAXMP138200000751102125_OR,12.0,3.0,9.0,0.0,2.0,1.25,0.25
AAAXMP138200000751372850_OR,14.0,5.0,9.0,0.0,3.0,1.3571428571428572,0.35714285714285715
AAAXMP138200000751872810_OR,10.0,3.0,7.0,0.0,1.0,1.3,0.3
AAAXMP138200000751922810_OR,9.0,4.0,5.0,0.0,5.0,1.4444444444444444,0.4444444444444444
AAAXMP138200000752362850_OR,9.0,4.0,5.0,0.0,6.0,1.4444444444444444,0.4444444444444444
AAAXMP138200000752372850_OR,11.0,3.0,8.0,0.0,3.0,1.2727272727272727,0.2727272727272727
AAAXMP138200000752552144_OR,9.0,3.0,6.0,0.0,5.0,1.3333333333333333,0.3333333333333333
AAAXMP138200000752562144_OR,10.0,3.0,7.0,0.0,0.0,1.3,0.3
AAAXMP138200000752592144_OR,12.0,5.0,7.0,0.0,1.0,1.4166666666666667,0.4166666666666667
AAAXMP138200000752892810_OR,12.0,0.0,12.0,0.0,6.0,1.0,0.0
AAAXMP138200000752922810_OR,11.0,0.0,11.0,0.0,4.0,1.0,0.0
AAAXMP138200000752932850_OR,8.0,0.0,7.0,1.0,5.0,0.875,0.0
AAAXMP138200000753212810_OR,7.0,0.0,7.0,0.0,1.0,1.0,0.0
AAAXMP138200000754022810_OR,7.0,0.0,7.0,0.0,3.0,1.0,0.0
AAAXMP138200000754222125_OR,11.0,4.0,7.0,0.0,2.0,1.3636363636363635,0.36363636363636365
AAAXMP138200000754492850_OR,9.0,0.0,9.0,0.0,4.0,1.0,0.0
AAAXMP138200000754522810_OR,9.0,0.0,9.0,0.0,6.0,1.0,0.0
AAAXMP138200000754792850_OR,9.0,1.0,8.0,0.0,5.0,1.1111111111111112,0.1111111111111111
AAAXMP138200000756002850_OR,15.0,1.0,14.0,0.0,4.0,1.0666666666666667,0.06666666666666667
AAAXMP138200000757212125_OR,11.0,4.0,7.0,0.0,0.0,1.3636363636363635,0.36363636363636365
AAAXMP138200000757222125_OR,10.0,0.0,10.0,0.0,1.0,1.0,0.0
AAAXMP138200000757232125_OR,8.0,0.0,8.0,0.0,0.0,1.0,0.0
AAAXMP138200000757272125_OR,12.0,7.0,5.0,0.0,0.0,1.5833333333333333,0.5833333333333334
AAAXMP138200000757282125_OR,12.0,0.0,12.0,0.0,0.0,1.0,0.0
AAAXMP138200000758042810_OR,14.0,5.0,9.0,0.0,5.0,1.3571428571428572,0.35714285714285715
AAAXMP138200000758072125_OR,12.0,0.0,12.0,0.0,3.0,1.0,0.0
AAAXMP138200000758362810_OR,9.0,0.0,9.0,0.0,2.0,1.0,0.0
AAAXMP138200000758572850_OR,13.0,11.0,2.0,0.0,1.0,1.8461538461538463,0.8461538461538461
AAAXMP138200000758582810_OR,12.0,0.0,12.0,0.0,2.0,1.0,0.0
AAAXMP138200000759412125_OR,15.0,6.0,9.0,0.0,1.0,1.4,0.4
AAAXMP138200000759432144_OR,17.0,0.0,17.0,0.0,3.0,1.0,0.0
AAAXMP138200000760072810_OR,9.0,0.0,9.0,0.0,3.0,1.0,0.0
AAAXMP138200000761282810_OR,12.0,7.0,5.0,0.0,8.0,1.5833333333333333,0.5833333333333334
AAAXMP138200000761522810_OR,6.0,1.0,5.0,0.0,0.0,1.1666666666666667,0.16666666666666666
AAAXMP138200000761772125_OR,12.0,0.0,12.0,0.0,1.0,1.0,0.0
AAAXMP138200000761882810_OR,5.0,0.0,5.0,0.0,0.0,1.0,0.0
AAAXMP138200000761912144_OR,11.0,0.0,11.0,0.0,6.0,1.0,0.0
AAAXMP138200000762152810_OR,12.0,5.0,7.0,0.0,1.0,1.4166666666666667,0.4166666666666667
AAAXMP138200000762522850_OR,9.0,0.0,9.0,0.0,5.0,1.0,0.0
AAAXMP138200000763052125_OR,10.0,0.0,10.0,0.0,0.0,1.0,0.0
AAAXMP138200000763332144_OR,14.0,1.0,13.0,0.0,4.0,1.0714285714285714,0.07142857142857142
AAAXMP138200000763402850_OR,12.0,2.0,10.0,0.0,4.0,1.1666666666666667,0.16666666666666666
AAAXMP138200000764062810_OR,8.0,0.0,8.0,0.0,3.0,1.0,0.0
AAAXMP138200000765262850_OR,9.0,4.0,5.0,0.0,4.0,1.4444444444444444,0.4444444444444444
AAAXMP138200000765682810_OR,12.0,1.0,11.0,0.0,7.0,1.0833333333333333,0.08333333333333333
AAAXMP138200000766102810_OR,12.0,6.0,6.0,0.0,2.0,1.5,0.5
AAAXMP138200000766702144_OR,9.0,5.0,4.0,0.0,4.0,1.5555555555555556,0.5555555555555556
AAAXMP138200000767282144_OR,7.0,2.0,4.0,1.0,4.0,1.1428571428571428,0.2857142857142857
AAAXMP138200000767602850_OR,18.0,2.0,14.0,2.0,10.0,1.0,0.1111111111111111
AAAXMP138200000767822810_OR,12.0,0.0,12.0,0.0,5.0,1.0,0.0
AAAXMP138200000767842810_OR,9.0,0.0,9.0,0.0,5.0,1.0,0.0
AAAXMP138200000767872810_OR,11.0,1.0,10.0,0.0,5.0,1.0909090909090908,0.09090909090909091
AAAXMP138200000768012810_OR,6.0,0.0,6.0,0.0,2.0,1.0,0.0
AAAXMP138200000768852810_OR,9.0,1.0,8.0,0.0,5.0,1.1111111111111112,0.1111111111111111
AAAXMP138200000768862810_OR,8.0,4.0,4.0,0.0,3.0,1.5,0.5
AAAXMP138200000768932810_OR,12.0,7.0,5.0,0.0,4.0,1.5833333333333333,0.5833333333333334
AAAXMP138200000769272125_OR,17.0,2.0,15.0,0.0,2.0,1.1176470588235294,0.11764705882352941
AAAXMP138200000769302125_OR,7.0,3.0,4.0,0.0,0.0,1.4285714285714286,0.42857142857142855
AAAXMP138200000769422810_OR,13.0,4.0,9.0,0.0,4.0,1.3076923076923077,0.3076923076923077
AAAXMP138200000770082125_OR,12.0,4.0,8.0,0.0,0.0,1.3333333333333333,0.3333333333333333
AAAXMP138200000771192144_OR,9.0,0.0,9.0,0.0,7.0,1.0,0.0
AAAXMP138200000771212144_OR,12.0,1.0,11.0,0.0,6.0,1.0833333333333333,0.08333333333333333
AAAXMP138200000771632810_OR,12.0,3.0,9.0,0.0,4.0,1.25,0.25
AAAXMP138200000771652810_OR,8.0,0.0,8.0,0.0,4.0,1.0,0.0
AAAXMP138200000772012810_OR,10.0,5.0,5.0,0.0,1.0,1.5,0.5
AAAXMP138200000772032850_OR,9.0,0.0,9.0,0.0,5.0,1.0,0.0
AAAXMP138200000772202144_OR,11.0,9.0,2.0,0.0,3.0,1.8181818181818181,0.8181818181818182
AAAXMP138200000772722850_OR,12.0,0.0,12.0,0.0,5.0,1.0,0.0
AAAXMP138200000772862810_OR,11.0,6.0,5.0,0.0,7.0,1.5454545454545454,0.5454545454545454
AAAXMP138200000773162850_OR,9.0,0.0,9.0,0.0,5.0,1.0,0.0
AAAXMP138200000775362810_OR,9.0,5.0,4.0,0.0,4.0,1.5555555555555556,0.5555555555555556
AAAXMP138200000775582125_OR,16.0,4.0,12.0,0.0,3.0,1.25,0.25
AAAXMP138200000775592144_OR,6.0,0.0,6.0,0.0,2.0,1.0,0.0
AAAXMP138200000775732144_OR,8.0,1.0,7.0,0.0,6.0,1.125,0.125
AAAXMP138200000776122810_OR,11.0,1.0,10.0,0.0,1.0,1.0909090909090908,0.09090909090909091
AAAXMP138200000776742125_OR,16.0,2.0,14.0,0.0,2.0,1.125,0.125
AAAXMP138200000777032125_OR,13.0,4.0,9.0,0.0,1.0,1.3076923076923077,0.3076923076923077
AAAXMP138200000777042125_OR,12.0,0.0,9.0,3.0,0.0,0.75,0.0
AAAXMP138200000777062144_OR,9.0,0.0,9.0,0.0,6.0,1.0,0.0
AAAXMP138200000777242850_OR,12.0,2.0,10.0,0.0,3.0,1.1666666666666667,0.16666666666666666
AAAXMP138200000777312850_OR,10.0,1.0,9.0,0.0,7.0,1.1,0.1
AAAXMP138200000777342850_OR,7.0,0.0,7.0,0.0,2.0,1.0,0.0
AAAXMP138200000778402810_OR,11.0,0.0,11.0,0.0,1.0,1.0,0.0
AAAXMP138200000778492810_OR,12.0,2.0,10.0,0.0,3.0,1.1666666666666667,0.16666666666666666
AAAXMP138200000778572810_OR,9.0,3.0,6.0,0.0,4.0,1.3333333333333333,0.3333333333333333
AAAXMP138200000779152850_OR,9.0,0.0,9.0,0.0,5.0,1.0,0.0
AAAXMP138200000779712144_OR,11.0,0.0,11.0,0.0,6.0,1.0,0.0
AAAXMP138200000779972144_OR,9.0,1.0,6.0,2.0,1.0,0.8888888888888888,0.1111111111111111
AAAXMP138200000780022125_OR,12.0,5.0,7.0,0.0,2.0,1.4166666666666667,0.4166666666666667
AAAXMP138200000780072810_OR,6.0,0.0,6.0,0.0,3.0,1.0,0.0
AAAXMP138200000780162125_OR,13.0,4.0,9.0,0.0,1.0,1.3076923076923077,0.3076923076923077
AAAXMP138200000780442850_OR,15.0,2.0,13.0,0.0,7.0,1.1333333333333333,0.13333333333333333
AAAXMP138200000780482810_OR,12.0,8.0,4.0,0.0,2.0,1.6666666666666667,0.6666666666666666
AAAXMP138200000780752810_OR,13.0,0.0,12.0,1.0,6.0,0.9230769230769231,0.0
AAAXMP138200000781292144_OR,9.0,1.0,8.0,0.0,4.0,1.1111111111111112,0.1111111111111111
AAAXMP138200000781862144_OR,12.0,2.0,10.0,0.0,3.0,1.1666666666666667,0.16666666666666666
AAAXMP138200000782412125_OR,12.0,5.0,7.0,0.0,0.0,1.4166666666666667,0.4166666666666667
AAAXMP138200000782652810_OR,9.0,0.0,9.0,0.0,0.0,1.0,0.0
AAAXMP138200000782742810_OR,8.0,2.0,6.0,0.0,6.0,1.25,0.25
AAAXMP138200000783022125_OR,14.0,2.0,12.0,0.0,0.0,1.1428571428571428,0.14285714285714285
AAAXMP138200000783072810_OR,12.0,8.0,4.0,0.0,6.0,1.6666666666666667,0.6666666666666666
AAAXMP138200000783682810_OR,9.0,1.0,8.0,0.0,0.0,1.1111111111111112,0.1111111111111111
AAAXMP138200000783842850_OR,9.0,1.0,8.0,0.0,6.0,1.1111111111111112,0.1111111111111111
AAAXMP138200000783852810_OR,14.0,3.0,11.0,0.0,5.0,1.2142857142857142,0.21428571428571427
AAAXMP138200000784532810_OR,8.0,0.0,8.0,0.0,2.0,1.0,0.0
AAAXMP138200000785312144_OR,16.0,9.0,7.0,0.0,2.0,1.5625,0.5625
AAAXMP138200000785342125_OR,9.0,2.0,7.0,0.0,4.0,1.2222222222222223,0.2222222222222222
AAAXMP138200000785732810_OR,9.0,6.0,3.0,0.0,4.0,1.6666666666666667,0.6666666666666666
AAAXMP138200000785802810_OR,9.0,8.0,1.0,0.0,7.0,1.8888888888888888,0.8888888888888888
AAAXMP138200000786452125_OR,10.0,8.0,2.0,0.0,0.0,1.8,0.8
AAAXMP138200000786472125_OR,12.0,9.0,3.0,0.0,3.0,1.75,0.75
AAAXMP138200000787542810_OR,10.0,0.0,10.0,0.0,3.0,1.0,0.0
AAAXMP138200000787632810_OR,12.0,0.0,11.0,1.0,8.0,0.9166666666666666,0.0
AAAXMP138200000787642810_OR,9.0,3.0,6.0,0.0,5.0,1.3333333333333333,0.3333333333333333
AAAXMP138200000787652850_OR,9.0,3.0,6.0,0.0,7.0,1.3333333333333333,0.3333333333333333
AAAXMP138200000788072125_OR,12.0,8.0,4.0,0.0,1.0,1.6666666666666667,0.6666666666666666
AAAXMP138200000788232850_OR,9.0,1.0,8.0,0.0,4.0,1.1111111111111112,0.1111111111111111
AAAXMP138200000788332125_OR,13.0,0.0,13.0,0.0,1.0,1.0,0.0
AAAXMP138200000788542810_OR,11.0,3.0,8.0,0.0,1.0,1.2727272727272727,0.2727272727272727
AAAXMP138200000788792810_OR,11.0,0.0,11.0,0.0,1.0,1.0,0.0
AAAXMP138200000789222850_OR,7.0,0.0,7.0,0.0,5.0,1.0,0.0
AAAXMP138200000789522810_OR,10.0,1.0,9.0,0.0,4.0,1.1,0.1
AAAXMP138200000789542850_OR,12.0,0.0,12.0,0.0,3.0,1.0,0.0
AAAXMP138200000789662810_OR,9.0,0.0,8.0,1.0,4.0,0.8888888888888888,0.0
AAAXMP138200000789712144_OR,8.0,0.0,8.0,0.0,1.0,1.0,0.0
AAAXMP138200000789852125_OR,12.0,0.0,12.0,0.0,2.0,1.0,0.0
AAAXMP138200000789922125_OR,16.0,0.0,16.0,0.0,2.0,1.0,0.0
AAAXMP138200000790662850_OR,12.0,0.0,12.0,0.0,6.0,1.0,0.0
AAAXMP138200000790702850_OR,9.0,1.0,8.0,0.0,4.0,1.1111111111111112,0.1111111111111111
AAAXMP138200000790862850_OR,7.0,2.0,4.0,1.0,0.0,1.1428571428571428,0.2857142857142857
AAAXMP138200000791152810_OR,9.0,0.0,9.0,0.0,4.0,1.0,0.0
AAAXMP138200000792352144_OR,9.0,3.0,6.0,0.0,3.0,1.3333333333333333,0.3333333333333333
AAAXMP138200000792442125_OR,14.0,2.0,12.0,0.0,0.0,1.1428571428571428,0.14285714285714285
AAAXMP138200000792562144_OR,10.0,10.0,0.0,0.0,2.0,2.0,1.0
AAAXMP138200000792592850_OR,9.0,7.0,2.0,0.0,3.0,1.7777777777777777,0.7777777777777778
AAAXMP138200000792822810_OR,9.0,7.0,2.0,0.0,1.0,1.7777777777777777,0.7777777777777778
AAAXMP138200000793642850_OR,18.0,8.0,9.0,1.0,5.0,1.3888888888888888,0.4444444444444444
AAAXMP138200000793822125_OR,13.0,3.0,10.0,0.0,1.0,1.2307692307692308,0.23076923076923078
AAAXMP138200000793832144_OR,14.0,8.0,6.0,0.0,7.0,1.5714285714285714,0.5714285714285714
AAAXMP138200000793852125_OR,15.0,7.0,8.0,0.0,1.0,1.4666666666666666,0.4666666666666667
AAAXMP138200000794052125_OR,12.0,5.0,7.0,0.0,2.0,1.4166666666666667,0.4166666666666667
AAAXMP138200000794322810_OR,9.0,0.0,9.0,0.0,5.0,1.0,0.0
AAAXMP138200000794552810_OR,9.0,0.0,9.0,0.0,4.0,1.0,0.0
AAAXMP138200000795042810_OR,9.0,0.0,9.0,0.0,4.0,1.0,0.0
AAAXMP138200000795442810_OR,9.0,0.0,9.0,0.0,3.0,1.0,0.0
AAAXMP138200000796172144_OR,14.0,5.0,9.0,0.0,2.0,1.3571428571428572,0.35714285714285715
AAAXMP138200000796182125_OR,12.0,5.0,7.0,0.0,0.0,1.4166666666666667,0.4166666666666667
AAAXMP138200000796202144_OR,12.0,7.0,5.0,0.0,3.0,1.5833333333333333,0.5833333333333334
AAAXMP138200000796282125_OR,11.0,7.0,4.0,0.0,1.0,1.6363636363636365,0.6363636363636364
AAAXMP138200000796302125_OR,12.0,1.0,11.0,0.0,1.0,1.0833333333333333,0.08333333333333333
AAAXMP138200000797332850_OR,11.0,2.0,8.0,1.0,1.0,1.0909090909090908,0.18181818181818182
AAAXMP138200000797362810_OR,11.0,0.0,11.0,0.0,7.0,1.0,0.0
AAAXMP138200000797452850_OR,10.0,1.0,9.0,0.0,6.0,1.1,0.1
AAAXMP138200000799842144_OR,10.0,0.0,10.0,0.0,5.0,1.0,0.0
AAAXMP138200000800182144_OR,11.0,0.0,10.0,1.0,2.0,0.9090909090909091,0.0
AAAXMP138200000800212125_OR,13.0,3.0,10.0,0.0,0.0,1.2307692307692308,0.23076923076923078
AAAXMP138200000800382125_OR_cleaned,12.0,5.0,7.0,0.0,2.0,1.4166666666666667,0.4166666666666667
AAAXMP138200000800612810_OR,9.0,8.0,1.0,0.0,6.0,1.8888888888888888,0.8888888888888888
AAAXMP138200000800692810_OR,11.0,0.0,11.0,0.0,6.0,1.0,0.0
AAAXMP138200000801012810_OR,9.0,0.0,9.0,0.0,4.0,1.0,0.0
AAAXMP138200000801032810_OR,11.0,0.0,10.0,1.0,5.0,0.9090909090909091,0.0
AAAXMP138200000801402144_OR,11.0,0.0,11.0,0.0,6.0,1.0,0.0
AAAXMP138200000801422144_OR,13.0,5.0,8.0,0.0,3.0,1.3846153846153846,0.38461538461538464
AAAXMP138200000801472125_OR,15.0,7.0,8.0,0.0,2.0,1.4666666666666666,0.4666666666666667
AAAXMP138200000801602810_OR,9.0,2.0,7.0,0.0,3.0,1.2222222222222223,0.2222222222222222
AAAXMP138200000801682144_OR,13.0,0.0,13.0,0.0,5.0,1.0,0.0
AAAXMP138200000802242810_OR,8.0,0.0,4.0,4.0,5.0,0.5,0.0
AAAXMP138200000802252810_OR,15.0,7.0,8.0,0.0,5.0,1.4666666666666666,0.4666666666666667
AAAXMP138200000802392810_OR,6.0,0.0,6.0,0.0,1.0,1.0,0.0
AAAXMP138200000803002125_OR,12.0,7.0,5.0,0.0,3.0,1.5833333333333333,0.5833333333333334
AAAXMP138200000803022125_OR,14.0,8.0,6.0,0.0,2.0,1.5714285714285714,0.5714285714285714
AAAXMP138200000803072125_OR,12.0,6.0,6.0,0.0,2.0,1.5,0.5
AAAXMP138200000803132810_OR,9.0,2.0,7.0,0.0,6.0,1.2222222222222223,0.2222222222222222
AAAXMP138200000803412144_OR,12.0,2.0,10.0,0.0,5.0,1.1666666666666667,0.16666666666666666
AAAXMP138200000803542144_OR,12.0,3.0,9.0,0.0,7.0,1.25,0.25
AAAXMP138200000803682125_OR,17.0,13.0,4.0,0.0,1.0,1.7647058823529411,0.7647058823529411
AAAXMP138200000803702850_OR,8.0,0.0,8.0,0.0,4.0,1.0,0.0
AAAXMP138200000803762850_OR,10.0,6.0,4.0,0.0,3.0,1.6,0.6
AAAXMP138200000803782144_OR,12.0,5.0,7.0,0.0,5.0,1.4166666666666667,0.4166666666666667
AAAXMP138200000803812144_OR,12.0,0.0,12.0,0.0,3.0,1.0,0.0
AAAXMP138200000803822144_OR,12.0,0.0,12.0,0.0,3.0,1.0,0.0
AAAXMP138200000803832125_OR,19.0,18.0,1.0,0.0,1.0,1.9473684210526316,0.9473684210526315
AAAXMP138200000803842144_OR,11.0,10.0,1.0,0.0,3.0,1.9090909090909092,0.9090909090909091
AAAXMP138200000804332125_OR,7.0,2.0,5.0,0.0,0.0,1.2857142857142858,0.2857142857142857
AAAXMP138200000804342144_OR,12.0,9.0,3.0,0.0,1.0,1.75,0.75
AAAXMP138200000804502144_OR,14.0,2.0,12.0,0.0,3.0,1.1428571428571428,0.14285714285714285
AAAXMP138200000804802850_OR,11.0,0.0,11.0,0.0,4.0,1.0,0.0
AAAXMP138200000805082810_OR,9.0,0.0,8.0,1.0,3.0,0.8888888888888888,0.0
AAAXMP138200000805282810_OR,12.0,5.0,7.0,0.0,5.0,1.4166666666666667,0.4166666666666667
AAAXMP138200000805442850_OR,9.0,0.0,9.0,0.0,2.0,1.0,0.0
AAAXMP138200000805552850_OR,12.0,9.0,3.0,0.0,1.0,1.75,0.75
AAAXMP138200000805802144_OR,9.0,8.0,1.0,0.0,3.0,1.8888888888888888,0.8888888888888888
AAAXMP138200000806092850_OR,7.0,1.0,6.0,0.0,1.0,1.1428571428571428,0.14285714285714285
AAAXMP138200000806282144_OR,13.0,6.0,7.0,0.0,6.0,1.4615384615384615,0.46153846153846156
AAAXMP138200000806682144_OR_cleaned,10.0,0.0,10.0,0.0,2.0,1.0,0.0
AAAXMP138200000806832144_OR,14.0,0.0,14.0,0.0,3.0,1.0,0.0
AAAXMP138200000806862144_OR,10.0,4.0,6.0,0.0,6.0,1.4,0.4
AAAXMP138200000807272125_OR,12.0,0.0,10.0,2.0,1.0,0.8333333333333334,0.0
AAAXMP138200000807342850_OR,5.0,0.0,2.0,3.0,0.0,0.4,0.0
AAAXMP138200000807382850_OR,10.0,4.0,6.0,0.0,5.0,1.4,0.4
AAAXMP138200000807462810_OR,9.0,1.0,8.0,0.0,6.0,1.1111111111111112,0.1111111111111111
AAAXMP138200000807592810_OR,5.0,0.0,5.0,0.0,1.0,1.0,0.0
AAAXMP138200000807782144_OR,15.0,13.0,2.0,0.0,3.0,1.8666666666666667,0.8666666666666667
AAAXMP138200000807792125_OR,10.0,6.0,4.0,0.0,0.0,1.6,0.6
AAAXMP138200000808032144_OR,11.0,9.0,2.0,0.0,3.0,1.8181818181818181,0.8181818181818182
AAAXMP138200000808042125_OR,12.0,11.0,1.0,0.0,2.0,1.9166666666666667,0.9166666666666666
AAAXMP138200000808062125_OR,14.0,0.0,13.0,1.0,0.0,0.9285714285714286,0.0
AAAXMP138200000808382144_OR,13.0,9.0,4.0,0.0,2.0,1.6923076923076923,0.6923076923076923
AAAXMP138200000808462144_OR,12.0,2.0,10.0,0.0,3.0,1.1666666666666667,0.16666666666666666
AAAXMP138200000808702810_OR,8.0,0.0,8.0,0.0,6.0,1.0,0.0
AAAXMP138200000808952810_OR,9.0,2.0,7.0,0.0,4.0,1.2222222222222223,0.2222222222222222
AAAXMP138200000809072810_OR,11.0,0.0,11.0,0.0,3.0,1.0,0.0
AAAXMP138200000809182810_OR,7.0,0.0,7.0,0.0,6.0,1.0,0.0
AAAXMP138200000809392125_OR,15.0,6.0,9.0,0.0,2.0,1.4,0.4
AAAXMP138200000809632144_OR,11.0,0.0,11.0,0.0,4.0,1.0,0.0
AAAXMP138200000810212850_OR,9.0,2.0,7.0,0.0,5.0,1.2222222222222223,0.2222222222222222
AAAXMP138200000810222810_OR,5.0,0.0,5.0,0.0,0.0,1.0,0.0
AAAXMP138200000810242810_OR,15.0,5.0,10.0,0.0,4.0,1.3333333333333333,0.3333333333333333
AAAXMP138200000810682810_OR,9.0,1.0,8.0,0.0,7.0,1.1111111111111112,0.1111111111111111
AAAXMP138200000810972850_OR,9.0,2.0,7.0,0.0,5.0,1.2222222222222223,0.2222222222222222
AAAXMP138200000811252144_OR,10.0,1.0,9.0,0.0,4.0,1.1,0.1
AAAXMP138200000811452125_OR,24.0,8.0,16.0,0.0,2.0,1.3333333333333333,0.3333333333333333
AAAXMP138200000811702125_OR,14.0,10.0,4.0,0.0,1.0,1.7142857142857142,0.7142857142857143
AAAXMP138200000811742144_OR,12.0,4.0,8.0,0.0,2.0,1.3333333333333333,0.3333333333333333
AAAXMP138200000811832125_OR,12.0,2.0,10.0,0.0,2.0,1.1666666666666667,0.16666666666666666
AAAXMP138200000811992144_OR,13.0,1.0,12.0,0.0,6.0,1.0769230769230769,0.07692307692307693
AAAXMP138200000812052125_OR,16.0,0.0,16.0,0.0,2.0,1.0,0.0
AAAXMP138200000812242850_OR,10.0,0.0,9.0,1.0,1.0,0.9,0.0
AAAXMP138200000812252810_OR,9.0,0.0,9.0,0.0,6.0,1.0,0.0
AAAXMP138200000812362144_OR,10.0,4.0,6.0,0.0,7.0,1.4,0.4
AAAXMP138200000812492810_OR,12.0,0.0,12.0,0.0,5.0,1.0,0.0
AAAXMP138200000812662850_OR,12.0,2.0,10.0,0.0,2.0,1.1666666666666667,0.16666666666666666
AAAXMP138200000812862810_OR,9.0,3.0,6.0,0.0,6.0,1.3333333333333333,0.3333333333333333
AAAXMP138200000812872810_OR,12.0,7.0,5.0,0.0,6.0,1.5833333333333333,0.5833333333333334
AAAXMP138200000813622810_OR,13.0,0.0,13.0,0.0,2.0,1.0,0.0
AAAXMP138200000813632125_OR,14.0,7.0,7.0,0.0,2.0,1.5,0.5
AAAXMP138200000813822125_OR,12.0,6.0,6.0,0.0,2.0,1.5,0.5
AAAXMP138200000814692125_OR,14.0,3.0,11.0,0.0,1.0,1.2142857142857142,0.21428571428571427
AAAXMP138200000815372810_OR,10.0,2.0,8.0,0.0,5.0,1.2,0.2
AAAXMP138200000815472810_OR,12.0,0.0,12.0,0.0,7.0,1.0,0.0
AAAXMP138200000816162810_OR,9.0,0.0,9.0,0.0,5.0,1.0,0.0
AAAXMP138200000816182850_OR,13.0,2.0,11.0,0.0,8.0,1.1538461538461537,0.15384615384615385
AAAXMP138200000816232810_OR,9.0,0.0,6.0,3.0,3.0,0.6666666666666666,0.0
AAAXMP138200000816712850_OR,12.0,5.0,7.0,0.0,5.0,1.4166666666666667,0.4166666666666667
AAAXMP138200000816922125_OR,13.0,7.0,6.0,0.0,0.0,1.5384615384615385,0.5384615384615384
AAAXMP138200000817512125_OR,17.0,2.0,15.0,0.0,5.0,1.1176470588235294,0.11764705882352941
AAAXMP138200000818642810_OR,9.0,9.0,0.0,0.0,6.0,2.0,1.0
AAAXMP138200000819202125_OR,12.0,9.0,3.0,0.0,2.0,1.75,0.75
AAAXMP138200000819272125_OR,15.0,11.0,4.0,0.0,2.0,1.7333333333333334,0.7333333333333333
AAAXMP138200000819342810_OR,10.0,4.0,6.0,0.0,6.0,1.4,0.4
AAAXMP138200000819582125_OR,13.0,12.0,1.0,0.0,0.0,1.9230769230769231,0.9230769230769231
AAAXMP138200000819902125_OR,14.0,3.0,11.0,0.0,0.0,1.2142857142857142,0.21428571428571427
AAAXMP138200000820152144_OR,12.0,2.0,10.0,0.0,5.0,1.1666666666666667,0.16666666666666666
AAAXMP138200000820222144_OR,13.0,0.0,13.0,0.0,6.0,1.0,0.0
AAAXMP138200000820232144_OR,9.0,8.0,1.0,0.0,6.0,1.8888888888888888,0.8888888888888888
AAAXMP138200000820362850_OR,12.0,0.0,12.0,0.0,6.0,1.0,0.0
AAAXMP138200000820402850_OR,9.0,4.0,5.0,0.0,5.0,1.4444444444444444,0.4444444444444444
AAAXMP138200000820682144_OR,12.0,5.0,7.0,0.0,5.0,1.4166666666666667,0.4166666666666667
AAAXMP138200000820732144_OR,15.0,6.0,9.0,0.0,3.0,1.4,0.4
AAAXMP138200000821092125_OR,12.0,12.0,0.0,0.0,1.0,2.0,1.0
AAAXMP138200000821192125_OR,18.0,2.0,16.0,0.0,2.0,1.1111111111111112,0.1111111111111111
AAAXMP138200000821252850_OR,13.0,5.0,8.0,0.0,0.0,1.3846153846153846,0.38461538461538464
AAAXMP138200000821282810_OR,9.0,0.0,9.0,0.0,6.0,1.0,0.0
AAAXMP138200000822102144_OR,10.0,7.0,3.0,0.0,6.0,1.7,0.7
AAAXMP138200000823012144_OR,14.0,0.0,14.0,0.0,6.0,1.0,0.0
AAAXMP138200000823042144_OR,10.0,0.0,10.0,0.0,1.0,1.0,0.0
AAAXMP138200000823052144_OR,9.0,4.0,5.0,0.0,5.0,1.4444444444444444,0.4444444444444444
AAAXMP138200000823082144_OR,13.0,0.0,10.0,3.0,3.0,0.7692307692307693,0.0
AAAXMP138200000823612125_OR,13.0,1.0,9.0,3.0,2.0,0.8461538461538461,0.07692307692307693
AAAXMP138200000823662144_OR,12.0,2.0,10.0,0.0,2.0,1.1666666666666667,0.16666666666666666
AAAXMP138200000824492850_OR,9.0,2.0,6.0,1.0,5.0,1.1111111111111112,0.2222222222222222
AAAXMP138200000824862125_OR,11.0,4.0,7.0,0.0,0.0,1.3636363636363635,0.36363636363636365
AAAXMP138200000824872125_OR,16.0,6.0,10.0,0.0,2.0,1.375,0.375
AAAXMP138200000825322144_OR,12.0,2.0,10.0,0.0,6.0,1.1666666666666667,0.16666666666666666
AAAXMP138200000825552144_OR,9.0,4.0,5.0,0.0,1.0,1.4444444444444444,0.4444444444444444
AAAXMP138200000825712144_OR,10.0,1.0,9.0,0.0,7.0,1.1,0.1
AAAXMP138200000825912144_OR,11.0,1.0,10.0,0.0,4.0,1.0909090909090908,0.09090909090909091
AAAXMP138200000825972125_OR,16.0,9.0,7.0,0.0,1.0,1.5625,0.5625
AAAXMP138200000826082850_OR,7.0,0.0,7.0,0.0,5.0,1.0,0.0
AAAXMP138200000826162125_OR,10.0,0.0,10.0,0.0,2.0,1.0,0.0
AAAXMP138200000826232125_OR,14.0,7.0,7.0,0.0,2.0,1.5,0.5
AAAXMP138200000826452810_OR,12.0,3.0,9.0,0.0,2.0,1.25,0.25
AAAXMP138200000827232810_OR,9.0,0.0,9.0,0.0,5.0,1.0,0.0
AAAXMP138200000827552125_OR,12.0,1.0,11.0,0.0,0.0,1.0833333333333333,0.08333333333333333
AAAXMP138200000827812144_OR,14.0,1.0,13.0,0.0,3.0,1.0714285714285714,0.07142857142857142
AAAXMP138200000829282125_OR,14.0,0.0,14.0,0.0,1.0,1.0,0.0
AAAXMP138200000829912125_OR,14.0,5.0,9.0,0.0,3.0,1.3571428571428572,0.35714285714285715
AAAXMP138200000830632125_OR,20.0,11.0,9.0,0.0,2.0,1.55,0.55
AAAXMP138200000830752144_OR,14.0,1.0,12.0,1.0,3.0,1.0,0.07142857142857142
AAAXMP138200000831172850_OR,9.0,7.0,2.0,0.0,5.0,1.7777777777777777,0.7777777777777778
AAAXMP138200000831462144_OR,12.0,6.0,6.0,0.0,2.0,1.5,0.5
AAAXMP138200000831922144_OR,15.0,2.0,13.0,0.0,4.0,1.1333333333333333,0.13333333333333333
AAAXMP138200000831932144_OR,11.0,1.0,10.0,0.0,1.0,1.0909090909090908,0.09090909090909091
AAAXMP138200000834052125_OR,12.0,7.0,5.0,0.0,3.0,1.5833333333333333,0.5833333333333334
AAAXMP138200000834442850_OR,13.0,0.0,13.0,0.0,7.0,1.0,0.0
AAAXMP138200000834492125_OR,20.0,7.0,13.0,0.0,1.0,1.35,0.35
AAAXMP138200000835572144_OR,9.0,0.0,9.0,0.0,6.0,1.0,0.0
AAAXMP138200000835772125_OR,22.0,12.0,10.0,0.0,2.0,1.5454545454545454,0.5454545454545454
AAAXMP138200000838392144_OR,15.0,2.0,13.0,0.0,2.0,1.1333333333333333,0.13333333333333333
AAAXMP138200000838732810_OR,13.0,6.0,7.0,0.0,3.0,1.4615384615384615,0.46153846153846156
AAAXMP138200000839452144_OR,13.0,2.0,11.0,0.0,3.0,1.1538461538461537,0.15384615384615385
AAAXMP138200000839792125_OR,12.0,0.0,12.0,0.0,2.0,1.0,0.0
AAAXMP138200000839802810_OR,7.0,1.0,6.0,0.0,2.0,1.1428571428571428,0.14285714285714285
AAAXMP138200000840532125_OR,9.0,6.0,3.0,0.0,0.0,1.6666666666666667,0.6666666666666666
AAAXMP138200000840632125_OR,14.0,3.0,11.0,0.0,0.0,1.2142857142857142,0.21428571428571427
AAAXMP138200000841202850_OR,7.0,0.0,7.0,0.0,2.0,1.0,0.0
AAAXMP138200000842422144_OR,13.0,11.0,2.0,0.0,2.0,1.8461538461538463,0.8461538461538461
AAAXMP138200000842692125_OR,14.0,5.0,9.0,0.0,0.0,1.3571428571428572,0.35714285714285715
AAAXMP138200000842702125_OR,18.0,12.0,6.0,0.0,3.0,1.6666666666666667,0.6666666666666666
AAAXMP138200000842792810_OR,12.0,8.0,4.0,0.0,1.0,1.6666666666666667,0.6666666666666666
AAAXMP138200000843272810_OR,5.0,1.0,3.0,1.0,2.0,1.0,0.2
AAAXMP138200000845972850_OR,9.0,5.0,4.0,0.0,5.0,1.5555555555555556,0.5555555555555556
AAAXMP138200000846392810_OR,9.0,0.0,9.0,0.0,6.0,1.0,0.0
AAAXMP138200000849952144_OR,11.0,10.0,1.0,0.0,5.0,1.9090909090909092,0.9090909090909091
AAAXMP138200000850812125_OR,12.0,6.0,6.0,0.0,1.0,1.5,0.5
AAAXMP138200000851282144_OR,15.0,3.0,12.0,0.0,2.0,1.2,0.2
AAAXMP138200000854162810_OR,9.0,4.0,5.0,0.0,6.0,1.4444444444444444,0.4444444444444444
AAAXMP138200000857092810_OR,7.0,0.0,7.0,0.0,5.0,1.0,0.0
AAAXMP138200000859682810_OR,9.0,5.0,4.0,0.0,6.0,1.5555555555555556,0.5555555555555556
AAAXMP138200000860152125_OR,18.0,9.0,9.0,0.0,3.0,1.5,0.5
AAAXMP138200000860652125_OR,15.0,4.0,11.0,0.0,1.0,1.2666666666666666,0.26666666666666666
AAAXMP138200000861182125_OR,17.0,11.0,6.0,0.0,1.0,1.6470588235294117,0.6470588235294118
AAAXMP138200000861192144_OR,13.0,0.0,13.0,0.0,2.0,1.0,0.0
AAAXMP138200000861322850_OR,11.0,0.0,10.0,1.0,2.0,0.9090909090909091,0.0
AAAXMP138200000862692125_OR,15.0,8.0,7.0,0.0,0.0,1.5333333333333334,0.5333333333333333
AAAXMP138200000862752144_OR,14.0,7.0,7.0,0.0,2.0,1.5,0.5
AAAXMP138200000863002144_OR,15.0,1.0,14.0,0.0,4.0,1.0666666666666667,0.06666666666666667
AAAXMP138200000863572125_OR,14.0,12.0,2.0,0.0,2.0,1.8571428571428572,0.8571428571428571
AAAXMP138200000864012125_OR,8.0,0.0,8.0,0.0,0.0,1.0,0.0
AAAXMP138200000864252144_OR,9.0,3.0,5.0,1.0,3.0,1.2222222222222223,0.3333333333333333
AAAXMP138200000865262125_OR,13.0,7.0,6.0,0.0,0.0,1.5384615384615385,0.5384615384615384
AAAXMP138200000866362125_OR,10.0,5.0,5.0,0.0,0.0,1.5,0.5
AAAXMP138200000867302144_OR,8.0,0.0,8.0,0.0,3.0,1.0,0.0
AAAXMP138200000868632850_OR,13.0,2.0,11.0,0.0,8.0,1.1538461538461537,0.15384615384615385
AAAXMP138200000869932144_OR,12.0,3.0,9.0,0.0,3.0,1.25,0.25
AAAXMP138200000870042125_OR,11.0,4.0,7.0,0.0,0.0,1.3636363636363635,0.36363636363636365
AAAXMP138200000870472125_OR,12.0,9.0,3.0,0.0,4.0,1.75,0.75
AAAXMP138200000870802125_OR,12.0,6.0,6.0,0.0,1.0,1.5,0.5
AAAXMP138200000872482850_OR,6.0,0.0,6.0,0.0,1.0,1.0,0.0
AAAXMP138200000873192810_OR,5.0,0.0,5.0,0.0,1.0,1.0,0.0
AAAXMP138200000873902810_OR,6.0,1.0,5.0,0.0,2.0,1.1666666666666667,0.16666666666666666
AAAXMP138200000875522850_OR,5.0,0.0,5.0,0.0,3.0,1.0,0.0
AAAXMP138200000876512810_OR,9.0,1.0,8.0,0.0,0.0,1.1111111111111112,0.1111111111111111
AAAXMP138200000876862810_OR,9.0,3.0,6.0,0.0,3.0,1.3333333333333333,0.3333333333333333
AAAXMP138200000877672850_OR,8.0,1.0,7.0,0.0,6.0,1.125,0.125
AAAXMP138200000878292850_OR,12.0,5.0,7.0,0.0,1.0,1.4166666666666667,0.4166666666666667
AAAXMP138200000878402125_OR,10.0,0.0,10.0,0.0,0.0,1.0,0.0
AAAXMP138200000878612810_OR,11.0,0.0,11.0,0.0,0.0,1.0,0.0
AAAXMP138200000878622850_OR,12.0,0.0,10.0,2.0,1.0,0.8333333333333334,0.0
AAAXMP138200000878642125_OR,12.0,1.0,11.0,0.0,1.0,1.0833333333333333,0.08333333333333333
AAAXMP138200000878932850_OR,10.0,0.0,8.0,2.0,5.0,0.8,0.0
AAAXMP138200000879562850_OR,10.0,2.0,6.0,2.0,3.0,1.0,0.2
AAAXMP138200000880722125_OR,11.0,6.0,5.0,0.0,0.0,1.5454545454545454,0.5454545454545454
AAAXMP138200000880942125_OR,7.0,0.0,7.0,0.0,1.0,1.0,0.0
AAAXMP138200000881202850_OR,12.0,0.0,12.0,0.0,4.0,1.0,0.0
AAAXMP138200000881242810_OR,9.0,0.0,9.0,0.0,5.0,1.0,0.0
AAAXMP138200000881852125_OR,11.0,0.0,11.0,0.0,0.0,1.0,0.0
AAAXMP138200000883152850_OR,10.0,3.0,7.0,0.0,0.0,1.3,0.3
AAAXMP138200000885062850_OR,10.0,5.0,5.0,0.0,3.0,1.5,0.5
AAAXMP138200000885592125_OR,13.0,0.0,13.0,0.0,1.0,1.0,0.0
AAAXMP138200000885792810_OR,7.0,0.0,7.0,0.0,3.0,1.0,0.0
AAAXMP138200000885942850_OR,9.0,0.0,8.0,1.0,3.0,0.8888888888888888,0.0
AAAXMP138200000886212810_OR,9.0,8.0,1.0,0.0,4.0,1.8888888888888888,0.8888888888888888
AAAXMP138200000886302125_OR,12.0,3.0,9.0,0.0,5.0,1.25,0.25
AAAXMP138200000886312125_OR,13.0,0.0,13.0,0.0,1.0,1.0,0.0
AAAXMP138200000886602810_OR,11.0,0.0,11.0,0.0,2.0,1.0,0.0
AAAXMP138200000886612850_OR,9.0,0.0,9.0,0.0,5.0,1.0,0.0
AAAXMP138200000886942144_OR,10.0,0.0,10.0,0.0,7.0,1.0,0.0
AAAXMP138200000887102810_OR,8.0,0.0,8.0,0.0,5.0,1.0,0.0
AAAXMP138200000887352850_OR,11.0,0.0,11.0,0.0,6.0,1.0,0.0
AAAXMP138200000887512850_OR,6.0,0.0,6.0,0.0,4.0,1.0,0.0
AAAXMP138200000887542850_OR,9.0,2.0,7.0,0.0,5.0,1.2222222222222223,0.2222222222222222
AAAXMP138200000887762144_OR,12.0,1.0,11.0,0.0,3.0,1.0833333333333333,0.08333333333333333
AAAXMP138200000889012810_OR,8.0,0.0,8.0,0.0,2.0,1.0,0.0
AAAXMP138200000889572810_OR,7.0,0.0,7.0,0.0,4.0,1.0,0.0
AAAXMP138200000889612810_OR,6.0,0.0,6.0,0.0,1.0,1.0,0.0
AAAXMP138200000889842850_OR,10.0,0.0,10.0,0.0,1.0,1.0,0.0
AAAXMP138200000890092850_OR,9.0,7.0,2.0,0.0,3.0,1.7777777777777777,0.7777777777777778
AAAXMP138200000890122850_OR,9.0,2.0,7.0,0.0,5.0,1.2222222222222223,0.2222222222222222
AAAXMP138200000891102810_OR,8.0,4.0,4.0,0.0,4.0,1.5,0.5
AAAXMP138200000892672850_OR,7.0,0.0,7.0,0.0,1.0,1.0,0.0
AAAXMP138200000893002144_OR,11.0,0.0,11.0,0.0,6.0,1.0,0.0
AAAXMP138200000893082810_OR,6.0,1.0,5.0,0.0,0.0,1.1666666666666667,0.16666666666666666
AAAXMP138200000894442810_OR,4.0,0.0,4.0,0.0,0.0,1.0,0.0
AAAXMP138200000894482850_OR,8.0,0.0,8.0,0.0,6.0,1.0,0.0
AAAXMP138200000895622850_OR,9.0,0.0,2.0,7.0,1.0,0.2222222222222222,0.0
AAAXMP138200000895952810_OR,13.0,5.0,8.0,0.0,3.0,1.3846153846153846,0.38461538461538464
AAAXMP138200000896362125_OR,12.0,3.0,9.0,0.0,2.0,1.25,0.25
AAAXMP138200000897722810_OR,9.0,0.0,9.0,0.0,1.0,1.0,0.0
AAAXMP138200000898262810_OR,12.0,3.0,9.0,0.0,5.0,1.25,0.25
AAAXMP138200000899052810_OR,9.0,1.0,4.0,4.0,0.0,0.6666666666666666,0.1111111111111111
AAAXMP138200000899062810_OR,7.0,1.0,6.0,0.0,0.0,1.1428571428571428,0.14285714285714285
AAAXMP138200000899312810_OR,13.0,0.0,13.0,0.0,5.0,1.0,0.0
AAAXMP138200000900712850_OR,5.0,0.0,5.0,0.0,1.0,1.0,0.0
AAAXMP138200000901552850_OR,9.0,0.0,9.0,0.0,5.0,1.0,0.0
AAAXMP138200000902072125_OR,15.0,0.0,14.0,1.0,2.0,0.9333333333333333,0.0
AAAXMP138200000902752850_OR,12.0,1.0,11.0,0.0,5.0,1.0833333333333333,0.08333333333333333
AAAXMP138200000903102810_OR,9.0,6.0,3.0,0.0,2.0,1.6666666666666667,0.6666666666666666
AAAXMP138200000904742125_OR,13.0,5.0,8.0,0.0,1.0,1.3846153846153846,0.38461538461538464
AAAXMP138200000904872810_OR,12.0,0.0,12.0,0.0,5.0,1.0,0.0
AAAXMP138200000905132144_OR,9.0,0.0,9.0,0.0,4.0,1.0,0.0
AAAXMP138200000905462144_OR,14.0,1.0,13.0,0.0,6.0,1.0714285714285714,0.07142857142857142
AAAXMP138200000905992144_OR,10.0,0.0,10.0,0.0,1.0,1.0,0.0
AAAXMP138200000906472810_OR,11.0,0.0,11.0,0.0,4.0,1.0,0.0
AAAXMP138200000906482850_OR,9.0,3.0,6.0,0.0,5.0,1.3333333333333333,0.3333333333333333
AAAXMP138200000906582125_OR,11.0,1.0,10.0,0.0,0.0,1.0909090909090908,0.09090909090909091
AAAXMP138200000907232810_OR,6.0,2.0,4.0,0.0,3.0,1.3333333333333333,0.3333333333333333
AAAXMP138200000907262125_OR,15.0,2.0,13.0,0.0,1.0,1.1333333333333333,0.13333333333333333
AAAXMP138200000907992125_OR,11.0,2.0,9.0,0.0,2.0,1.1818181818181819,0.18181818181818182
AAAXMP138200000908262144_OR,14.0,2.0,11.0,1.0,3.0,1.0714285714285714,0.14285714285714285
AAAXMP138200000908272144_OR,12.0,3.0,9.0,0.0,6.0,1.25,0.25
AAAXMP138200000908692810_OR,13.0,6.0,7.0,0.0,4.0,1.4615384615384615,0.46153846153846156
AAAXMP138200000908702810_OR,12.0,0.0,12.0,0.0,1.0,1.0,0.0
AAAXMP138200000908812125_OR,15.0,1.0,14.0,0.0,1.0,1.0666666666666667,0.06666666666666667
AAAXMP138200000909532125_OR,9.0,2.0,7.0,0.0,0.0,1.2222222222222223,0.2222222222222222
AAAXMP138200000909852125_OR,8.0,0.0,8.0,0.0,0.0,1.0,0.0
AAAXMP138200000910192144_OR,14.0,10.0,4.0,0.0,3.0,1.7142857142857142,0.7142857142857143
AAAXMP138200000910722810_OR,9.0,7.0,2.0,0.0,5.0,1.7777777777777777,0.7777777777777778
AAAXMP138200000910752810_OR,9.0,0.0,9.0,0.0,5.0,1.0,0.0
AAAXMP138200000911452810_OR,7.0,1.0,6.0,0.0,3.0,1.1428571428571428,0.14285714285714285
AAAXMP138200000911472850_OR,6.0,3.0,3.0,0.0,0.0,1.5,0.5
AAAXMP138200000911482810_OR,9.0,9.0,0.0,0.0,0.0,2.0,1.0
AAAXMP138200000911532144_OR,12.0,1.0,11.0,0.0,5.0,1.0833333333333333,0.08333333333333333
AAAXMP138200000911892125_OR,12.0,3.0,9.0,0.0,1.0,1.25,0.25
AAAXMP138200000911902810_OR,12.0,0.0,7.0,5.0,7.0,0.5833333333333334,0.0
AAAXMP138200000912732125_OR,15.0,2.0,13.0,0.0,1.0,1.1333333333333333,0.13333333333333333
AAAXMP138200000913482144_OR,11.0,0.0,11.0,0.0,4.0,1.0,0.0
AAAXMP138200000913492125_OR,11.0,0.0,11.0,0.0,0.0,1.0,0.0
AAAXMP138200000913622850_OR,12.0,9.0,3.0,0.0,2.0,1.75,0.75
AAAXMP138200000913652810_OR,9.0,2.0,7.0,0.0,2.0,1.2222222222222223,0.2222222222222222
AAAXMP138200000913942125_OR,17.0,11.0,6.0,0.0,0.0,1.6470588235294117,0.6470588235294118
AAAXMP138200000914162125_OR,8.0,0.0,8.0,0.0,0.0,1.0,0.0
AAAXMP138200000914752810_OR,12.0,3.0,9.0,0.0,4.0,1.25,0.25
AAAXMP138200000914922144_OR,11.0,7.0,4.0,0.0,4.0,1.6363636363636365,0.6363636363636364
AAAXMP138200000915112850_OR,10.0,3.0,7.0,0.0,3.0,1.3,0.3
AAAXMP138200000915162144_OR,12.0,0.0,12.0,0.0,2.0,1.0,0.0
AAAXMP138200000917102144_OR,7.0,0.0,7.0,0.0,3.0,1.0,0.0
AAAXMP138200000917202144_OR,9.0,3.0,6.0,0.0,3.0,1.3333333333333333,0.3333333333333333
AAAXMP138200000917262125_OR,13.0,0.0,12.0,1.0,2.0,0.9230769230769231,0.0
AAAXMP138200000917482125_OR,13.0,3.0,10.0,0.0,1.0,1.2307692307692308,0.23076923076923078
AAAXMP138200000918282144_OR,9.0,8.0,1.0,0.0,2.0,1.8888888888888888,0.8888888888888888
AAAXMP138200000918362144_OR,9.0,7.0,2.0,0.0,6.0,1.7777777777777777,0.7777777777777778
AAAXMP138200000918442125_OR,11.0,8.0,3.0,0.0,0.0,1.7272727272727273,0.7272727272727273
AAAXMP138200000918802810_OR,12.0,7.0,5.0,0.0,4.0,1.5833333333333333,0.5833333333333334
AAAXMP138200000918952125_OR,12.0,1.0,11.0,0.0,4.0,1.0833333333333333,0.08333333333333333
AAAXMP138200000919302125_OR,15.0,0.0,15.0,0.0,2.0,1.0,0.0
AAAXMP138200000920472810_OR,10.0,3.0,7.0,0.0,2.0,1.3,0.3
AAAXMP138200000920792125_OR,18.0,6.0,12.0,0.0,2.0,1.3333333333333333,0.3333333333333333
AAAXMP138200000921482125_OR,13.0,5.0,8.0,0.0,1.0,1.3846153846153846,0.38461538461538464
AAAXMP138200000921522144_OR,11.0,0.0,11.0,0.0,3.0,1.0,0.0
AAAXMP138200000922002810_OR,7.0,0.0,7.0,0.0,3.0,1.0,0.0
AAAXMP138200000922022810_OR,7.0,4.0,3.0,0.0,4.0,1.5714285714285714,0.5714285714285714
AAAXMP138200000922302810_OR,8.0,1.0,7.0,0.0,3.0,1.125,0.125
AAAXMP138200000922762125_OR,12.0,1.0,11.0,0.0,1.0,1.0833333333333333,0.08333333333333333
AAAXMP138200000922822144_OR,8.0,6.0,2.0,0.0,6.0,1.75,0.75
AAAXMP138200000922892850_OR,12.0,1.0,11.0,0.0,5.0,1.0833333333333333,0.08333333333333333
AAAXMP138200000922992810_OR,9.0,5.0,4.0,0.0,1.0,1.5555555555555556,0.5555555555555556
AAAXMP138200000923042810_OR,7.0,6.0,1.0,0.0,4.0,1.8571428571428572,0.8571428571428571
AAAXMP138200000923502125_OR,16.0,7.0,9.0,0.0,0.0,1.4375,0.4375
AAAXMP138200000923612850_OR,9.0,0.0,6.0,3.0,4.0,0.6666666666666666,0.0
AAAXMP138200000924492144_OR,12.0,5.0,7.0,0.0,2.0,1.4166666666666667,0.4166666666666667
AAAXMP138200000924782125_OR,12.0,0.0,12.0,0.0,2.0,1.0,0.0
AAAXMP138200000925102810_OR,6.0,1.0,5.0,0.0,0.0,1.1666666666666667,0.16666666666666666
AAAXMP138200000925192144_OR,12.0,8.0,4.0,0.0,1.0,1.6666666666666667,0.6666666666666666
AAAXMP138200000925432144_OR,4.0,0.0,4.0,0.0,0.0,1.0,0.0
AAAXMP138200000925642850_OR,12.0,0.0,11.0,1.0,4.0,0.9166666666666666,0.0
AAAXMP138200000925912125_OR,12.0,6.0,6.0,0.0,1.0,1.5,0.5
AAAXMP138200000926632144_OR,9.0,1.0,8.0,0.0,5.0,1.1111111111111112,0.1111111111111111
AAAXMP138200000927242850_OR,9.0,4.0,5.0,0.0,5.0,1.4444444444444444,0.4444444444444444
AAAXMP138200000927562125_OR,12.0,3.0,9.0,0.0,1.0,1.25,0.25
AAAXMP138200000927582144_OR,9.0,0.0,9.0,0.0,3.0,1.0,0.0
AAAXMP138200000927892144_OR,12.0,2.0,10.0,0.0,3.0,1.1666666666666667,0.16666666666666666
AAAXMP138200000928592144_OR,15.0,10.0,5.0,0.0,1.0,1.6666666666666667,0.6666666666666666
AAAXMP138200000929232144_OR,11.0,8.0,3.0,0.0,3.0,1.7272727272727273,0.7272727272727273
AAAXMP138200000929432125_OR,9.0,1.0,7.0,1.0,0.0,1.0,0.1111111111111111
AAAXMP138200000929882144_OR,9.0,2.0,7.0,0.0,2.0,1.2222222222222223,0.2222222222222222
AAAXMP138200000929922144_OR,6.0,0.0,4.0,2.0,2.0,0.6666666666666666,0.0
AAAXMP138200000930442850_OR,9.0,4.0,5.0,0.0,5.0,1.4444444444444444,0.4444444444444444
AAAXMP138200000931222144_OR,14.0,5.0,9.0,0.0,5.0,1.3571428571428572,0.35714285714285715
AAAXMP138200000931502125_OR,15.0,4.0,11.0,0.0,1.0,1.2666666666666666,0.26666666666666666
AAAXMP138200000931562810_OR,9.0,2.0,7.0,0.0,5.0,1.2222222222222223,0.2222222222222222
AAAXMP138200000931612125_OR,14.0,5.0,9.0,0.0,1.0,1.3571428571428572,0.35714285714285715
AAAXMP138200000932062125_OR,15.0,5.0,10.0,0.0,2.0,1.3333333333333333,0.3333333333333333
AAAXMP138200000932322125_OR,12.0,6.0,6.0,0.0,1.0,1.5,0.5
AAAXMP138200000932552144_OR,12.0,8.0,4.0,0.0,2.0,1.6666666666666667,0.6666666666666666
AAAXMP138200000932562144_OR,9.0,5.0,4.0,0.0,2.0,1.5555555555555556,0.5555555555555556
AAAXMP138200000933112125_OR,8.0,0.0,8.0,0.0,0.0,1.0,0.0
AAAXMP138200000933462144_OR,8.0,0.0,8.0,0.0,6.0,1.0,0.0
AAAXMP138200000934952125_OR,20.0,13.0,7.0,0.0,1.0,1.65,0.65
AAAXMP138200000935112850_OR,11.0,0.0,11.0,0.0,2.0,1.0,0.0
AAAXMP138200000935362144_OR,12.0,6.0,6.0,0.0,9.0,1.5,0.5
AAAXMP138200000935832144_OR,13.0,5.0,8.0,0.0,5.0,1.3846153846153846,0.38461538461538464
AAAXMP138200000935862125_OR,14.0,12.0,2.0,0.0,2.0,1.8571428571428572,0.8571428571428571
AAAXMP138200000936412125_OR,12.0,1.0,11.0,0.0,2.0,1.0833333333333333,0.08333333333333333
AAAXMP138200000936902125_OR,11.0,0.0,11.0,0.0,1.0,1.0,0.0
AAAXMP138200000938452125_OR,15.0,5.0,10.0,0.0,2.0,1.3333333333333333,0.3333333333333333
AAAXMP138200000938592850_OR,11.0,6.0,5.0,0.0,2.0,1.5454545454545454,0.5454545454545454
AAAXMP138200000938612125_OR,14.0,1.0,13.0,0.0,1.0,1.0714285714285714,0.07142857142857142
AAAXMP138200000939842810_OR,8.0,0.0,8.0,0.0,6.0,1.0,0.0
AAAXMP138200000939912144_OR,14.0,1.0,13.0,0.0,7.0,1.0714285714285714,0.07142857142857142
AAAXMP138200000940122125_OR,9.0,0.0,9.0,0.0,0.0,1.0,0.0
AAAXMP138200000940442144_OR,8.0,0.0,7.0,1.0,4.0,0.875,0.0
AAAXMP138200000940452144_OR,9.0,0.0,9.0,0.0,2.0,1.0,0.0
AAAXMP138200000941172810_OR,12.0,2.0,10.0,0.0,4.0,1.1666666666666667,0.16666666666666666
AAAXMP138200000941902125_OR,12.0,3.0,9.0,0.0,1.0,1.25,0.25
AAAXMP138200000942012810_OR,10.0,5.0,5.0,0.0,2.0,1.5,0.5
AAAXMP138200000943542144_OR,13.0,0.0,13.0,0.0,3.0,1.0,0.0
AAAXMP138200000943852125_OR,14.0,10.0,4.0,0.0,1.0,1.7142857142857142,0.7142857142857143
AAAXMP138200000943942125_OR,12.0,6.0,6.0,0.0,0.0,1.5,0.5
AAAXMP138200000944392850_OR,11.0,0.0,11.0,0.0,2.0,1.0,0.0
AAAXMP138200000944452810_OR,9.0,2.0,7.0,0.0,4.0,1.2222222222222223,0.2222222222222222
AAAXMP138200000944762144_OR,11.0,0.0,11.0,0.0,4.0,1.0,0.0
AAAXMP138200000944982144_OR,14.0,0.0,13.0,1.0,0.0,0.9285714285714286,0.0
AAAXMP138200000945202144_OR,10.0,8.0,2.0,0.0,8.0,1.8,0.8
AAAXMP138200000945392125_OR,14.0,10.0,4.0,0.0,1.0,1.7142857142857142,0.7142857142857143
AAAXMP138200000945492144_OR,11.0,8.0,3.0,0.0,2.0,1.7272727272727273,0.7272727272727273
AAAXMP138200000945952125_OR,12.0,4.0,8.0,0.0,1.0,1.3333333333333333,0.3333333333333333
AAAXMP138200000946122125_OR,21.0,4.0,17.0,0.0,1.0,1.1904761904761905,0.19047619047619047
AAAXMP138200000946172810_OR,14.0,1.0,13.0,0.0,1.0,1.0714285714285714,0.07142857142857142
AAAXMP138200000947392850_OR,7.0,1.0,6.0,0.0,4.0,1.1428571428571428,0.14285714285714285
AAAXMP138200000947652125_OR,15.0,9.0,6.0,0.0,2.0,1.6,0.6
AAAXMP138200000948542125_OR,16.0,2.0,14.0,0.0,1.0,1.125,0.125
AAAXMP138200000948552125_OR,16.0,5.0,11.0,0.0,0.0,1.3125,0.3125
AAAXMP138200000949662810_OR,14.0,1.0,13.0,0.0,8.0,1.0714285714285714,0.07142857142857142
AAAXMP138200000949872850_OR,10.0,2.0,8.0,0.0,3.0,1.2,0.2
AAAXMP138200000949912125_OR,11.0,0.0,11.0,0.0,1.0,1.0,0.0
AAAXMP138200000950132125_OR,16.0,8.0,8.0,0.0,0.0,1.5,0.5
AAAXMP138200000950142125_OR,12.0,5.0,7.0,0.0,0.0,1.4166666666666667,0.4166666666666667
AAAXMP138200000950772810_OR,7.0,2.0,5.0,0.0,0.0,1.2857142857142858,0.2857142857142857
AAAXMP138200000950982125_OR,15.0,1.0,14.0,0.0,0.0,1.0666666666666667,0.06666666666666667
AAAXMP138200000951652144_OR,11.0,7.0,4.0,0.0,4.0,1.6363636363636365,0.6363636363636364
AAAXMP138200000951702144_OR,13.0,12.0,1.0,0.0,1.0,1.9230769230769231,0.9230769230769231
AAAXMP138200000951752144_OR,15.0,11.0,4.0,0.0,6.0,1.7333333333333334,0.7333333333333333
AAAXMP138200000951782125_OR,15.0,4.0,11.0,0.0,1.0,1.2666666666666666,0.26666666666666666
AAAXMP138200000951972810_OR,9.0,3.0,6.0,0.0,2.0,1.3333333333333333,0.3333333333333333
AAAXMP138200000952522125_OR,12.0,1.0,11.0,0.0,1.0,1.0833333333333333,0.08333333333333333
AAAXMP138200000952652144_OR,14.0,7.0,7.0,0.0,2.0,1.5,0.5
AAAXMP138200000953012144_OR,10.0,0.0,10.0,0.0,5.0,1.0,0.0
AAAXMP138200000953032144_OR,14.0,11.0,3.0,0.0,2.0,1.7857142857142858,0.7857142857142857
AAAXMP138200000953502144_OR,12.0,0.0,12.0,0.0,4.0,1.0,0.0
AAAXMP138200000953672810_OR,7.0,3.0,4.0,0.0,4.0,1.4285714285714286,0.42857142857142855
AAAXMP138200000953732125_OR,13.0,4.0,9.0,0.0,1.0,1.3076923076923077,0.3076923076923077
AAAXMP138200000954522144_OR,10.0,9.0,1.0,0.0,6.0,1.9,0.9
AAAXMP138200000955162144_OR,12.0,10.0,2.0,0.0,5.0,1.8333333333333333,0.8333333333333334
AAAXMP138200000955202125_OR,13.0,4.0,9.0,0.0,0.0,1.3076923076923077,0.3076923076923077
AAAXMP138200000955632125_OR,6.0,0.0,6.0,0.0,0.0,1.0,0.0
AAAXMP138200000955772144_OR,12.0,8.0,4.0,0.0,1.0,1.6666666666666667,0.6666666666666666
AAAXMP138200000955892125_OR,14.0,1.0,13.0,0.0,0.0,1.0714285714285714,0.07142857142857142
AAAXMP138200000956212125_OR,20.0,6.0,14.0,0.0,2.0,1.3,0.3
AAAXMP138200000956232125_OR,10.0,4.0,6.0,0.0,0.0,1.4,0.4
AAAXMP138200000956272125_OR,9.0,0.0,9.0,0.0,0.0,1.0,0.0
AAAXMP138200000956512125_OR,12.0,0.0,12.0,0.0,1.0,1.0,0.0
AAAXMP138200000956812125_OR,10.0,3.0,7.0,0.0,0.0,1.3,0.3
AAAXMP138200000957352810_OR,7.0,3.0,4.0,0.0,1.0,1.4285714285714286,0.42857142857142855
AAAXMP138200000957462125_OR,12.0,8.0,4.0,0.0,0.0,1.6666666666666667,0.6666666666666666
AAAXMP138200000957752810_OR,11.0,2.0,9.0,0.0,4.0,1.1818181818181819,0.18181818181818182
AAAXMP138200000958132144_OR,13.0,8.0,5.0,0.0,2.0,1.6153846153846154,0.6153846153846154
AAAXMP138200000958452125_OR,12.0,3.0,9.0,0.0,1.0,1.25,0.25
AAAXMP138200000958502125_OR,13.0,4.0,9.0,0.0,2.0,1.3076923076923077,0.3076923076923077
AAAXMP138200000958522125_OR,21.0,11.0,10.0,0.0,2.0,1.5238095238095237,0.5238095238095238
AAAXMP138200000958922125_OR,14.0,7.0,7.0,0.0,1.0,1.5,0.5
AAAXMP138200000958942810_OR,9.0,2.0,7.0,0.0,5.0,1.2222222222222223,0.2222222222222222
AAAXMP138200000959512810_OR,12.0,0.0,10.0,2.0,4.0,0.8333333333333334,0.0
AAAXMP138200000959552850_OR,11.0,1.0,10.0,0.0,5.0,1.0909090909090908,0.09090909090909091
AAAXMP138200000959562810_OR,7.0,0.0,7.0,0.0,4.0,1.0,0.0
AAAXMP138200000959652144_OR,11.0,4.0,7.0,0.0,6.0,1.3636363636363635,0.36363636363636365
AAAXMP138200000959822125_OR,9.0,7.0,2.0,0.0,0.0,1.7777777777777777,0.7777777777777778
AAAXMP138200000959892125_OR,9.0,2.0,7.0,0.0,0.0,1.2222222222222223,0.2222222222222222
AAAXMP138200000959952125_OR,12.0,5.0,7.0,0.0,1.0,1.4166666666666667,0.4166666666666667
AAAXMP138200000960012810_OR,12.0,0.0,12.0,0.0,2.0,1.0,0.0
AAAXMP138200000960472144_OR,11.0,2.0,9.0,0.0,6.0,1.1818181818181819,0.18181818181818182
AAAXMP138200000960482144_OR,11.0,0.0,10.0,1.0,7.0,0.9090909090909091,0.0
AAAXMP138200000960492144_OR,8.0,1.0,7.0,0.0,7.0,1.125,0.125
AAAXMP138200000960562144_OR,18.0,9.0,9.0,0.0,4.0,1.5,0.5
AAAXMP138200000960742144_OR,16.0,8.0,8.0,0.0,2.0,1.5,0.5
AAAXMP138200000960752144_OR,12.0,10.0,2.0,0.0,6.0,1.8333333333333333,0.8333333333333334
AAAXMP138200000960972810_OR,12.0,6.0,6.0,0.0,4.0,1.5,0.5
AAAXMP138200000961072125_OR,17.0,16.0,1.0,0.0,2.0,1.9411764705882353,0.9411764705882353
AAAXMP138200000961732125_OR,12.0,1.0,11.0,0.0,1.0,1.0833333333333333,0.08333333333333333
AAAXMP138200000962002125_OR,14.0,7.0,7.0,0.0,0.0,1.5,0.5
AAAXMP138200000962012125_OR,12.0,2.0,10.0,0.0,0.0,1.1666666666666667,0.16666666666666666
AAAXMP138200000962252850_OR,11.0,0.0,10.0,1.0,5.0,0.9090909090909091,0.0
AAAXMP138200000962402125_OR,17.0,6.0,11.0,0.0,2.0,1.3529411764705883,0.35294117647058826
AAAXMP138200000962522810_OR,10.0,1.0,9.0,0.0,6.0,1.1,0.1
AAAXMP138200000962642144_OR,9.0,1.0,8.0,0.0,4.0,1.1111111111111112,0.1111111111111111
AAAXMP138200000962732144_OR,14.0,0.0,14.0,0.0,3.0,1.0,0.0
AAAXMP138200000962762144_OR,13.0,3.0,10.0,0.0,3.0,1.2307692307692308,0.23076923076923078
AAAXMP138200000962822125_OR,13.0,0.0,13.0,0.0,0.0,1.0,0.0
AAAXMP138200000963112850_OR,11.0,0.0,11.0,0.0,3.0,1.0,0.0
AAAXMP138200000963332810_OR,9.0,0.0,9.0,0.0,4.0,1.0,0.0
AAAXMP138200000964592125_OR,12.0,4.0,8.0,0.0,0.0,1.3333333333333333,0.3333333333333333
AAAXMP138200000964752125_OR,16.0,6.0,10.0,0.0,2.0,1.375,0.375
AAAXMP138200000965362144_OR,12.0,11.0,1.0,0.0,5.0,1.9166666666666667,0.9166666666666666
AAAXMP138200000965752125_OR,14.0,3.0,11.0,0.0,2.0,1.2142857142857142,0.21428571428571427
AAAXMP138200000965772144_OR,13.0,1.0,12.0,0.0,4.0,1.0769230769230769,0.07692307692307693
AAAXMP138200000965852125_OR,12.0,1.0,11.0,0.0,0.0,1.0833333333333333,0.08333333333333333
AAAXMP138200000965972144_OR,12.0,3.0,8.0,1.0,2.0,1.1666666666666667,0.25
AAAXMP138200000966472144_OR,9.0,7.0,2.0,0.0,4.0,1.7777777777777777,0.7777777777777778
AAAXMP138200000966772125_OR,15.0,7.0,8.0,0.0,5.0,1.4666666666666666,0.4666666666666667
AAAXMP138200000967232144_OR,12.0,1.0,11.0,0.0,0.0,1.0833333333333333,0.08333333333333333
AAAXMP138200000967362144_OR,15.0,4.0,11.0,0.0,6.0,1.2666666666666666,0.26666666666666666
AAAXMP138200000967462125_OR,12.0,2.0,10.0,0.0,2.0,1.1666666666666667,0.16666666666666666
AAAXMP138200000967522125_OR,9.0,5.0,4.0,0.0,0.0,1.5555555555555556,0.5555555555555556
AAAXMP138200000968412810_OR,9.0,1.0,8.0,0.0,5.0,1.1111111111111112,0.1111111111111111
AAAXMP138200000968712144_OR,11.0,0.0,11.0,0.0,4.0,1.0,0.0
AAAXMP138200000969022125_OR,12.0,7.0,5.0,0.0,0.0,1.5833333333333333,0.5833333333333334
AAAXMP138200000969062125_OR,12.0,4.0,8.0,0.0,1.0,1.3333333333333333,0.3333333333333333
AAAXMP138200000969222125_OR,15.0,5.0,10.0,0.0,0.0,1.3333333333333333,0.3333333333333333
AAAXMP138200000969532144_OR,14.0,9.0,5.0,0.0,2.0,1.6428571428571428,0.6428571428571429
AAAXMP138200000969742125_OR,11.0,7.0,4.0,0.0,1.0,1.6363636363636365,0.6363636363636364
AAAXMP138200000970792125_OR,12.0,2.0,10.0,0.0,2.0,1.1666666666666667,0.16666666666666666
AAAXMP138200000971542125_OR,9.0,0.0,9.0,0.0,0.0,1.0,0.0
AAAXMP138200000971902125_OR,16.0,7.0,9.0,0.0,3.0,1.4375,0.4375
AAAXMP138200000972242144_OR,12.0,7.0,5.0,0.0,6.0,1.5833333333333333,0.5833333333333334
AAAXMP138200000972482125_OR,14.0,5.0,9.0,0.0,0.0,1.3571428571428572,0.35714285714285715
AAAXMP138200000972572125_OR,14.0,14.0,0.0,0.0,1.0,2.0,1.0
AAAXMP138200000972662144_OR,11.0,10.0,1.0,0.0,5.0,1.9090909090909092,0.9090909090909091
AAAXMP138200000973462144_OR,9.0,7.0,2.0,0.0,4.0,1.7777777777777777,0.7777777777777778
AAAXMP138200000973542144_OR,12.0,0.0,12.0,0.0,6.0,1.0,0.0
AAAXMP138200000974012144_OR,9.0,5.0,4.0,0.0,7.0,1.5555555555555556,0.5555555555555556
AAAXMP138200000974362144_OR,11.0,7.0,4.0,0.0,3.0,1.6363636363636365,0.6363636363636364
AAAXMP138200000974832125_OR,16.0,12.0,4.0,0.0,3.0,1.75,0.75
AAAXMP138200000975032125_OR,9.0,9.0,0.0,0.0,0.0,2.0,1.0
AAAXMP138200000975882125_OR,9.0,6.0,3.0,0.0,0.0,1.6666666666666667,0.6666666666666666
AAAXMP138200000977692125_OR,12.0,3.0,9.0,0.0,3.0,1.25,0.25
AAAXMP138200000978082125_OR,23.0,7.0,15.0,1.0,1.0,1.2608695652173914,0.30434782608695654
AAAXMP138200000978642144_OR,14.0,7.0,7.0,0.0,4.0,1.5,0.5
AAAXMP138200000978792125_OR,16.0,4.0,12.0,0.0,2.0,1.25,0.25
AAAXMP138200000978802125_OR,12.0,6.0,6.0,0.0,2.0,1.5,0.5
AAAXMP138200000979072144_OR,9.0,0.0,9.0,0.0,2.0,1.0,0.0
AAAXMP138200000979972125_OR,15.0,1.0,14.0,0.0,1.0,1.0666666666666667,0.06666666666666667
AAAXMP138200000980552144_OR,15.0,11.0,4.0,0.0,3.0,1.7333333333333334,0.7333333333333333
AAAXMP138200000980572810_OR,9.0,0.0,9.0,0.0,5.0,1.0,0.0
AAAXMP138200000981112125_OR,12.0,9.0,3.0,0.0,0.0,1.75,0.75
AAAXMP138200000981122125_OR,10.0,2.0,8.0,0.0,2.0,1.2,0.2
AAAXMP138200000981422125_OR,21.0,11.0,10.0,0.0,2.0,1.5238095238095237,0.5238095238095238
AAAXMP138200000981492125_OR,14.0,3.0,11.0,0.0,3.0,1.2142857142857142,0.21428571428571427
AAAXMP138200000981522144_OR,12.0,0.0,12.0,0.0,6.0,1.0,0.0
AAAXMP138200000981832810_OR,6.0,0.0,6.0,0.0,1.0,1.0,0.0
AAAXMP138200000981912810_OR,8.0,1.0,7.0,0.0,0.0,1.125,0.125
AAAXMP138200000982292125_OR,12.0,0.0,12.0,0.0,2.0,1.0,0.0
AAAXMP138200000982442850_OR,9.0,4.0,5.0,0.0,5.0,1.4444444444444444,0.4444444444444444
AAAXMP138200000982672125_OR,26.0,4.0,22.0,0.0,2.0,1.1538461538461537,0.15384615384615385
AAAXMP138200000982732850_OR,13.0,4.0,9.0,0.0,3.0,1.3076923076923077,0.3076923076923077
AAAXMP138200000982752850_OR,9.0,5.0,4.0,0.0,4.0,1.5555555555555556,0.5555555555555556
AAAXMP138200000983332850_OR,9.0,0.0,9.0,0.0,5.0,1.0,0.0
AAAXMP138200000983492144_OR,16.0,8.0,8.0,0.0,1.0,1.5,0.5
AAAXMP138200000983902144_OR,11.0,6.0,5.0,0.0,3.0,1.5454545454545454,0.5454545454545454
AAAXMP138200000984122144_OR,17.0,6.0,11.0,0.0,2.0,1.3529411764705883,0.35294117647058826
AAAXMP138200000984152144_OR,10.0,8.0,2.0,0.0,0.0,1.8,0.8
AAAXMP138200000984212125_OR,15.0,4.0,11.0,0.0,4.0,1.2666666666666666,0.26666666666666666
AAAXMP138200000984992144_OR,12.0,5.0,7.0,0.0,4.0,1.4166666666666667,0.4166666666666667
AAAXMP138200000985832144_OR,12.0,0.0,12.0,0.0,6.0,1.0,0.0
AAAXMP138200000986072810_OR,9.0,0.0,9.0,0.0,5.0,1.0,0.0
AAAXMP138200000986212125_OR,16.0,5.0,11.0,0.0,2.0,1.3125,0.3125
AAAXMP138200000986252125_OR,11.0,2.0,9.0,0.0,1.0,1.1818181818181819,0.18181818181818182
AAAXMP138200000986562125_OR,11.0,7.0,4.0,0.0,1.0,1.6363636363636365,0.6363636363636364
AAAXMP138200000986622144_OR,10.0,0.0,10.0,0.0,4.0,1.0,0.0
AAAXMP138200000986762125_OR,13.0,1.0,12.0,0.0,1.0,1.0769230769230769,0.07692307692307693
AAAXMP138200000986792810_OR,10.0,4.0,6.0,0.0,0.0,1.4,0.4
AAAXMP138200000987002850_OR,9.0,3.0,6.0,0.0,4.0,1.3333333333333333,0.3333333333333333
AAAXMP138200000987102144_OR,13.0,4.0,9.0,0.0,2.0,1.3076923076923077,0.3076923076923077
AAAXMP138200000987172810_OR,9.0,0.0,9.0,0.0,3.0,1.0,0.0
AAAXMP138200000987242125_OR,12.0,0.0,12.0,0.0,2.0,1.0,0.0
AAAXMP138200000987282144_OR,13.0,10.0,3.0,0.0,2.0,1.7692307692307692,0.7692307692307693
AAAXMP138200000987472144_OR,11.0,10.0,1.0,0.0,5.0,1.9090909090909092,0.9090909090909091
AAAXMP138200000987502144_OR,12.0,0.0,12.0,0.0,2.0,1.0,0.0
AAAXMP138200000987622125_OR,14.0,5.0,9.0,0.0,0.0,1.3571428571428572,0.35714285714285715
AAAXMP138200000987812125_OR,12.0,5.0,7.0,0.0,2.0,1.4166666666666667,0.4166666666666667
AAAXMP138200000987882125_OR,22.0,11.0,11.0,0.0,3.0,1.5,0.5
AAAXMP138200000988022125_OR,9.0,5.0,4.0,0.0,2.0,1.5555555555555556,0.5555555555555556
AAAXMP138200000988232810_OR,13.0,0.0,13.0,0.0,6.0,1.0,0.0
AAAXMP138200000988242810_OR,13.0,3.0,10.0,0.0,1.0,1.2307692307692308,0.23076923076923078
AAAXMP138200000988252810_OR,12.0,3.0,9.0,0.0,2.0,1.25,0.25
AAAXMP138200000988592144_OR,9.0,1.0,8.0,0.0,1.0,1.1111111111111112,0.1111111111111111
AAAXMP138200000988992850_OR,11.0,6.0,5.0,0.0,4.0,1.5454545454545454,0.5454545454545454
AAAXMP138200000989102125_OR,12.0,7.0,5.0,0.0,2.0,1.5833333333333333,0.5833333333333334
AAAXMP138200000989112144_OR,14.0,5.0,9.0,0.0,3.0,1.3571428571428572,0.35714285714285715
AAAXMP138200000989172144_OR,13.0,5.0,8.0,0.0,1.0,1.3846153846153846,0.38461538461538464
AAAXMP138200000989802125_OR,15.0,6.0,9.0,0.0,1.0,1.4,0.4
AAAXMP138200000990892810_OR,6.0,0.0,6.0,0.0,0.0,1.0,0.0
AAAXMP138200000991092144_OR,9.0,0.0,9.0,0.0,5.0,1.0,0.0
AAAXMP138200000992072125_OR,12.0,3.0,9.0,0.0,1.0,1.25,0.25
AAAXMP138200000992162125_OR,14.0,8.0,6.0,0.0,0.0,1.5714285714285714,0.5714285714285714
AAAXMP138200000992192144_OR,12.0,1.0,11.0,0.0,2.0,1.0833333333333333,0.08333333333333333
AAAXMP138200000993282125_OR,15.0,3.0,12.0,0.0,0.0,1.2,0.2
AAAXMP138200000993592125_OR,12.0,2.0,10.0,0.0,1.0,1.1666666666666667,0.16666666666666666
AAAXMP138200000994642125_OR,12.0,4.0,8.0,0.0,0.0,1.3333333333333333,0.3333333333333333
AAAXMP138200000994782125_OR,11.0,5.0,6.0,0.0,0.0,1.4545454545454546,0.45454545454545453
AAAXMP138200000995232144_OR,10.0,0.0,10.0,0.0,8.0,1.0,0.0
AAAXMP138200000996162125_OR,13.0,2.0,11.0,0.0,1.0,1.1538461538461537,0.15384615384615385
AAAXMP138200000996402125_OR,13.0,8.0,5.0,0.0,2.0,1.6153846153846154,0.6153846153846154
AAAXMP138200000997112144_OR,15.0,1.0,13.0,1.0,6.0,1.0,0.06666666666666667
AAAXMP138200000997452125_OR,15.0,2.0,13.0,0.0,2.0,1.1333333333333333,0.13333333333333333
AAAXMP138200000998012125_OR,14.0,1.0,13.0,0.0,2.0,1.0714285714285714,0.07142857142857142
AAAXMP138200000998072810_OR,8.0,3.0,5.0,0.0,4.0,1.375,0.375
AAAXMP138200000999992125_OR,12.0,2.0,10.0,0.0,1.0,1.1666666666666667,0.16666666666666666
AAAXMP138200001000532125_OR,12.0,0.0,12.0,0.0,0.0,1.0,0.0
AAAXMP138200001000702125_OR,16.0,0.0,16.0,0.0,0.0,1.0,0.0
AAAXMP138200001001332125_OR,13.0,3.0,10.0,0.0,1.0,1.2307692307692308,0.23076923076923078
AAAXMP138200001001442125_OR,18.0,0.0,16.0,2.0,0.0,0.8888888888888888,0.0
AAAXMP138200001001722144_OR,8.0,0.0,7.0,1.0,0.0,0.875,0.0
AAAXMP138200001002152125_OR,9.0,2.0,7.0,0.0,1.0,1.2222222222222223,0.2222222222222222
AAAXMP138200001003002144_OR,13.0,1.0,11.0,1.0,6.0,1.0,0.07692307692307693
AAAXMP138200001005572125_OR,12.0,5.0,7.0,0.0,1.0,1.4166666666666667,0.4166666666666667
AAAXMP138200001005582144_OR,11.0,0.0,9.0,2.0,2.0,0.8181818181818182,0.0
AAAXMP138200001005902810_OR,12.0,11.0,1.0,0.0,0.0,1.9166666666666667,0.9166666666666666
AAAXMP138200001006842850_OR,9.0,1.0,8.0,0.0,3.0,1.1111111111111112,0.1111111111111111
AAAXMP138200001007022125_OR,10.0,2.0,8.0,0.0,1.0,1.2,0.2
AAAXMP138200001008532125_OR,12.0,6.0,6.0,0.0,1.0,1.5,0.5
AAAXMP138200001008822125_OR,7.0,2.0,5.0,0.0,1.0,1.2857142857142858,0.2857142857142857
AAAXMP138200001009752125_OR,13.0,4.0,9.0,0.0,1.0,1.3076923076923077,0.3076923076923077
AAAXMP138200001011802810_OR,12.0,3.0,9.0,0.0,4.0,1.25,0.25
AAAXMP138200001011982144_OR,9.0,3.0,6.0,0.0,5.0,1.3333333333333333,0.3333333333333333
AAAXMP138200001012252144_OR,11.0,0.0,11.0,0.0,6.0,1.0,0.0
AAAXMP138200001012272125_OR,11.0,6.0,5.0,0.0,2.0,1.5454545454545454,0.5454545454545454
AAAXMP138200001012562125_OR,17.0,7.0,10.0,0.0,1.0,1.411764705882353,0.4117647058823529
AAAXMP138200001013752810_OR,10.0,6.0,4.0,0.0,5.0,1.6,0.6
AAAXMP138200001013862850_OR,11.0,1.0,10.0,0.0,7.0,1.0909090909090908,0.09090909090909091
AAAXMP138200001013952810_OR,7.0,0.0,7.0,0.0,4.0,1.0,0.0
AAAXMP138200001014062125_OR,13.0,0.0,13.0,0.0,0.0,1.0,0.0
AAAXMP138200001014072125_OR,13.0,4.0,9.0,0.0,3.0,1.3076923076923077,0.3076923076923077
AAAXMP138200001014802850_OR,12.0,1.0,11.0,0.0,5.0,1.0833333333333333,0.08333333333333333
AAAXMP138200001015592125_OR,13.0,7.0,6.0,0.0,2.0,1.5384615384615385,0.5384615384615384
AAAXMP138200001016532125_OR,11.0,0.0,11.0,0.0,1.0,1.0,0.0
AAAXMP138200001017842850_OR,11.0,0.0,11.0,0.0,5.0,1.0,0.0
AAAXMP138200001017892810_OR,9.0,1.0,8.0,0.0,0.0,1.1111111111111112,0.1111111111111111
AAAXMP138200001017952125_OR,13.0,1.0,12.0,0.0,1.0,1.0769230769230769,0.07692307692307693
AAAXMP138200001018152144_OR,9.0,6.0,3.0,0.0,0.0,1.6666666666666667,0.6666666666666666
AAAXMP138200001018292144_OR,11.0,0.0,11.0,0.0,2.0,1.0,0.0
AAAXMP138200001018352144_OR,9.0,3.0,6.0,0.0,2.0,1.3333333333333333,0.3333333333333333
AAAXMP138200001018702125_OR,15.0,4.0,11.0,0.0,1.0,1.2666666666666666,0.26666666666666666
AAAXMP138200001018752125_OR,12.0,11.0,1.0,0.0,1.0,1.9166666666666667,0.9166666666666666
AAAXMP138200001018882125_OR,13.0,0.0,13.0,0.0,2.0,1.0,0.0
AAAXMP138200001018972810_OR,9.0,4.0,5.0,0.0,7.0,1.4444444444444444,0.4444444444444444
AAAXMP138200001019242144_OR,9.0,0.0,9.0,0.0,2.0,1.0,0.0
AAAXMP138200001019272850_OR,8.0,3.0,5.0,0.0,3.0,1.375,0.375
AAAXMP138200001019692125_OR,16.0,0.0,14.0,2.0,0.0,0.875,0.0
AAAXMP138200001019812810_OR,9.0,1.0,8.0,0.0,5.0,1.1111111111111112,0.1111111111111111
AAAXMP138200001019852810_OR,12.0,0.0,12.0,0.0,1.0,1.0,0.0
AAAXMP138200001020002810_OR,12.0,7.0,5.0,0.0,5.0,1.5833333333333333,0.5833333333333334
AAAXMP138200001020102850_OR,9.0,1.0,8.0,0.0,4.0,1.1111111111111112,0.1111111111111111
AAAXMP138200001020722125_OR,14.0,10.0,4.0,0.0,0.0,1.7142857142857142,0.7142857142857143
AAAXMP138200001020832125_OR,16.0,1.0,15.0,0.0,0.0,1.0625,0.0625
AAAXMP138200001020842144_OR,13.0,1.0,12.0,0.0,2.0,1.0769230769230769,0.07692307692307693
AAAXMP138200001021182144_OR,8.0,0.0,8.0,0.0,5.0,1.0,0.0
AAAXMP138200001022632850_OR,9.0,0.0,8.0,1.0,3.0,0.8888888888888888,0.0
AAAXMP138200001022812125_OR,17.0,6.0,11.0,0.0,1.0,1.3529411764705883,0.35294117647058826
AAAXMP138200001022862125_OR,16.0,6.0,10.0,0.0,0.0,1.375,0.375
AAAXMP138200001023312850_OR,14.0,0.0,13.0,1.0,2.0,0.9285714285714286,0.0
AAAXMP138200001023362125_OR,9.0,0.0,7.0,2.0,0.0,0.7777777777777778,0.0
AAAXMP138200001023802850_OR,10.0,0.0,9.0,1.0,4.0,0.9,0.0
AAAXMP138200001023842810_OR,10.0,4.0,6.0,0.0,4.0,1.4,0.4
AAAXMP138200001023872850_OR,12.0,0.0,12.0,0.0,5.0,1.0,0.0
AAAXMP138200001023962810_OR,9.0,5.0,4.0,0.0,0.0,1.5555555555555556,0.5555555555555556
AAAXMP138200001024082125_OR,12.0,3.0,9.0,0.0,1.0,1.25,0.25
AAAXMP138200001024102810_OR,9.0,7.0,2.0,0.0,5.0,1.7777777777777777,0.7777777777777778
AAAXMP138200001024262125_OR,14.0,2.0,12.0,0.0,1.0,1.1428571428571428,0.14285714285714285
AAAXMP138200001024822144_OR,10.0,0.0,7.0,3.0,0.0,0.7,0.0
AAAXMP138200001025112144_OR,16.0,9.0,7.0,0.0,6.0,1.5625,0.5625
AAAXMP138200001025152810_OR,10.0,3.0,7.0,0.0,0.0,1.3,0.3
AAAXMP138200001025672144_OR,11.0,8.0,2.0,1.0,2.0,1.6363636363636365,0.7272727272727273
AAAXMP138200001025682125_OR,14.0,8.0,6.0,0.0,2.0,1.5714285714285714,0.5714285714285714
AAAXMP138200001025722125_OR,14.0,8.0,6.0,0.0,1.0,1.5714285714285714,0.5714285714285714
AAAXMP138200001025782850_OR,9.0,2.0,7.0,0.0,0.0,1.2222222222222223,0.2222222222222222
AAAXMP138200001025922810_OR,11.0,0.0,11.0,0.0,3.0,1.0,0.0
AAAXMP138200001026662144_OR,9.0,6.0,3.0,0.0,2.0,1.6666666666666667,0.6666666666666666
AAAXMP138200001027362850_OR,11.0,7.0,4.0,0.0,6.0,1.6363636363636365,0.6363636363636364
AAAXMP138200001027752810_OR,6.0,1.0,5.0,0.0,5.0,1.1666666666666667,0.16666666666666666
AAAXMP138200001027942810_OR,12.0,4.0,8.0,0.0,5.0,1.3333333333333333,0.3333333333333333
AAAXMP138200001028022810_OR,10.0,0.0,7.0,3.0,1.0,0.7,0.0
AAAXMP138200001028782810_OR,6.0,0.0,6.0,0.0,1.0,1.0,0.0
AAAXMP138200001028802810_OR,9.0,4.0,5.0,0.0,5.0,1.4444444444444444,0.4444444444444444
AAAXMP138200001028992125_OR,15.0,0.0,15.0,0.0,1.0,1.0,0.0
AAAXMP138200001029252125_OR,12.0,5.0,7.0,0.0,2.0,1.4166666666666667,0.4166666666666667
AAAXMP138200001029592144_OR,9.0,5.0,4.0,0.0,3.0,1.5555555555555556,0.5555555555555556
AAAXMP138200001029702810_OR,14.0,0.0,14.0,0.0,2.0,1.0,0.0
AAAXMP138200001029732125_OR,9.0,1.0,8.0,0.0,1.0,1.1111111111111112,0.1111111111111111
AAAXMP138200001029832144_OR,10.0,1.0,9.0,0.0,3.0,1.1,0.1
AAAXMP138200001030252850_OR,12.0,3.0,9.0,0.0,2.0,1.25,0.25
AAAXMP138200001030432125_OR,14.0,5.0,9.0,0.0,0.0,1.3571428571428572,0.35714285714285715
AAAXMP138200001030442125_OR,12.0,4.0,8.0,0.0,1.0,1.3333333333333333,0.3333333333333333
AAAXMP138200001030522125_OR,12.0,3.0,9.0,0.0,2.0,1.25,0.25
AAAXMP138200001030532810_OR,7.0,0.0,7.0,0.0,3.0,1.0,0.0
AAAXMP138200001030812125_OR,12.0,0.0,11.0,1.0,2.0,0.9166666666666666,0.0
AAAXMP138200001030982125_OR,9.0,1.0,8.0,0.0,0.0,1.1111111111111112,0.1111111111111111
AAAXMP138200001031052144_OR,12.0,0.0,12.0,0.0,2.0,1.0,0.0
AAAXMP138200001031062125_OR,14.0,0.0,14.0,0.0,1.0,1.0,0.0
AAAXMP138200001031112810_OR,9.0,2.0,7.0,0.0,5.0,1.2222222222222223,0.2222222222222222
AAAXMP138200001031122810_OR,10.0,0.0,10.0,0.0,5.0,1.0,0.0
AAAXMP138200001031242144_OR,9.0,8.0,1.0,0.0,5.0,1.8888888888888888,0.8888888888888888
AAAXMP138200001031292850_OR,9.0,1.0,8.0,0.0,5.0,1.1111111111111112,0.1111111111111111
AAAXMP138200001031472850_OR,14.0,13.0,1.0,0.0,3.0,1.9285714285714286,0.9285714285714286
AAAXMP138200001031482850_OR,12.0,7.0,5.0,0.0,6.0,1.5833333333333333,0.5833333333333334
AAAXMP138200001031832144_OR,12.0,1.0,11.0,0.0,2.0,1.0833333333333333,0.08333333333333333
AAAXMP138200001032072810_OR,8.0,0.0,8.0,0.0,2.0,1.0,0.0
AAAXMP138200001032112125_OR,14.0,3.0,11.0,0.0,0.0,1.2142857142857142,0.21428571428571427
AAAXMP138200001032242850_OR,9.0,0.0,9.0,0.0,6.0,1.0,0.0
AAAXMP138200001032292810_OR,9.0,8.0,1.0,0.0,6.0,1.8888888888888888,0.8888888888888888
AAAXMP138200001032422810_OR,6.0,1.0,5.0,0.0,3.0,1.1666666666666667,0.16666666666666666
AAAXMP138200001032432810_OR,11.0,0.0,11.0,0.0,5.0,1.0,0.0
AAAXMP138200001032702125_OR,10.0,2.0,8.0,0.0,1.0,1.2,0.2
AAAXMP138200001032722810_OR,12.0,2.0,10.0,0.0,6.0,1.1666666666666667,0.16666666666666666
AAAXMP138200001032732810_OR,13.0,3.0,10.0,0.0,9.0,1.2307692307692308,0.23076923076923078
AAAXMP138200001032802810_OR,9.0,7.0,2.0,0.0,3.0,1.7777777777777777,0.7777777777777778
AAAXMP138200001033422125_OR,12.0,4.0,8.0,0.0,2.0,1.3333333333333333,0.3333333333333333
AAAXMP138200001033712850_OR,12.0,0.0,12.0,0.0,5.0,1.0,0.0
AAAXMP138200001033732850_OR,9.0,2.0,7.0,0.0,4.0,1.2222222222222223,0.2222222222222222
AAAXMP138200001033822850_OR,8.0,1.0,7.0,0.0,3.0,1.125,0.125
AAAXMP138200001033832810_OR,7.0,0.0,7.0,0.0,4.0,1.0,0.0
AAAXMP138200001033992125_OR,12.0,3.0,9.0,0.0,0.0,1.25,0.25
AAAXMP138200001034552125_OR,16.0,9.0,7.0,0.0,0.0,1.5625,0.5625
AAAXMP138200001034582810_OR,10.0,5.0,5.0,0.0,6.0,1.5,0.5
AAAXMP138200001035192850_OR,7.0,0.0,7.0,0.0,5.0,1.0,0.0
AAAXMP138200001035232125_OR,11.0,1.0,10.0,0.0,0.0,1.0909090909090908,0.09090909090909091
AAAXMP138200001035262810_OR,11.0,1.0,10.0,0.0,5.0,1.0909090909090908,0.09090909090909091
AAAXMP138200001035382125_OR,6.0,0.0,5.0,1.0,1.0,0.8333333333333334,0.0
AAAXMP138200001035822810_OR,9.0,3.0,6.0,0.0,4.0,1.3333333333333333,0.3333333333333333
AAAXMP138200001036932850_OR,7.0,0.0,7.0,0.0,5.0,1.0,0.0
AAAXMP138200001036952810_OR,12.0,6.0,6.0,0.0,4.0,1.5,0.5
AAAXMP138200001036982850_OR,12.0,0.0,12.0,0.0,7.0,1.0,0.0
AAAXMP138200001037192125_OR,13.0,1.0,12.0,0.0,0.0,1.0769230769230769,0.07692307692307693
AAAXMP138200001037222810_OR,12.0,0.0,12.0,0.0,5.0,1.0,0.0
AAAXMP138200001037232125_OR,15.0,2.0,13.0,0.0,1.0,1.1333333333333333,0.13333333333333333
AAAXMP138200001037822125_OR,12.0,3.0,9.0,0.0,1.0,1.25,0.25
AAAXMP138200001038072144_OR,15.0,0.0,15.0,0.0,4.0,1.0,0.0
AAAXMP138200001038412810_OR,9.0,5.0,4.0,0.0,4.0,1.5555555555555556,0.5555555555555556
AAAXMP138200001038422125_OR,12.0,3.0,9.0,0.0,0.0,1.25,0.25
AAAXMP138200001038442125_OR,11.0,0.0,11.0,0.0,0.0,1.0,0.0
AAAXMP138200001038572850_OR,9.0,0.0,9.0,0.0,4.0,1.0,0.0
AAAXMP138200001038772144_OR,12.0,3.0,9.0,0.0,3.0,1.25,0.25
AAAXMP138200001038782125_OR,12.0,0.0,12.0,0.0,1.0,1.0,0.0
AAAXMP138200001039052850_OR,14.0,1.0,13.0,0.0,2.0,1.0714285714285714,0.07142857142857142
AAAXMP138200001039092125_OR,11.0,2.0,9.0,0.0,0.0,1.1818181818181819,0.18181818181818182
AAAXMP138200001040232144_OR,11.0,0.0,11.0,0.0,4.0,1.0,0.0
AAAXMP138200001040342810_OR,11.0,0.0,11.0,0.0,4.0,1.0,0.0
AAAXMP138200001040412810_OR,9.0,0.0,9.0,0.0,4.0,1.0,0.0
AAAXMP138200001040432810_OR,9.0,4.0,5.0,0.0,4.0,1.4444444444444444,0.4444444444444444
AAAXMP138200001041062850_OR,9.0,0.0,9.0,0.0,5.0,1.0,0.0
AAAXMP138200001041412125_OR,10.0,0.0,10.0,0.0,0.0,1.0,0.0
AAAXMP138200001041642850_OR,9.0,4.0,5.0,0.0,3.0,1.4444444444444444,0.4444444444444444
AAAXMP138200001041652144_OR,12.0,10.0,2.0,0.0,1.0,1.8333333333333333,0.8333333333333334
AAAXMP138200001041812125_OR,9.0,1.0,8.0,0.0,0.0,1.1111111111111112,0.1111111111111111
AAAXMP138200001042272810_OR,12.0,2.0,10.0,0.0,3.0,1.1666666666666667,0.16666666666666666
AAAXMP138200001042302810_OR,9.0,0.0,9.0,0.0,1.0,1.0,0.0
AAAXMP138200001042582810_OR,12.0,3.0,9.0,0.0,5.0,1.25,0.25
AAAXMP138200001042592850_OR,9.0,4.0,5.0,0.0,6.0,1.4444444444444444,0.4444444444444444
AAAXMP138200001042792125_OR,16.0,4.0,12.0,0.0,1.0,1.25,0.25
AAAXMP138200001043352850_OR,12.0,0.0,12.0,0.0,2.0,1.0,0.0
AAAXMP138200001043772125_OR,9.0,0.0,9.0,0.0,0.0,1.0,0.0
AAAXMP138200001043892125_OR,12.0,9.0,3.0,0.0,2.0,1.75,0.75
AAAXMP138200001045052144_OR,18.0,3.0,15.0,0.0,5.0,1.1666666666666667,0.16666666666666666
AAAXMP138200001045172125_OR,12.0,5.0,7.0,0.0,1.0,1.4166666666666667,0.4166666666666667
AAAXMP138200001045182144_OR,18.0,4.0,14.0,0.0,3.0,1.2222222222222223,0.2222222222222222
AAAXMP138200001045682125_OR,9.0,3.0,6.0,0.0,1.0,1.3333333333333333,0.3333333333333333
AAAXMP138200001046042850_OR,11.0,1.0,10.0,0.0,5.0,1.0909090909090908,0.09090909090909091
AAAXMP138200001046522810_OR,8.0,0.0,8.0,0.0,4.0,1.0,0.0
AAAXMP138200001046712125_OR,14.0,4.0,10.0,0.0,0.0,1.2857142857142858,0.2857142857142857
AAAXMP138200001046962125_OR,10.0,8.0,2.0,0.0,0.0,1.8,0.8
AAAXMP138200001047092144_OR,9.0,0.0,8.0,1.0,2.0,0.8888888888888888,0.0
AAAXMP138200001047482125_OR,14.0,3.0,11.0,0.0,0.0,1.2142857142857142,0.21428571428571427
AAAXMP138200001047612810_OR,11.0,0.0,11.0,0.0,6.0,1.0,0.0
AAAXMP138200001047642810_OR,9.0,4.0,5.0,0.0,5.0,1.4444444444444444,0.4444444444444444
AAAXMP138200001047682810_OR,9.0,5.0,4.0,0.0,6.0,1.5555555555555556,0.5555555555555556
AAAXMP138200001047692810_OR,9.0,0.0,9.0,0.0,6.0,1.0,0.0
AAAXMP138200001047732850_OR,12.0,9.0,3.0,0.0,6.0,1.75,0.75
AAAXMP138200001047742850_OR,7.0,0.0,3.0,4.0,0.0,0.42857142857142855,0.0
AAAXMP138200001047772810_OR,11.0,2.0,8.0,1.0,2.0,1.0909090909090908,0.18181818181818182
AAAXMP138200001048322144_OR,9.0,0.0,9.0,0.0,4.0,1.0,0.0
AAAXMP138200001049732144_OR,9.0,0.0,9.0,0.0,2.0,1.0,0.0
AAAXMP138200001049972810_OR,7.0,0.0,7.0,0.0,5.0,1.0,0.0
AAAXMP138200001049992850_OR,9.0,2.0,7.0,0.0,3.0,1.2222222222222223,0.2222222222222222
AAAXMP138200001050052125_OR,14.0,7.0,7.0,0.0,0.0,1.5,0.5
AAAXMP138200001050252810_OR,12.0,1.0,11.0,0.0,1.0,1.0833333333333333,0.08333333333333333
AAAXMP138200001050382125_OR,14.0,0.0,14.0,0.0,0.0,1.0,0.0
AAAXMP138200001050482810_OR,9.0,2.0,7.0,0.0,6.0,1.2222222222222223,0.2222222222222222
AAAXMP138200001051012144_OR,12.0,1.0,11.0,0.0,3.0,1.0833333333333333,0.08333333333333333
AAAXMP138200001051562125_OR,13.0,13.0,0.0,0.0,2.0,2.0,1.0
AAAXMP138200001051762144_OR,11.0,3.0,8.0,0.0,3.0,1.2727272727272727,0.2727272727272727
AAAXMP138200001051812850_OR,8.0,0.0,8.0,0.0,3.0,1.0,0.0
AAAXMP138200001052272144_OR,11.0,4.0,7.0,0.0,4.0,1.3636363636363635,0.36363636363636365
AAAXMP138200001052372125_OR,11.0,0.0,11.0,0.0,0.0,1.0,0.0
AAAXMP138200001052502850_OR,7.0,3.0,4.0,0.0,1.0,1.4285714285714286,0.42857142857142855
AAAXMP138200001052802125_OR,12.0,6.0,6.0,0.0,0.0,1.5,0.5
AAAXMP138200001053092144_OR,14.0,1.0,13.0,0.0,1.0,1.0714285714285714,0.07142857142857142
AAAXMP138200001053312144_OR,10.0,1.0,9.0,0.0,5.0,1.1,0.1
AAAXMP138200001053752810_OR,7.0,1.0,6.0,0.0,4.0,1.1428571428571428,0.14285714285714285
AAAXMP138200001054152850_OR,11.0,0.0,11.0,0.0,1.0,1.0,0.0
AAAXMP138200001054162850_OR,10.0,0.0,10.0,0.0,3.0,1.0,0.0
AAAXMP138200001054472810_OR,7.0,2.0,5.0,0.0,2.0,1.2857142857142858,0.2857142857142857
AAAXMP138200001054502810_OR,10.0,0.0,10.0,0.0,5.0,1.0,0.0
AAAXMP138200001054762810_OR,9.0,0.0,9.0,0.0,5.0,1.0,0.0
AAAXMP138200001054922144_OR,12.0,5.0,7.0,0.0,5.0,1.4166666666666667,0.4166666666666667
AAAXMP138200001054982125_OR,12.0,0.0,12.0,0.0,1.0,1.0,0.0
AAAXMP138200001055022144_OR,9.0,3.0,6.0,0.0,3.0,1.3333333333333333,0.3333333333333333
AAAXMP138200001055032810_OR,9.0,5.0,4.0,0.0,6.0,1.5555555555555556,0.5555555555555556
AAAXMP138200001055862144_OR,9.0,1.0,8.0,0.0,3.0,1.1111111111111112,0.1111111111111111
AAAXMP138200001056502810_OR,8.0,0.0,8.0,0.0,4.0,1.0,0.0
AAAXMP138200001056702810_OR,10.0,5.0,5.0,0.0,5.0,1.5,0.5
AAAXMP138200001057142850_OR,8.0,4.0,4.0,0.0,4.0,1.5,0.5
AAAXMP138200001057152850_OR,18.0,0.0,18.0,0.0,1.0,1.0,0.0
AAAXMP138200001057162850_OR,7.0,0.0,7.0,0.0,5.0,1.0,0.0
AAAXMP138200001057242144_OR,11.0,7.0,4.0,0.0,4.0,1.6363636363636365,0.6363636363636364
AAAXMP138200001057472144_OR,11.0,11.0,0.0,0.0,5.0,2.0,1.0
AAAXMP138200001057612125_OR,17.0,7.0,10.0,0.0,2.0,1.411764705882353,0.4117647058823529
AAAXMP138200001057712125_OR,18.0,2.0,16.0,0.0,2.0,1.1111111111111112,0.1111111111111111
AAAXMP138200001057772810_OR,12.0,2.0,10.0,0.0,3.0,1.1666666666666667,0.16666666666666666
AAAXMP138200001057792850_OR,10.0,0.0,10.0,0.0,8.0,1.0,0.0
AAAXMP138200001057982125_OR,10.0,3.0,7.0,0.0,1.0,1.3,0.3
AAAXMP138200001058272125_OR,12.0,3.0,9.0,0.0,2.0,1.25,0.25
AAAXMP138200001058282125_OR,16.0,4.0,12.0,0.0,2.0,1.25,0.25
AAAXMP138200001058482125_OR,13.0,0.0,12.0,1.0,3.0,0.9230769230769231,0.0
AAAXMP138200001058972810_OR,12.0,3.0,9.0,0.0,2.0,1.25,0.25
AAAXMP138200001058992850_OR,9.0,0.0,9.0,0.0,0.0,1.0,0.0
AAAXMP138200001059072144_OR,11.0,1.0,10.0,0.0,0.0,1.0909090909090908,0.09090909090909091
AAAXMP138200001059222850_OR,10.0,5.0,5.0,0.0,5.0,1.5,0.5
AAAXMP138200001059232810_OR,9.0,3.0,6.0,0.0,0.0,1.3333333333333333,0.3333333333333333
AAAXMP138200001059362850_OR,13.0,4.0,9.0,0.0,6.0,1.3076923076923077,0.3076923076923077
AAAXMP138200001059722144_OR,17.0,11.0,6.0,0.0,1.0,1.6470588235294117,0.6470588235294118
AAAXMP138200001060132125_OR,11.0,2.0,9.0,0.0,0.0,1.1818181818181819,0.18181818181818182
AAAXMP138200001061002125_OR,17.0,5.0,12.0,0.0,2.0,1.2941176470588236,0.29411764705882354
AAAXMP138200001061052810_OR,11.0,5.0,6.0,0.0,7.0,1.4545454545454546,0.45454545454545453
AAAXMP138200001061182810_OR,9.0,2.0,7.0,0.0,6.0,1.2222222222222223,0.2222222222222222
AAAXMP138200001061202850_OR,7.0,0.0,7.0,0.0,2.0,1.0,0.0
AAAXMP138200001061252144_OR,14.0,1.0,13.0,0.0,3.0,1.0714285714285714,0.07142857142857142
AAAXMP138200001061272850_OR,12.0,3.0,9.0,0.0,1.0,1.25,0.25
AAAXMP138200001061292850_OR,9.0,0.0,9.0,0.0,4.0,1.0,0.0
AAAXMP138200001061332144_OR,12.0,8.0,4.0,0.0,2.0,1.6666666666666667,0.6666666666666666
AAAXMP138200001061692144_OR,9.0,7.0,2.0,0.0,6.0,1.7777777777777777,0.7777777777777778
AAAXMP138200001061922125_OR,18.0,4.0,14.0,0.0,1.0,1.2222222222222223,0.2222222222222222
AAAXMP138200001062122810_OR,8.0,3.0,5.0,0.0,4.0,1.375,0.375
AAAXMP138200001062232850_OR,9.0,6.0,3.0,0.0,5.0,1.6666666666666667,0.6666666666666666
AAAXMP138200001062462125_OR,14.0,0.0,14.0,0.0,1.0,1.0,0.0
AAAXMP138200001062472125_OR,15.0,7.0,8.0,0.0,2.0,1.4666666666666666,0.4666666666666667
AAAXMP138200001062832850_OR,12.0,10.0,2.0,0.0,4.0,1.8333333333333333,0.8333333333333334
AAAXMP138200001062842850_OR,12.0,1.0,11.0,0.0,2.0,1.0833333333333333,0.08333333333333333
AAAXMP138200001063182850_OR,10.0,4.0,6.0,0.0,6.0,1.4,0.4
AAAXMP138200001063472810_OR,9.0,0.0,9.0,0.0,1.0,1.0,0.0
AAAXMP138200001063632850_OR,8.0,0.0,8.0,0.0,0.0,1.0,0.0
AAAXMP138200001064172850_OR,9.0,1.0,8.0,0.0,5.0,1.1111111111111112,0.1111111111111111
AAAXMP138200001064182850_OR,11.0,0.0,11.0,0.0,5.0,1.0,0.0
AAAXMP138200001064232810_OR,13.0,0.0,13.0,0.0,2.0,1.0,0.0
AAAXMP138200001064262125_OR,16.0,4.0,12.0,0.0,1.0,1.25,0.25
AAAXMP138200001064912125_OR,18.0,0.0,18.0,0.0,0.0,1.0,0.0
AAAXMP138200001065192850_OR,9.0,0.0,9.0,0.0,6.0,1.0,0.0
AAAXMP138200001065202850_OR,8.0,2.0,6.0,0.0,4.0,1.25,0.25
AAAXMP138200001065212810_OR,9.0,8.0,1.0,0.0,7.0,1.8888888888888888,0.8888888888888888
AAAXMP138200001065482850_OR,9.0,1.0,8.0,0.0,4.0,1.1111111111111112,0.1111111111111111
AAAXMP138200001065512810_OR,12.0,6.0,6.0,0.0,5.0,1.5,0.5
AAAXMP138200001065632125_OR,6.0,0.0,6.0,0.0,3.0,1.0,0.0
AAAXMP138200001066112125_OR,14.0,3.0,11.0,0.0,3.0,1.2142857142857142,0.21428571428571427
AAAXMP138200001066522850_OR,9.0,0.0,9.0,0.0,3.0,1.0,0.0
AAAXMP138200001066962144_OR,15.0,13.0,2.0,0.0,5.0,1.8666666666666667,0.8666666666666667
AAAXMP138200001067042810_OR,12.0,1.0,9.0,2.0,2.0,0.9166666666666666,0.08333333333333333
AAAXMP138200001067092144_OR,10.0,1.0,9.0,0.0,2.0,1.1,0.1
AAAXMP138200001067472850_OR,9.0,1.0,8.0,0.0,4.0,1.1111111111111112,0.1111111111111111
AAAXMP138200001067632144_OR,12.0,6.0,6.0,0.0,4.0,1.5,0.5
AAAXMP138200001068332810_OR,9.0,0.0,9.0,0.0,5.0,1.0,0.0
AAAXMP138200001068382125_OR,10.0,3.0,7.0,0.0,1.0,1.3,0.3
AAAXMP138200001068482125_OR,21.0,5.0,16.0,0.0,1.0,1.2380952380952381,0.23809523809523808
AAAXMP138200001068932850_OR,7.0,4.0,3.0,0.0,4.0,1.5714285714285714,0.5714285714285714
AAAXMP138200001069172144_OR,14.0,9.0,5.0,0.0,2.0,1.6428571428571428,0.6428571428571429
AAAXMP138200001069422810_OR,11.0,2.0,9.0,0.0,7.0,1.1818181818181819,0.18181818181818182
AAAXMP138200001069512810_OR,9.0,4.0,5.0,0.0,1.0,1.4444444444444444,0.4444444444444444
AAAXMP138200001069602144_OR,12.0,6.0,6.0,0.0,5.0,1.5,0.5
AAAXMP138200001069622810_OR,9.0,0.0,7.0,2.0,1.0,0.7777777777777778,0.0
AAAXMP138200001070222810_OR,8.0,0.0,8.0,0.0,1.0,1.0,0.0
AAAXMP138200001070272810_OR,10.0,4.0,6.0,0.0,5.0,1.4,0.4
AAAXMP138200001070832810_OR,8.0,0.0,8.0,0.0,1.0,1.0,0.0
AAAXMP138200001070882125_OR,12.0,4.0,8.0,0.0,1.0,1.3333333333333333,0.3333333333333333
AAAXMP138200001070972125_OR,20.0,4.0,16.0,0.0,0.0,1.2,0.2
AAAXMP138200001071422850_OR,9.0,3.0,6.0,0.0,7.0,1.3333333333333333,0.3333333333333333
AAAXMP138200001071442850_OR,9.0,0.0,9.0,0.0,5.0,1.0,0.0
AAAXMP138200001071532144_OR,11.0,6.0,5.0,0.0,4.0,1.5454545454545454,0.5454545454545454
AAAXMP138200001071812125_OR,12.0,3.0,9.0,0.0,2.0,1.25,0.25
AAAXMP138200001072132125_OR,11.0,3.0,8.0,0.0,0.0,1.2727272727272727,0.2727272727272727
AAAXMP138200001072632125_OR,15.0,7.0,8.0,0.0,1.0,1.4666666666666666,0.4666666666666667
AAAXMP138200001072662810_OR,11.0,3.0,8.0,0.0,1.0,1.2727272727272727,0.2727272727272727
AAAXMP138200001073162125_OR,10.0,1.0,9.0,0.0,0.0,1.1,0.1
AAAXMP138200001073172810_OR,11.0,5.0,6.0,0.0,5.0,1.4545454545454546,0.45454545454545453
AAAXMP138200001073382810_OR,9.0,1.0,8.0,0.0,6.0,1.1111111111111112,0.1111111111111111
AAAXMP138200001073832810_OR,7.0,1.0,6.0,0.0,1.0,1.1428571428571428,0.14285714285714285
AAAXMP138200001074312810_OR,9.0,2.0,7.0,0.0,5.0,1.2222222222222223,0.2222222222222222
AAAXMP138200001074502125_OR,14.0,4.0,10.0,0.0,1.0,1.2857142857142858,0.2857142857142857
AAAXMP138200001074942810_OR,9.0,0.0,9.0,0.0,6.0,1.0,0.0
AAAXMP138200001075142125_OR,19.0,19.0,0.0,0.0,1.0,2.0,1.0
AAAXMP138200001075162125_OR,16.0,8.0,7.0,1.0,2.0,1.4375,0.5
AAAXMP138200001075182850_OR,12.0,0.0,11.0,1.0,1.0,0.9166666666666666,0.0
AAAXMP138200001075782810_OR,8.0,1.0,7.0,0.0,6.0,1.125,0.125
AAAXMP138200001076032125_OR,11.0,0.0,11.0,0.0,0.0,1.0,0.0
AAAXMP138200001076592850_OR,9.0,0.0,9.0,0.0,1.0,1.0,0.0
AAAXMP138200001076772125_OR,12.0,0.0,12.0,0.0,0.0,1.0,0.0
AAAXMP138200001077722810_OR,10.0,10.0,0.0,0.0,6.0,2.0,1.0
AAAXMP138200001077742850_OR,15.0,0.0,14.0,1.0,10.0,0.9333333333333333,0.0
AAAXMP138200001078362144_OR,13.0,4.0,9.0,0.0,3.0,1.3076923076923077,0.3076923076923077
AAAXMP138200001078442850_OR,8.0,0.0,8.0,0.0,5.0,1.0,0.0
AAAXMP138200001078522125_OR,12.0,0.0,12.0,0.0,3.0,1.0,0.0
AAAXMP138200001079522850_OR,12.0,5.0,7.0,0.0,2.0,1.4166666666666667,0.4166666666666667
AAAXMP138200001079622144_OR,7.0,6.0,1.0,0.0,2.0,1.8571428571428572,0.8571428571428571
AAAXMP138200001080122125_OR,10.0,0.0,10.0,0.0,0.0,1.0,0.0
AAAXMP138200001080132810_OR,7.0,5.0,2.0,0.0,4.0,1.7142857142857142,0.7142857142857143
AAAXMP138200001080152810_OR,8.0,2.0,6.0,0.0,2.0,1.25,0.25
AAAXMP138200001080992850_OR,7.0,3.0,4.0,0.0,1.0,1.4285714285714286,0.42857142857142855
AAAXMP138200001081132810_OR,17.0,4.0,13.0,0.0,5.0,1.2352941176470589,0.23529411764705882
AAAXMP138200001081752125_OR,6.0,0.0,6.0,0.0,1.0,1.0,0.0
AAAXMP138200001081812810_OR,11.0,0.0,11.0,0.0,6.0,1.0,0.0
AAAXMP138200001081852125_OR,9.0,4.0,5.0,0.0,0.0,1.4444444444444444,0.4444444444444444
AAAXMP138200001082232850_OR,7.0,0.0,7.0,0.0,4.0,1.0,0.0
AAAXMP138200001083092125_OR,12.0,3.0,9.0,0.0,1.0,1.25,0.25
AAAXMP138200001083492125_OR,14.0,11.0,3.0,0.0,0.0,1.7857142857142858,0.7857142857142857
AAAXMP138200001083802125_OR,13.0,2.0,11.0,0.0,0.0,1.1538461538461537,0.15384615384615385
AAAXMP138200001084142850_OR,10.0,4.0,5.0,1.0,6.0,1.3,0.4
AAAXMP138200001084862144_OR,12.0,0.0,12.0,0.0,5.0,1.0,0.0
AAAXMP138200001084972125_OR,11.0,0.0,11.0,0.0,0.0,1.0,0.0
AAAXMP138200001086312125_OR,11.0,3.0,8.0,0.0,0.0,1.2727272727272727,0.2727272727272727
AAAXMP138200001086432125_OR,9.0,0.0,9.0,0.0,2.0,1.0,0.0
AAAXMP138200001086542125_OR,11.0,10.0,1.0,0.0,0.0,1.9090909090909092,0.9090909090909091
AAAXMP138200001086572810_OR,11.0,0.0,11.0,0.0,4.0,1.0,0.0
AAAXMP138200001086682810_OR,10.0,0.0,10.0,0.0,5.0,1.0,0.0
AAAXMP138200001086932810_OR,10.0,4.0,6.0,0.0,2.0,1.4,0.4
AAAXMP138200001087322810_OR,13.0,3.0,10.0,0.0,5.0,1.2307692307692308,0.23076923076923078
AAAXMP138200001087812125_OR,14.0,1.0,13.0,0.0,3.0,1.0714285714285714,0.07142857142857142
AAAXMP138200001088062850_OR,10.0,3.0,7.0,0.0,0.0,1.3,0.3
AAAXMP138200001088252850_OR,9.0,0.0,9.0,0.0,6.0,1.0,0.0
AAAXMP138200001088362850_OR,8.0,1.0,7.0,0.0,1.0,1.125,0.125
AAAXMP138200001088392810_OR,13.0,8.0,5.0,0.0,0.0,1.6153846153846154,0.6153846153846154
AAAXMP138200001088462125_OR,12.0,8.0,4.0,0.0,0.0,1.6666666666666667,0.6666666666666666
AAAXMP138200001088482810_OR,13.0,6.0,7.0,0.0,1.0,1.4615384615384615,0.46153846153846156
AAAXMP138200001088592125_OR,19.0,14.0,5.0,0.0,1.0,1.736842105263158,0.7368421052631579
AAAXMP138200001089072125_OR,7.0,2.0,5.0,0.0,0.0,1.2857142857142858,0.2857142857142857
AAAXMP138200001089202810_OR,10.0,0.0,9.0,1.0,2.0,0.9,0.0
AAAXMP138200001089402810_OR,9.0,0.0,9.0,0.0,4.0,1.0,0.0
AAAXMP138200001089432144_OR,11.0,4.0,7.0,0.0,5.0,1.3636363636363635,0.36363636363636365
AAAXMP138200001089572144_OR,6.0,0.0,6.0,0.0,3.0,1.0,0.0
AAAXMP138200001090062810_OR,12.0,0.0,12.0,0.0,7.0,1.0,0.0
AAAXMP138200001090112810_OR,10.0,1.0,9.0,0.0,0.0,1.1,0.1
AAAXMP138200001090122125_OR,11.0,0.0,10.0,1.0,3.0,0.9090909090909091,0.0
AAAXMP138200001090162144_OR,10.0,0.0,10.0,0.0,8.0,1.0,0.0
AAAXMP138200001090392125_OR,12.0,11.0,1.0,0.0,2.0,1.9166666666666667,0.9166666666666666
AAAXMP138200001090512125_OR,11.0,0.0,8.0,3.0,0.0,0.7272727272727273,0.0
AAAXMP138200001090822810_OR,8.0,3.0,5.0,0.0,5.0,1.375,0.375
AAAXMP138200001090852810_OR,13.0,5.0,8.0,0.0,2.0,1.3846153846153846,0.38461538461538464
AAAXMP138200001091512810_OR,9.0,0.0,9.0,0.0,0.0,1.0,0.0
AAAXMP138200001091642125_OR,13.0,4.0,9.0,0.0,1.0,1.3076923076923077,0.3076923076923077
AAAXMP138200001091692144_OR,8.0,3.0,5.0,0.0,6.0,1.375,0.375
AAAXMP138200001091742810_OR,9.0,3.0,6.0,0.0,0.0,1.3333333333333333,0.3333333333333333
AAAXMP138200001092782125_OR,22.0,0.0,22.0,0.0,4.0,1.0,0.0
AAAXMP138200001093102144_OR,13.0,7.0,6.0,0.0,6.0,1.5384615384615385,0.5384615384615384
AAAXMP138200001093352144_OR,15.0,9.0,6.0,0.0,9.0,1.6,0.6
AAAXMP138200001093542810_OR,9.0,0.0,9.0,0.0,6.0,1.0,0.0
AAAXMP138200001093652850_OR,11.0,8.0,3.0,0.0,5.0,1.7272727272727273,0.7272727272727273
AAAXMP138200001093672144_OR,9.0,3.0,6.0,0.0,0.0,1.3333333333333333,0.3333333333333333
AAAXMP138200001093882125_OR,21.0,11.0,10.0,0.0,0.0,1.5238095238095237,0.5238095238095238
AAAXMP138200001094032810_OR,9.0,0.0,9.0,0.0,4.0,1.0,0.0
AAAXMP138200001094612810_OR,4.0,2.0,2.0,0.0,3.0,1.5,0.5
AAAXMP138200001094672125_OR,13.0,1.0,12.0,0.0,1.0,1.0769230769230769,0.07692307692307693
AAAXMP138200001094972125_OR,13.0,6.0,7.0,0.0,2.0,1.4615384615384615,0.46153846153846156
AAAXMP138200001095892144_OR,17.0,2.0,15.0,0.0,2.0,1.1176470588235294,0.11764705882352941
AAAXMP138200001096242125_OR,15.0,5.0,10.0,0.0,3.0,1.3333333333333333,0.3333333333333333
AAAXMP138200001096432850_OR,11.0,8.0,3.0,0.0,4.0,1.7272727272727273,0.7272727272727273
AAAXMP138200001096482125_OR,14.0,10.0,4.0,0.0,0.0,1.7142857142857142,0.7142857142857143
AAAXMP138200001096502144_OR,11.0,4.0,7.0,0.0,6.0,1.3636363636363635,0.36363636363636365
AAAXMP138200001096632125_OR,16.0,7.0,9.0,0.0,1.0,1.4375,0.4375
AAAXMP138200001097062125_OR,14.0,1.0,13.0,0.0,0.0,1.0714285714285714,0.07142857142857142
AAAXMP138200001097072144_OR,12.0,3.0,9.0,0.0,3.0,1.25,0.25
AAAXMP138200001097632125_OR,12.0,0.0,12.0,0.0,2.0,1.0,0.0
AAAXMP138200001097642850_OR,12.0,9.0,3.0,0.0,1.0,1.75,0.75
AAAXMP138200001097892850_OR,9.0,3.0,6.0,0.0,3.0,1.3333333333333333,0.3333333333333333
AAAXMP138200001097932125_OR,10.0,0.0,10.0,0.0,0.0,1.0,0.0
AAAXMP138200001098082125_OR,8.0,0.0,8.0,0.0,1.0,1.0,0.0
AAAXMP138200001098202125_OR,17.0,13.0,4.0,0.0,1.0,1.7647058823529411,0.7647058823529411
AAAXMP138200001098302125_OR,12.0,0.0,12.0,0.0,1.0,1.0,0.0
AAAXMP138200001098412125_OR,13.0,1.0,12.0,0.0,0.0,1.0769230769230769,0.07692307692307693
AAAXMP138200001098472144_OR,11.0,7.0,4.0,0.0,4.0,1.6363636363636365,0.6363636363636364
AAAXMP138200001098572125_OR,6.0,0.0,6.0,0.0,1.0,1.0,0.0
AAAXMP138200001098602144_OR,11.0,0.0,11.0,0.0,5.0,1.0,0.0
AAAXMP138200001099102144_OR,10.0,7.0,3.0,0.0,4.0,1.7,0.7
AAAXMP138200001099482144_OR,11.0,0.0,11.0,0.0,6.0,1.0,0.0
AAAXMP138200001099692125_OR,12.0,5.0,7.0,0.0,1.0,1.4166666666666667,0.4166666666666667
AAAXMP138200001099722125_OR,16.0,11.0,4.0,1.0,0.0,1.625,0.6875
AAAXMP138200001099812125_OR,12.0,5.0,7.0,0.0,0.0,1.4166666666666667,0.4166666666666667
AAAXMP138200001100102810_OR,11.0,1.0,10.0,0.0,0.0,1.0909090909090908,0.09090909090909091
AAAXMP138200001100392125_OR,21.0,18.0,3.0,0.0,2.0,1.8571428571428572,0.8571428571428571
AAAXMP138200001100432125_OR,7.0,0.0,6.0,1.0,0.0,0.8571428571428571,0.0
AAAXMP138200001100562810_OR,9.0,4.0,5.0,0.0,4.0,1.4444444444444444,0.4444444444444444
AAAXMP138200001100682125_OR,18.0,5.0,13.0,0.0,3.0,1.2777777777777777,0.2777777777777778
AAAXMP138200001100872810_OR,13.0,4.0,9.0,0.0,3.0,1.3076923076923077,0.3076923076923077
AAAXMP138200001101012125_OR,13.0,1.0,12.0,0.0,4.0,1.0769230769230769,0.07692307692307693
AAAXMP138200001101032144_OR,12.0,0.0,12.0,0.0,3.0,1.0,0.0
AAAXMP138200001101152144_OR,9.0,7.0,2.0,0.0,1.0,1.7777777777777777,0.7777777777777778
AAAXMP138200001101162144_OR,8.0,2.0,6.0,0.0,4.0,1.25,0.25
AAAXMP138200001101202125_OR,16.0,9.0,7.0,0.0,0.0,1.5625,0.5625
AAAXMP138200001101582810_OR,10.0,0.0,10.0,0.0,5.0,1.0,0.0
AAAXMP138200001101632144_OR,13.0,7.0,6.0,0.0,3.0,1.5384615384615385,0.5384615384615384
AAAXMP138200001101692144_OR,14.0,11.0,3.0,0.0,1.0,1.7857142857142858,0.7857142857142857
AAAXMP138200001101782810_OR,9.0,3.0,6.0,0.0,4.0,1.3333333333333333,0.3333333333333333
AAAXMP138200001102162125_OR,18.0,10.0,8.0,0.0,2.0,1.5555555555555556,0.5555555555555556
AAAXMP138200001102932144_OR,13.0,2.0,11.0,0.0,5.0,1.1538461538461537,0.15384615384615385
AAAXMP138200001103502144_OR,12.0,0.0,11.0,1.0,3.0,0.9166666666666666,0.0
AAAXMP138200001103892144_OR,9.0,4.0,5.0,0.0,6.0,1.4444444444444444,0.4444444444444444
AAAXMP138200001104192144_OR,15.0,4.0,11.0,0.0,7.0,1.2666666666666666,0.26666666666666666
AAAXMP138200001104422810_OR,6.0,1.0,5.0,0.0,3.0,1.1666666666666667,0.16666666666666666
AAAXMP138200001104922144_OR,7.0,0.0,7.0,0.0,3.0,1.0,0.0
AAAXMP138200001105112125_OR,14.0,9.0,5.0,0.0,0.0,1.6428571428571428,0.6428571428571429
AAAXMP138200001106992144_OR,13.0,2.0,11.0,0.0,4.0,1.1538461538461537,0.15384615384615385
AAAXMP138200001107262125_OR,13.0,3.0,10.0,0.0,1.0,1.2307692307692308,0.23076923076923078
AAAXMP138200001107422144_OR,12.0,8.0,4.0,0.0,2.0,1.6666666666666667,0.6666666666666666
AAAXMP138200001107462810_OR,12.0,1.0,11.0,0.0,3.0,1.0833333333333333,0.08333333333333333
AAAXMP138200001108192144_OR,12.0,8.0,4.0,0.0,2.0,1.6666666666666667,0.6666666666666666
AAAXMP138200001108702144_OR,9.0,7.0,2.0,0.0,6.0,1.7777777777777777,0.7777777777777778
AAAXMP138200001108912144_OR,10.0,10.0,0.0,0.0,0.0,2.0,1.0
AAAXMP138200001109012144_OR,12.0,0.0,12.0,0.0,2.0,1.0,0.0
AAAXMP138200001109102125_OR,20.0,7.0,13.0,0.0,3.0,1.35,0.35
AAAXMP138200001109212125_OR,14.0,6.0,8.0,0.0,1.0,1.4285714285714286,0.42857142857142855
AAAXMP138200001110172125_OR,11.0,11.0,0.0,0.0,2.0,2.0,1.0
AAAXMP138200001111262125_OR,12.0,0.0,12.0,0.0,2.0,1.0,0.0
AAAXMP138200001112072125_OR,16.0,7.0,9.0,0.0,1.0,1.4375,0.4375
AAAXMP138200001112282125_OR,17.0,3.0,14.0,0.0,0.0,1.1764705882352942,0.17647058823529413
AAAXMP138200001112432144_OR,12.0,10.0,2.0,0.0,2.0,1.8333333333333333,0.8333333333333334
AAAXMP138200001113272125_OR,10.0,0.0,8.0,2.0,1.0,0.8,0.0
AAAXMP138200001114932125_OR,17.0,11.0,6.0,0.0,2.0,1.6470588235294117,0.6470588235294118
AAAXMP138200001114952125_OR,12.0,6.0,6.0,0.0,3.0,1.5,0.5
AAAXMP138200001115232144_OR,8.0,1.0,7.0,0.0,4.0,1.125,0.125
AAAXMP138200001116132125_OR,12.0,2.0,10.0,0.0,1.0,1.1666666666666667,0.16666666666666666
AAAXMP138200001117512144_OR,11.0,0.0,11.0,0.0,3.0,1.0,0.0
AAAXMP138200001117612144_OR,13.0,0.0,13.0,0.0,2.0,1.0,0.0
AAAXMP138200001117662125_OR,12.0,1.0,11.0,0.0,1.0,1.0833333333333333,0.08333333333333333
AAAXMP138200001118372144_OR,9.0,8.0,1.0,0.0,6.0,1.8888888888888888,0.8888888888888888
AAAXMP138200001118412125_OR,9.0,5.0,4.0,0.0,0.0,1.5555555555555556,0.5555555555555556
AAAXMP138200001118532144_OR,12.0,2.0,10.0,0.0,3.0,1.1666666666666667,0.16666666666666666
AAAXMP138200001118742125_OR,14.0,6.0,8.0,0.0,1.0,1.4285714285714286,0.42857142857142855
AAAXMP138200001118942144_OR,14.0,9.0,5.0,0.0,2.0,1.6428571428571428,0.6428571428571429
AAAXMP138200001118952144_OR,12.0,9.0,3.0,0.0,1.0,1.75,0.75
AAAXMP138200001119492125_OR,15.0,2.0,13.0,0.0,1.0,1.1333333333333333,0.13333333333333333
AAAXMP138200001119702125_OR,15.0,6.0,9.0,0.0,3.0,1.4,0.4
AAAXMP138200001119812144_OR,16.0,1.0,15.0,0.0,4.0,1.0625,0.0625
AAAXMP138200001119842125_OR,13.0,1.0,12.0,0.0,0.0,1.0769230769230769,0.07692307692307693
AAAXMP138200001120392125_OR,15.0,7.0,8.0,0.0,2.0,1.4666666666666666,0.4666666666666667
AAAXMP138200001120412125_OR,15.0,5.0,10.0,0.0,1.0,1.3333333333333333,0.3333333333333333
AAAXMP138200001120582144_OR,10.0,1.0,9.0,0.0,0.0,1.1,0.1
AAAXMP138200001120792125_OR,17.0,11.0,6.0,0.0,2.0,1.6470588235294117,0.6470588235294118
AAAXMP138200001121032850_OR,9.0,3.0,6.0,0.0,5.0,1.3333333333333333,0.3333333333333333
AAAXMP138200001121082850_OR,16.0,0.0,16.0,0.0,1.0,1.0,0.0
AAAXMP138200001121272810_OR,9.0,1.0,8.0,0.0,3.0,1.1111111111111112,0.1111111111111111
AAAXMP138200001121442144_OR,12.0,2.0,10.0,0.0,2.0,1.1666666666666667,0.16666666666666666
AAAXMP138200001121822810_OR,12.0,8.0,4.0,0.0,3.0,1.6666666666666667,0.6666666666666666
AAAXMP138200001121942810_OR,12.0,3.0,9.0,0.0,1.0,1.25,0.25
AAAXMP138200001122292144_OR,12.0,1.0,11.0,0.0,3.0,1.0833333333333333,0.08333333333333333
AAAXMP138200001122302850_OR,11.0,4.0,7.0,0.0,2.0,1.3636363636363635,0.36363636363636365
AAAXMP138200001122332144_OR,18.0,5.0,13.0,0.0,5.0,1.2777777777777777,0.2777777777777778
AAAXMP138200001122602144_OR,12.0,10.0,2.0,0.0,0.0,1.8333333333333333,0.8333333333333334
AAAXMP138200001122642144_OR,11.0,1.0,10.0,0.0,6.0,1.0909090909090908,0.09090909090909091
AAAXMP138200001122912810_OR,9.0,0.0,9.0,0.0,6.0,1.0,0.0
AAAXMP138200001122992850_OR,9.0,0.0,9.0,0.0,6.0,1.0,0.0
AAAXMP138200001123162125_OR,9.0,6.0,3.0,0.0,0.0,1.6666666666666667,0.6666666666666666
AAAXMP138200001123422144_OR,16.0,14.0,2.0,0.0,1.0,1.875,0.875
AAAXMP138200001123492125_OR,11.0,2.0,9.0,0.0,0.0,1.1818181818181819,0.18181818181818182
AAAXMP138200001123502144_OR,12.0,7.0,5.0,0.0,0.0,1.5833333333333333,0.5833333333333334
AAAXMP138200001123582125_OR,11.0,1.0,10.0,0.0,0.0,1.0909090909090908,0.09090909090909091
AAAXMP138200001123672125_OR,12.0,6.0,6.0,0.0,1.0,1.5,0.5
AAAXMP138200001123762810_OR,12.0,0.0,12.0,0.0,5.0,1.0,0.0
AAAXMP138200001124002144_OR,14.0,4.0,10.0,0.0,2.0,1.2857142857142858,0.2857142857142857
AAAXMP138200001124302810_OR,11.0,3.0,8.0,0.0,2.0,1.2727272727272727,0.2727272727272727
AAAXMP138200001124342810_OR,7.0,2.0,5.0,0.0,1.0,1.2857142857142858,0.2857142857142857
AAAXMP138200001124652125_OR,12.0,1.0,11.0,0.0,2.0,1.0833333333333333,0.08333333333333333
AAAXMP138200001124832125_OR,12.0,2.0,10.0,0.0,2.0,1.1666666666666667,0.16666666666666666
AAAXMP138200001125062850_OR,11.0,5.0,6.0,0.0,4.0,1.4545454545454546,0.45454545454545453
AAAXMP138200001125182144_OR,9.0,2.0,7.0,0.0,3.0,1.2222222222222223,0.2222222222222222
AAAXMP138200001125362810_OR,9.0,6.0,3.0,0.0,0.0,1.6666666666666667,0.6666666666666666
AAAXMP138200001125392810_OR,12.0,0.0,12.0,0.0,1.0,1.0,0.0
AAAXMP138200001125802144_OR,12.0,0.0,12.0,0.0,6.0,1.0,0.0
AAAXMP138200001125892850_OR,12.0,0.0,12.0,0.0,4.0,1.0,0.0
AAAXMP138200001125952810_OR,13.0,0.0,13.0,0.0,2.0,1.0,0.0
AAAXMP138200001126002810_OR,10.0,5.0,5.0,0.0,1.0,1.5,0.5
AAAXMP138200001126052810_OR,14.0,2.0,12.0,0.0,3.0,1.1428571428571428,0.14285714285714285
AAAXMP138200001126332125_OR,16.0,3.0,13.0,0.0,0.0,1.1875,0.1875
AAAXMP138200001126362810_OR,9.0,3.0,6.0,0.0,6.0,1.3333333333333333,0.3333333333333333
AAAXMP138200001126402144_OR,10.0,1.0,9.0,0.0,8.0,1.1,0.1
AAAXMP138200001126522125_OR,12.0,2.0,10.0,0.0,0.0,1.1666666666666667,0.16666666666666666
AAAXMP138200001126592810_OR,12.0,7.0,5.0,0.0,2.0,1.5833333333333333,0.5833333333333334
AAAXMP138200001126662125_OR,11.0,6.0,5.0,0.0,0.0,1.5454545454545454,0.5454545454545454
AAAXMP138200001126712850_OR,9.0,7.0,2.0,0.0,0.0,1.7777777777777777,0.7777777777777778
AAAXMP138200001126782125_OR,12.0,3.0,9.0,0.0,1.0,1.25,0.25
AAAXMP138200001127052144_OR,14.0,4.0,10.0,0.0,2.0,1.2857142857142858,0.2857142857142857
AAAXMP138200001127102125_OR,12.0,2.0,10.0,0.0,1.0,1.1666666666666667,0.16666666666666666
AAAXMP138200001127142144_OR,16.0,4.0,12.0,0.0,3.0,1.25,0.25
AAAXMP138200001127182125_OR,12.0,2.0,10.0,0.0,0.0,1.1666666666666667,0.16666666666666666
AAAXMP138200001127232125_OR,13.0,11.0,2.0,0.0,0.0,1.8461538461538463,0.8461538461538461
AAAXMP138200001127352144_OR,15.0,0.0,15.0,0.0,5.0,1.0,0.0
AAAXMP138200001128082850_OR,8.0,0.0,8.0,0.0,1.0,1.0,0.0
AAAXMP138200001132232810_OR,6.0,0.0,6.0,0.0,2.0,1.0,0.0
AAAXMP138200001133502810_OR,9.0,0.0,9.0,0.0,3.0,1.0,0.0
AAAXMP138200001139492125_OR,11.0,4.0,7.0,0.0,2.0,1.3636363636363635,0.36363636363636365
AAAXMP138200001139522810_OR,6.0,2.0,3.0,1.0,0.0,1.1666666666666667,0.3333333333333333
AAAXMP138200001139532850_OR,9.0,1.0,8.0,0.0,3.0,1.1111111111111112,0.1111111111111111
AAAXMP138200001142502810_OR,8.0,7.0,1.0,0.0,4.0,1.875,0.875
AAAXMP138200001142632125_OR,10.0,3.0,7.0,0.0,0.0,1.3,0.3
AAAXMP138200001142652850_OR,9.0,1.0,8.0,0.0,7.0,1.1111111111111112,0.1111111111111111
AAAXMP138200001142662810_OR,9.0,0.0,9.0,0.0,4.0,1.0,0.0
AAAXMP138200001143322810_OR,13.0,1.0,12.0,0.0,5.0,1.0769230769230769,0.07692307692307693
AAAXMP138200001143332810_OR,12.0,3.0,9.0,0.0,2.0,1.25,0.25
AAAXMP138200001144262144_OR,12.0,5.0,7.0,0.0,2.0,1.4166666666666667,0.4166666666666667
AAAXMP138200001144372144_OR,12.0,9.0,3.0,0.0,2.0,1.75,0.75
AAAXMP138200001146742144_OR,9.0,7.0,2.0,0.0,7.0,1.7777777777777777,0.7777777777777778
AAAXMP138200001146932810_OR,9.0,3.0,6.0,0.0,5.0,1.3333333333333333,0.3333333333333333
AAAXMP138200001147732850_OR,11.0,3.0,8.0,0.0,5.0,1.2727272727272727,0.2727272727272727
AAAXMP138200001150282850_OR,15.0,5.0,10.0,0.0,2.0,1.3333333333333333,0.3333333333333333
AAAXMP138200001151322144_OR,13.0,2.0,11.0,0.0,6.0,1.1538461538461537,0.15384615384615385
AAAXMP138200001151442125_OR,11.0,3.0,8.0,0.0,0.0,1.2727272727272727,0.2727272727272727
AAAXMP138200001151722850_OR,8.0,2.0,6.0,0.0,1.0,1.25,0.25
AAAXMP138200001151852810_OR,11.0,1.0,10.0,0.0,3.0,1.0909090909090908,0.09090909090909091
AAAXMP138200001151882810_OR,14.0,1.0,11.0,2.0,3.0,0.9285714285714286,0.07142857142857142
AAAXMP138200001153802810_OR,9.0,4.0,5.0,0.0,3.0,1.4444444444444444,0.4444444444444444
AAAXMP138200001153932144_OR,12.0,0.0,12.0,0.0,2.0,1.0,0.0
AAAXMP138200001154112850_OR,14.0,0.0,14.0,0.0,6.0,1.0,0.0
AAAXMP138200001154132810_OR,12.0,5.0,7.0,0.0,0.0,1.4166666666666667,0.4166666666666667
AAAXMP138200001155202810_OR,11.0,5.0,6.0,0.0,0.0,1.4545454545454546,0.45454545454545453
AAAXMP138200001155302125_OR,12.0,8.0,4.0,0.0,0.0,1.6666666666666667,0.6666666666666666
AAAXMP138200001156432810_OR,10.0,8.0,2.0,0.0,5.0,1.8,0.8
AAAXMP138200001156622810_OR,4.0,1.0,3.0,0.0,1.0,1.25,0.25
AAAXMP138200001156642125_OR,16.0,5.0,11.0,0.0,1.0,1.3125,0.3125
AAAXMP138200001157892125_OR,15.0,1.0,13.0,1.0,1.0,1.0,0.06666666666666667
AAAXMP138200001158202810_OR,12.0,0.0,12.0,0.0,2.0,1.0,0.0
AAAXMP138200001158322810_OR,7.0,0.0,7.0,0.0,2.0,1.0,0.0
AAAXMP138200001158342810_OR,11.0,1.0,10.0,0.0,5.0,1.0909090909090908,0.09090909090909091
AAAXMP138200001158352810_OR,3.0,0.0,3.0,0.0,0.0,1.0,0.0
AAAXMP138200001160272850_OR,8.0,0.0,8.0,0.0,6.0,1.0,0.0
AAAXMP138200001160522850_OR,15.0,0.0,12.0,3.0,4.0,0.8,0.0
AAAXMP138200001160582144_OR,11.0,3.0,8.0,0.0,5.0,1.2727272727272727,0.2727272727272727
AAAXMP138200001162622850_OR,17.0,0.0,17.0,0.0,0.0,1.0,0.0
AAAXMP138200001163832810_OR,5.0,0.0,5.0,0.0,2.0,1.0,0.0
AAAXMP138200001163852125_OR,12.0,0.0,12.0,0.0,1.0,1.0,0.0
AAAXMP138200001163912810_OR,8.0,0.0,8.0,0.0,1.0,1.0,0.0
AAAXMP138200001164082125_OR,15.0,14.0,1.0,0.0,0.0,1.9333333333333333,0.9333333333333333
AAAXMP138200001165372850_OR,11.0,1.0,10.0,0.0,5.0,1.0909090909090908,0.09090909090909091
AAAXMP138200001165512810_OR,5.0,0.0,5.0,0.0,2.0,1.0,0.0
AAAXMP138200001165552850_OR,7.0,1.0,6.0,0.0,5.0,1.1428571428571428,0.14285714285714285
AAAXMP138200001166862125_OR,19.0,5.0,14.0,0.0,2.0,1.263157894736842,0.2631578947368421
AAAXMP138200001167082810_OR,12.0,8.0,4.0,0.0,2.0,1.6666666666666667,0.6666666666666666
AAAXMP138200001167102850_OR,10.0,0.0,10.0,0.0,3.0,1.0,0.0
AAAXMP138200001168242850_OR,11.0,2.0,9.0,0.0,4.0,1.1818181818181819,0.18181818181818182
AAAXMP138200001168332125_OR,12.0,6.0,6.0,0.0,1.0,1.5,0.5
AAAXMP138200001168612144_OR,9.0,5.0,4.0,0.0,4.0,1.5555555555555556,0.5555555555555556
AAAXMP138200001168702810_OR,11.0,0.0,11.0,0.0,3.0,1.0,0.0
AAAXMP138200001168722850_OR,10.0,0.0,10.0,0.0,5.0,1.0,0.0
AAAXMP138200001171382810_OR,13.0,0.0,12.0,1.0,2.0,0.9230769230769231,0.0
AAAXMP138200001171762810_OR,12.0,3.0,9.0,0.0,3.0,1.25,0.25
AAAXMP138200001171842850_OR,9.0,1.0,8.0,0.0,3.0,1.1111111111111112,0.1111111111111111
AAAXMP138200001172322810_OR,7.0,3.0,4.0,0.0,0.0,1.4285714285714286,0.42857142857142855
AAAXMP138200001174622810_OR,9.0,0.0,9.0,0.0,1.0,1.0,0.0
AAAXMP138200001176422810_OR,9.0,0.0,9.0,0.0,4.0,1.0,0.0
AAAXMP138200001176672850_OR,7.0,2.0,5.0,0.0,4.0,1.2857142857142858,0.2857142857142857
AAAXMP138200001176772810_OR,9.0,2.0,7.0,0.0,6.0,1.2222222222222223,0.2222222222222222
AAAXMP138200001178112125_OR,18.0,0.0,17.0,1.0,0.0,0.9444444444444444,0.0
AAAXMP138200001178672810_OR,11.0,0.0,10.0,1.0,0.0,0.9090909090909091,0.0
AAAXMP138200001179152810_OR,12.0,5.0,7.0,0.0,3.0,1.4166666666666667,0.4166666666666667
AAAXMP138200001179212810_OR,8.0,0.0,8.0,0.0,7.0,1.0,0.0
AAAXMP138200001179542850_OR,9.0,3.0,6.0,0.0,5.0,1.3333333333333333,0.3333333333333333
AAAXMP138200001179552810_OR,7.0,0.0,7.0,0.0,3.0,1.0,0.0
AAAXMP138200001179622810_OR,9.0,0.0,9.0,0.0,3.0,1.0,0.0
AAAXMP138200001179632810_OR,8.0,0.0,8.0,0.0,0.0,1.0,0.0
AAAXMP138200001181032810_OR,10.0,0.0,10.0,0.0,6.0,1.0,0.0
AAAXMP138200001181432850_OR,8.0,1.0,7.0,0.0,0.0,1.125,0.125
AAAXMP138200001181572810_OR,7.0,0.0,7.0,0.0,1.0,1.0,0.0
AAAXMP138200001184662810_OR,9.0,0.0,9.0,0.0,6.0,1.0,0.0
AAAXMP138200001184682810_OR,9.0,0.0,9.0,0.0,5.0,1.0,0.0
AAAXMP138200001184692810_OR,8.0,0.0,8.0,0.0,4.0,1.0,0.0
AAAXMP138200001189072810_OR,9.0,6.0,3.0,0.0,5.0,1.6666666666666667,0.6666666666666666
AAAXMP138200001189942810_OR,12.0,0.0,12.0,0.0,2.0,1.0,0.0
AAAXMP138200001190272810_OR,8.0,0.0,8.0,0.0,1.0,1.0,0.0
AAAXMP138200001190312810_OR,9.0,1.0,8.0,0.0,5.0,1.1111111111111112,0.1111111111111111
AAAXMP138200001192412125_OR,5.0,0.0,3.0,2.0,0.0,0.6,0.0
AAAXMP138200001193292810_OR,22.0,1.0,21.0,0.0,9.0,1.0454545454545454,0.045454545454545456
AAAXMP138200001194122810_OR,11.0,0.0,11.0,0.0,1.0,1.0,0.0
AAAXMP138200001194132850_OR,12.0,5.0,7.0,0.0,2.0,1.4166666666666667,0.4166666666666667
AAAXMP138200001194152810_OR,7.0,0.0,6.0,1.0,3.0,0.8571428571428571,0.0
AAAXMP138200001194172144_OR,12.0,2.0,10.0,0.0,6.0,1.1666666666666667,0.16666666666666666
AAAXMP138200001194262810_OR,8.0,3.0,5.0,0.0,2.0,1.375,0.375
AAAXMP138200001194282810_OR,9.0,0.0,9.0,0.0,1.0,1.0,0.0
AAAXMP138200001197752810_OR,7.0,0.0,7.0,0.0,0.0,1.0,0.0
AAAXMP138200001197992125_OR,11.0,3.0,8.0,0.0,1.0,1.2727272727272727,0.2727272727272727
AAAXMP138200001198862810_OR,9.0,2.0,7.0,0.0,1.0,1.2222222222222223,0.2222222222222222
AAAXMP138200001198972850_OR,9.0,0.0,9.0,0.0,6.0,1.0,0.0
AAAXMP138200001199742810_OR,9.0,3.0,6.0,0.0,0.0,1.3333333333333333,0.3333333333333333
AAAXMP138200001199752810_OR,9.0,3.0,6.0,0.0,5.0,1.3333333333333333,0.3333333333333333
AAAXMP138200001199932850_OR,11.0,0.0,11.0,0.0,2.0,1.0,0.0
AAAXMP138200001199942850_OR,11.0,0.0,11.0,0.0,4.0,1.0,0.0
AAAXMP138200001200942144_OR,6.0,0.0,6.0,0.0,5.0,1.0,0.0
AAAXMP138200001201462810_OR,12.0,3.0,9.0,0.0,2.0,1.25,0.25
AAAXMP138200001202042144_OR,11.0,8.0,3.0,0.0,5.0,1.7272727272727273,0.7272727272727273
AAAXMP138200001202342125_OR,15.0,3.0,12.0,0.0,1.0,1.2,0.2
AAAXMP138200001202352125_OR,9.0,4.0,5.0,0.0,1.0,1.4444444444444444,0.4444444444444444
AAAXMP138200001202582810_OR,9.0,3.0,6.0,0.0,3.0,1.3333333333333333,0.3333333333333333
AAAXMP138200001202802850_OR,11.0,8.0,3.0,0.0,5.0,1.7272727272727273,0.7272727272727273
AAAXMP138200001202862144_OR,12.0,2.0,10.0,0.0,4.0,1.1666666666666667,0.16666666666666666
AAAXMP138200001202912850_OR,6.0,0.0,6.0,0.0,3.0,1.0,0.0
AAAXMP138200001202962810_OR,13.0,0.0,13.0,0.0,2.0,1.0,0.0
AAAXMP138200001204492810_OR,4.0,0.0,4.0,0.0,3.0,1.0,0.0
AAAXMP138200001205032810_OR,9.0,0.0,9.0,0.0,5.0,1.0,0.0
AAAXMP138200001205062810_OR,4.0,0.0,4.0,0.0,0.0,1.0,0.0
AAAXMP138200001206062810_OR,11.0,5.0,6.0,0.0,6.0,1.4545454545454546,0.45454545454545453
AAAXMP138200001206652810_OR,8.0,1.0,7.0,0.0,4.0,1.125,0.125
AAAXMP138200001206922125_OR,9.0,2.0,7.0,0.0,1.0,1.2222222222222223,0.2222222222222222
AAAXMP138200001208352850_OR,12.0,4.0,8.0,0.0,3.0,1.3333333333333333,0.3333333333333333
AAAXMP138200001208362810_OR,11.0,4.0,7.0,0.0,3.0,1.3636363636363635,0.36363636363636365
AAAXMP138200001208372810_OR,8.0,1.0,7.0,0.0,7.0,1.125,0.125
AAAXMP138200001208732144_OR,12.0,8.0,4.0,0.0,1.0,1.6666666666666667,0.6666666666666666
AAAXMP138200001208882850_OR,11.0,4.0,7.0,0.0,5.0,1.3636363636363635,0.36363636363636365
AAAXMP138200001208942125_OR,11.0,0.0,11.0,0.0,3.0,1.0,0.0
AAAXMP138200001209092810_OR,7.0,0.0,7.0,0.0,4.0,1.0,0.0
AAAXMP138200001209122850_OR,8.0,0.0,8.0,0.0,6.0,1.0,0.0
AAAXMP138200001209512810_OR,7.0,1.0,6.0,0.0,1.0,1.1428571428571428,0.14285714285714285
AAAXMP138200001210212125_OR,12.0,0.0,12.0,0.0,0.0,1.0,0.0
AAAXMP138200001210872810_OR,13.0,0.0,13.0,0.0,3.0,1.0,0.0
AAAXMP138200001211202850_OR,12.0,0.0,11.0,1.0,3.0,0.9166666666666666,0.0
AAAXMP138200001211642125_OR,15.0,0.0,15.0,0.0,2.0,1.0,0.0
AAAXMP138200001211802810_OR,12.0,0.0,12.0,0.0,5.0,1.0,0.0
AAAXMP138200001211962125_OR,11.0,1.0,10.0,0.0,0.0,1.0909090909090908,0.09090909090909091
AAAXMP138200001212072850_OR,6.0,0.0,5.0,1.0,2.0,0.8333333333333334,0.0
AAAXMP138200001212382850_OR,13.0,1.0,12.0,0.0,4.0,1.0769230769230769,0.07692307692307693
AAAXMP138200001212522144_OR,9.0,0.0,9.0,0.0,4.0,1.0,0.0
AAAXMP138200001212862810_OR,8.0,0.0,8.0,0.0,4.0,1.0,0.0
AAAXMP138200001212942125_OR,11.0,1.0,10.0,0.0,0.0,1.0909090909090908,0.09090909090909091
AAAXMP138200001213342810_OR,7.0,1.0,6.0,0.0,0.0,1.1428571428571428,0.14285714285714285
AAAXMP138200001213412810_OR,6.0,3.0,3.0,0.0,2.0,1.5,0.5
AAAXMP138200001213832144_OR,9.0,0.0,9.0,0.0,4.0,1.0,0.0
AAAXMP138200001215912850_OR,7.0,0.0,7.0,0.0,2.0,1.0,0.0
AAAXMP138200001217122810_OR,6.0,1.0,5.0,0.0,0.0,1.1666666666666667,0.16666666666666666
AAAXMP138200001218792810_OR,8.0,0.0,8.0,0.0,3.0,1.0,0.0
AAAXMP138200001218962850_OR,10.0,4.0,6.0,0.0,5.0,1.4,0.4
AAAXMP138200001219112125_OR,15.0,5.0,10.0,0.0,1.0,1.3333333333333333,0.3333333333333333
AAAXMP138200001219582850_OR,9.0,0.0,9.0,0.0,5.0,1.0,0.0
AAAXMP138200001219592850_OR,12.0,3.0,9.0,0.0,1.0,1.25,0.25
AAAXMP138200001219872810_OR,8.0,0.0,8.0,0.0,6.0,1.0,0.0
AAAXMP138200001219912850_OR,9.0,0.0,9.0,0.0,3.0,1.0,0.0
AAAXMP138200001222142810_OR,12.0,0.0,12.0,0.0,6.0,1.0,0.0
AAAXMP138200001222192125_OR,10.0,6.0,4.0,0.0,2.0,1.6,0.6
AAAXMP138200001222212144_OR,11.0,1.0,10.0,0.0,2.0,1.0909090909090908,0.09090909090909091
AAAXMP138200001222242810_OR,7.0,0.0,7.0,0.0,1.0,1.0,0.0
AAAXMP138200001222602810_OR,8.0,0.0,8.0,0.0,4.0,1.0,0.0
AAAXMP138200001223432810_OR,11.0,1.0,10.0,0.0,5.0,1.0909090909090908,0.09090909090909091
AAAXMP138200001223762125_OR,12.0,7.0,5.0,0.0,1.0,1.5833333333333333,0.5833333333333334
AAAXMP138200001224082850_OR,9.0,1.0,8.0,0.0,4.0,1.1111111111111112,0.1111111111111111
AAAXMP138200001224102810_OR,7.0,2.0,5.0,0.0,4.0,1.2857142857142858,0.2857142857142857
AAAXMP138200001224132850_OR,12.0,2.0,10.0,0.0,2.0,1.1666666666666667,0.16666666666666666
AAAXMP138200001224162850_OR,9.0,3.0,6.0,0.0,5.0,1.3333333333333333,0.3333333333333333
AAAXMP138200001224182850_OR,10.0,5.0,5.0,0.0,1.0,1.5,0.5
AAAXMP138200001224302810_OR,9.0,0.0,9.0,0.0,3.0,1.0,0.0
AAAXMP138200001224322810_OR,10.0,7.0,3.0,0.0,2.0,1.7,0.7
AAAXMP138200001225942810_OR,9.0,0.0,9.0,0.0,5.0,1.0,0.0
AAAXMP138200001225962850_OR,16.0,3.0,13.0,0.0,7.0,1.1875,0.1875
AAAXMP138200001225982810_OR,12.0,0.0,12.0,0.0,4.0,1.0,0.0
AAAXMP138200001226372850_OR,7.0,0.0,7.0,0.0,1.0,1.0,0.0
AAAXMP138200001227142810_OR,5.0,0.0,5.0,0.0,2.0,1.0,0.0
AAAXMP138200001227272810_OR,10.0,5.0,5.0,0.0,3.0,1.5,0.5
AAAXMP138200001227492810_OR,14.0,3.0,11.0,0.0,3.0,1.2142857142857142,0.21428571428571427
AAAXMP138200001228202810_OR,7.0,0.0,7.0,0.0,4.0,1.0,0.0
AAAXMP138200001228212810_OR,6.0,0.0,6.0,0.0,0.0,1.0,0.0
AAAXMP138200001228282850_OR,9.0,1.0,8.0,0.0,6.0,1.1111111111111112,0.1111111111111111
AAAXMP138200001230262810_OR,12.0,1.0,11.0,0.0,5.0,1.0833333333333333,0.08333333333333333
AAAXMP138200001231172810_OR,10.0,5.0,5.0,0.0,3.0,1.5,0.5
AAAXMP138200001231512850_OR,11.0,0.0,11.0,0.0,6.0,1.0,0.0
AAAXMP138200001231902810_OR,12.0,2.0,10.0,0.0,2.0,1.1666666666666667,0.16666666666666666
AAAXMP138200001232022850_OR,12.0,0.0,12.0,0.0,3.0,1.0,0.0
AAAXMP138200001232342810_OR,8.0,0.0,8.0,0.0,3.0,1.0,0.0
AAAXMP138200001233012810_OR,8.0,0.0,8.0,0.0,7.0,1.0,0.0
AAAXMP138200001234492144_OR,11.0,8.0,3.0,0.0,5.0,1.7272727272727273,0.7272727272727273
AAAXMP138200001234532850_OR,10.0,1.0,9.0,0.0,6.0,1.1,0.1
AAAXMP138200001236962810_OR,10.0,0.0,10.0,0.0,2.0,1.0,0.0
AAAXMP138200001237152144_OR,10.0,9.0,1.0,0.0,5.0,1.9,0.9
AAAXMP138200001237252144_OR,13.0,0.0,11.0,2.0,3.0,0.8461538461538461,0.0
AAAXMP138200001237352810_OR,9.0,2.0,7.0,0.0,6.0,1.2222222222222223,0.2222222222222222
AAAXMP138200001238822810_OR,10.0,2.0,8.0,0.0,5.0,1.2,0.2
AAAXMP138200001240022810_OR,12.0,1.0,11.0,0.0,7.0,1.0833333333333333,0.08333333333333333
AAAXMP138200001240292810_OR,7.0,1.0,6.0,0.0,2.0,1.1428571428571428,0.14285714285714285
AAAXMP138200001241242125_OR,13.0,0.0,13.0,0.0,1.0,1.0,0.0
AAAXMP138200001242692810_OR,8.0,0.0,8.0,0.0,4.0,1.0,0.0
AAAXMP138200001242702850_OR,8.0,2.0,6.0,0.0,0.0,1.25,0.25
AAAXMP138200001243902810_OR,10.0,0.0,10.0,0.0,5.0,1.0,0.0
AAAXMP138200001244012810_OR,5.0,1.0,4.0,0.0,0.0,1.2,0.2
AAAXMP138200001244832810_OR,9.0,0.0,9.0,0.0,4.0,1.0,0.0
AAAXMP138200001246332810_OR,7.0,0.0,7.0,0.0,4.0,1.0,0.0
AAAXMP138200001246552125_OR,13.0,0.0,13.0,0.0,1.0,1.0,0.0
AAAXMP138200001246642850_OR,12.0,0.0,12.0,0.0,4.0,1.0,0.0
AAAXMP138200001246732810_OR,15.0,0.0,15.0,0.0,5.0,1.0,0.0
AAAXMP138200001247042125_OR,13.0,1.0,12.0,0.0,1.0,1.0769230769230769,0.07692307692307693
AAAXMP138200001247282850_OR,8.0,0.0,7.0,1.0,2.0,0.875,0.0
AAAXMP138200001248012125_OR,10.0,0.0,10.0,0.0,1.0,1.0,0.0
AAAXMP138200001248232810_OR,7.0,0.0,7.0,0.0,5.0,1.0,0.0
AAAXMP138200001249482850_OR,9.0,2.0,6.0,1.0,1.0,1.1111111111111112,0.2222222222222222
AAAXMP138200001249492810_OR,10.0,4.0,6.0,0.0,6.0,1.4,0.4
AAAXMP138200001249642850_OR,9.0,0.0,9.0,0.0,6.0,1.0,0.0
AAAXMP138200001252252144_OR,12.0,8.0,4.0,0.0,2.0,1.6666666666666667,0.6666666666666666
AAAXMP138200001252322810_OR,12.0,5.0,7.0,0.0,3.0,1.4166666666666667,0.4166666666666667
AAAXMP138200001253542810_OR,10.0,3.0,7.0,0.0,4.0,1.3,0.3
AAAXMP138200001253562810_OR,9.0,5.0,4.0,0.0,2.0,1.5555555555555556,0.5555555555555556
AAAXMP138200001253582850_OR,9.0,6.0,3.0,0.0,1.0,1.6666666666666667,0.6666666666666666
AAAXMP138200001253612125_OR,14.0,7.0,7.0,0.0,2.0,1.5,0.5
AAAXMP138200001254022125_OR,10.0,3.0,6.0,1.0,2.0,1.2,0.3
AAAXMP138200001254322810_OR,8.0,2.0,6.0,0.0,7.0,1.25,0.25
AAAXMP138200001254602810_OR,6.0,0.0,6.0,0.0,3.0,1.0,0.0
AAAXMP138200001254872810_OR,7.0,0.0,5.0,2.0,0.0,0.7142857142857143,0.0
AAAXMP138200001257212810_OR,9.0,4.0,5.0,0.0,5.0,1.4444444444444444,0.4444444444444444
AAAXMP138200001257242125_OR,8.0,0.0,8.0,0.0,0.0,1.0,0.0
AAAXMP138200001257512850_OR,8.0,3.0,5.0,0.0,4.0,1.375,0.375
AAAXMP138200001258182810_OR,14.0,1.0,13.0,0.0,4.0,1.0714285714285714,0.07142857142857142
AAAXMP138200001258542144_OR,9.0,8.0,1.0,0.0,5.0,1.8888888888888888,0.8888888888888888
AAAXMP138200001258842850_OR,9.0,0.0,9.0,0.0,5.0,1.0,0.0
AAAXMP138200001259292850_OR,9.0,0.0,9.0,0.0,6.0,1.0,0.0
AAAXMP138200001259812810_OR,14.0,1.0,13.0,0.0,4.0,1.0714285714285714,0.07142857142857142
AAAXMP138200001259912810_OR,8.0,0.0,8.0,0.0,0.0,1.0,0.0
AAAXMP138200001259932810_OR,7.0,0.0,6.0,1.0,2.0,0.8571428571428571,0.0
AAAXMP138200001261192810_OR,14.0,0.0,14.0,0.0,3.0,1.0,0.0
AAAXMP138200001261262850_OR,12.0,9.0,3.0,0.0,0.0,1.75,0.75
AAAXMP138200001261522810_OR,9.0,0.0,9.0,0.0,6.0,1.0,0.0
AAAXMP138200001261602125_OR,19.0,5.0,14.0,0.0,2.0,1.263157894736842,0.2631578947368421
AAAXMP138200001261952810_OR,9.0,0.0,9.0,0.0,3.0,1.0,0.0
AAAXMP138200001262162810_OR,6.0,0.0,6.0,0.0,0.0,1.0,0.0
AAAXMP138200001262172810_OR,6.0,0.0,6.0,0.0,2.0,1.0,0.0
AAAXMP138200001262552850_OR,10.0,0.0,10.0,0.0,2.0,1.0,0.0
AAAXMP138200001263272144_OR,13.0,8.0,5.0,0.0,2.0,1.6153846153846154,0.6153846153846154
AAAXMP138200001263282850_OR,12.0,6.0,6.0,0.0,2.0,1.5,0.5
AAAXMP138200001263332810_OR,8.0,1.0,7.0,0.0,1.0,1.125,0.125
AAAXMP138200001263472850_OR,7.0,0.0,7.0,0.0,0.0,1.0,0.0
AAAXMP138200001263492850_OR,10.0,3.0,7.0,0.0,3.0,1.3,0.3
AAAXMP138200001264942850_OR,9.0,0.0,9.0,0.0,5.0,1.0,0.0
AAAXMP138200001264952810_OR,12.0,0.0,12.0,0.0,5.0,1.0,0.0
AAAXMP138200001265032144_OR,10.0,0.0,10.0,0.0,4.0,1.0,0.0
AAAXMP138200001265242810_OR,9.0,9.0,0.0,0.0,2.0,2.0,1.0
AAAXMP138200001265542810_OR,9.0,1.0,7.0,1.0,2.0,1.0,0.1111111111111111
AAAXMP138200001266022850_OR,9.0,2.0,7.0,0.0,2.0,1.2222222222222223,0.2222222222222222
AAAXMP138200001266342810_OR,9.0,2.0,7.0,0.0,2.0,1.2222222222222223,0.2222222222222222
AAAXMP138200001267042810_OR,12.0,0.0,12.0,0.0,5.0,1.0,0.0
AAAXMP138200001267072810_OR,9.0,0.0,9.0,0.0,0.0,1.0,0.0
AAAXMP138200001268422850_OR,11.0,1.0,10.0,0.0,1.0,1.0909090909090908,0.09090909090909091
AAAXMP138200001268452144_OR,12.0,4.0,8.0,0.0,2.0,1.3333333333333333,0.3333333333333333
AAAXMP138200001268712810_OR,9.0,2.0,7.0,0.0,3.0,1.2222222222222223,0.2222222222222222
AAAXMP138200001268792810_OR,13.0,0.0,13.0,0.0,5.0,1.0,0.0
AAAXMP138200001270712850_OR,13.0,6.0,7.0,0.0,5.0,1.4615384615384615,0.46153846153846156
AAAXMP138200001271552125_OR,14.0,10.0,4.0,0.0,2.0,1.7142857142857142,0.7142857142857143
AAAXMP138200001271682810_OR,16.0,10.0,6.0,0.0,2.0,1.625,0.625
AAAXMP138200001271702810_OR,9.0,4.0,5.0,0.0,6.0,1.4444444444444444,0.4444444444444444
AAAXMP138200001271712810_OR,9.0,1.0,8.0,0.0,5.0,1.1111111111111112,0.1111111111111111
AAAXMP138200001271762125_OR,19.0,5.0,14.0,0.0,1.0,1.263157894736842,0.2631578947368421
AAAXMP138200001271992125_OR,15.0,11.0,4.0,0.0,2.0,1.7333333333333334,0.7333333333333333
AAAXMP138200001272272850_OR,5.0,0.0,5.0,0.0,2.0,1.0,0.0
AAAXMP138200001272282810_OR,9.0,0.0,9.0,0.0,6.0,1.0,0.0
AAAXMP138200001272292810_OR,11.0,0.0,11.0,0.0,6.0,1.0,0.0
AAAXMP138200001272302850_OR,8.0,1.0,7.0,0.0,4.0,1.125,0.125
AAAXMP138200001273182125_OR,11.0,0.0,11.0,0.0,2.0,1.0,0.0
AAAXMP138200001274492810_OR,10.0,10.0,0.0,0.0,5.0,2.0,1.0
AAAXMP138200001274522810_OR,9.0,0.0,9.0,0.0,7.0,1.0,0.0
AAAXMP138200001274702850_OR,9.0,1.0,8.0,0.0,5.0,1.1111111111111112,0.1111111111111111
AAAXMP138200001275042125_OR,12.0,0.0,12.0,0.0,2.0,1.0,0.0
AAAXMP138200001275622810_OR,13.0,0.0,12.0,1.0,0.0,0.9230769230769231,0.0
AAAXMP138200001276112810_OR,13.0,3.0,10.0,0.0,4.0,1.2307692307692308,0.23076923076923078
AAAXMP138200001276142810_OR,8.0,5.0,3.0,0.0,3.0,1.625,0.625
AAAXMP138200001277232810_OR,9.0,1.0,8.0,0.0,2.0,1.1111111111111112,0.1111111111111111
AAAXMP138200001277262810_OR,8.0,1.0,7.0,0.0,0.0,1.125,0.125
AAAXMP138200001277802810_OR,7.0,0.0,7.0,0.0,0.0,1.0,0.0
AAAXMP138200001278632810_OR,9.0,0.0,9.0,0.0,5.0,1.0,0.0
AAAXMP138200001280562810_OR,12.0,1.0,11.0,0.0,6.0,1.0833333333333333,0.08333333333333333
AAAXMP138200001280802850_OR,9.0,3.0,6.0,0.0,0.0,1.3333333333333333,0.3333333333333333
AAAXMP138200001281132850_OR,8.0,4.0,4.0,0.0,5.0,1.5,0.5
AAAXMP138200001281182850_OR,15.0,0.0,15.0,0.0,4.0,1.0,0.0
AAAXMP138200001281852810_OR,12.0,0.0,9.0,3.0,3.0,0.75,0.0
AAAXMP138200001283742810_OR,13.0,3.0,10.0,0.0,2.0,1.2307692307692308,0.23076923076923078
AAAXMP138200001284352810_OR,12.0,2.0,10.0,0.0,4.0,1.1666666666666667,0.16666666666666666
AAAXMP138200001284422125_OR,9.0,3.0,6.0,0.0,1.0,1.3333333333333333,0.3333333333333333
AAAXMP138200001284562125_OR,10.0,5.0,5.0,0.0,1.0,1.5,0.5
AAAXMP138200001286222850_OR,9.0,4.0,5.0,0.0,3.0,1.4444444444444444,0.4444444444444444
AAAXMP138200001288502810_OR,6.0,2.0,4.0,0.0,0.0,1.3333333333333333,0.3333333333333333
AAAXMP138200001289242850_OR,9.0,3.0,6.0,0.0,4.0,1.3333333333333333,0.3333333333333333
AAAXMP138200001289252810_OR,8.0,3.0,5.0,0.0,7.0,1.375,0.375
AAAXMP138200001290012810_OR,13.0,0.0,13.0,0.0,2.0,1.0,0.0
AAAXMP138200001290032850_OR,10.0,0.0,10.0,0.0,3.0,1.0,0.0
AAAXMP138200001290052810_OR,9.0,6.0,3.0,0.0,5.0,1.6666666666666667,0.6666666666666666
AAAXMP138200001291052125_OR,12.0,0.0,12.0,0.0,2.0,1.0,0.0
AAAXMP138200001291222125_OR,7.0,2.0,5.0,0.0,0.0,1.2857142857142858,0.2857142857142857
AAAXMP138200001291462144_OR,12.0,7.0,5.0,0.0,2.0,1.5833333333333333,0.5833333333333334
AAAXMP138200001292582810_OR,9.0,0.0,9.0,0.0,6.0,1.0,0.0
AAAXMP138200001294042810_OR,8.0,3.0,5.0,0.0,0.0,1.375,0.375
AAAXMP138200001294222125_OR,12.0,0.0,11.0,1.0,0.0,0.9166666666666666,0.0
AAAXMP138200001295672144_OR,11.0,9.0,2.0,0.0,2.0,1.8181818181818181,0.8181818181818182
AAAXMP138200001295702144_OR,10.0,0.0,10.0,0.0,1.0,1.0,0.0
AAAXMP138200001295852810_OR,9.0,6.0,3.0,0.0,4.0,1.6666666666666667,0.6666666666666666
AAAXMP138200001296112810_OR,7.0,2.0,5.0,0.0,5.0,1.2857142857142858,0.2857142857142857
AAAXMP138200001296222850_OR,9.0,1.0,8.0,0.0,6.0,1.1111111111111112,0.1111111111111111
AAAXMP138200001296232810_OR,10.0,2.0,8.0,0.0,5.0,1.2,0.2
AAAXMP138200001296752144_OR,14.0,2.0,12.0,0.0,7.0,1.1428571428571428,0.14285714285714285
AAAXMP138200001296942810_OR,7.0,0.0,7.0,0.0,5.0,1.0,0.0
AAAXMP138200001297782850_OR,10.0,2.0,8.0,0.0,3.0,1.2,0.2
AAAXMP138200001297812850_OR,7.0,1.0,6.0,0.0,0.0,1.1428571428571428,0.14285714285714285
AAAXMP138200001297842850_OR,12.0,2.0,10.0,0.0,5.0,1.1666666666666667,0.16666666666666666
AAAXMP138200001298672125_OR,11.0,4.0,7.0,0.0,2.0,1.3636363636363635,0.36363636363636365
AAAXMP138200001301552850_OR,9.0,1.0,8.0,0.0,5.0,1.1111111111111112,0.1111111111111111
AAAXMP138200001301612810_OR,9.0,6.0,3.0,0.0,2.0,1.6666666666666667,0.6666666666666666
AAAXMP138200001302002144_OR,12.0,8.0,4.0,0.0,1.0,1.6666666666666667,0.6666666666666666
AAAXMP138200001302392810_OR,4.0,0.0,4.0,0.0,2.0,1.0,0.0
AAAXMP138200001302442810_OR,9.0,0.0,9.0,0.0,0.0,1.0,0.0
AAAXMP138200001303172810_OR,12.0,0.0,12.0,0.0,3.0,1.0,0.0
AAAXMP138200001303252810_OR,7.0,0.0,7.0,0.0,0.0,1.0,0.0
AAAXMP138200001304322850_OR,8.0,2.0,6.0,0.0,6.0,1.25,0.25
AAAXMP138200001304472810_OR,7.0,4.0,3.0,0.0,4.0,1.5714285714285714,0.5714285714285714
AAAXMP138200001304732810_OR,8.0,0.0,8.0,0.0,5.0,1.0,0.0
AAAXMP138200001305362810_OR,7.0,0.0,7.0,0.0,6.0,1.0,0.0
AAAXMP138200001305382850_OR,14.0,4.0,10.0,0.0,2.0,1.2857142857142858,0.2857142857142857
AAAXMP138200001305532125_OR,14.0,5.0,9.0,0.0,1.0,1.3571428571428572,0.35714285714285715
AAAXMP138200001305722810_OR,10.0,0.0,10.0,0.0,3.0,1.0,0.0
AAAXMP138200001305782810_OR,11.0,4.0,7.0,0.0,6.0,1.3636363636363635,0.36363636363636365
AAAXMP138200001305792810_OR,15.0,3.0,12.0,0.0,2.0,1.2,0.2
AAAXMP138200001305802850_OR,10.0,5.0,5.0,0.0,5.0,1.5,0.5
AAAXMP138200001306232850_OR,9.0,4.0,5.0,0.0,5.0,1.4444444444444444,0.4444444444444444
AAAXMP138200001306272810_OR,8.0,2.0,6.0,0.0,3.0,1.25,0.25
AAAXMP138200001307242850_OR,11.0,2.0,9.0,0.0,1.0,1.1818181818181819,0.18181818181818182
AAAXMP138200001307282810_OR,12.0,0.0,12.0,0.0,6.0,1.0,0.0
AAAXMP138200001307482144_OR,12.0,2.0,10.0,0.0,4.0,1.1666666666666667,0.16666666666666666
AAAXMP138200001307852144_OR,11.0,1.0,10.0,0.0,2.0,1.0909090909090908,0.09090909090909091
AAAXMP138200001312342144_OR,8.0,0.0,8.0,0.0,2.0,1.0,0.0
AAAXMP138200001312512850_OR,9.0,0.0,9.0,0.0,6.0,1.0,0.0
AAAXMP138200001312532810_OR,10.0,0.0,10.0,0.0,2.0,1.0,0.0
AAAXMP138200001312542810_OR,8.0,3.0,4.0,1.0,6.0,1.25,0.375
AAAXMP138200001312952810_OR,8.0,0.0,8.0,0.0,3.0,1.0,0.0
AAAXMP138200001313312810_OR,6.0,1.0,5.0,0.0,3.0,1.1666666666666667,0.16666666666666666
AAAXMP138200001315512144_OR,7.0,0.0,7.0,0.0,5.0,1.0,0.0
AAAXMP138200001316152850_OR,8.0,0.0,4.0,4.0,1.0,0.5,0.0
AAAXMP138200001316162810_OR,7.0,0.0,7.0,0.0,2.0,1.0,0.0
AAAXMP138200001316412144_OR,9.0,7.0,2.0,0.0,3.0,1.7777777777777777,0.7777777777777778
AAAXMP138200001316462125_OR,15.0,9.0,6.0,0.0,2.0,1.6,0.6
AAAXMP138200001316982810_OR,8.0,1.0,7.0,0.0,4.0,1.125,0.125
AAAXMP138200001316992850_OR,9.0,5.0,4.0,0.0,6.0,1.5555555555555556,0.5555555555555556
AAAXMP138200001317042850_OR,10.0,1.0,9.0,0.0,2.0,1.1,0.1
AAAXMP138200001317682810_OR,7.0,0.0,7.0,0.0,1.0,1.0,0.0
AAAXMP138200001317972144_OR,10.0,1.0,9.0,0.0,5.0,1.1,0.1
AAAXMP138200001318192810_OR,7.0,0.0,7.0,0.0,1.0,1.0,0.0
AAAXMP138200001319792850_OR,9.0,0.0,9.0,0.0,6.0,1.0,0.0
AAAXMP138200001320902810_OR,7.0,0.0,7.0,0.0,0.0,1.0,0.0
AAAXMP138200001321932810_OR,11.0,6.0,5.0,0.0,2.0,1.5454545454545454,0.5454545454545454
AAAXMP138200001322172125_OR,14.0,8.0,6.0,0.0,1.0,1.5714285714285714,0.5714285714285714
AAAXMP138200001322792144_OR,13.0,0.0,13.0,0.0,3.0,1.0,0.0
AAAXMP138200001322992125_OR,11.0,0.0,11.0,0.0,0.0,1.0,0.0
AAAXMP138200001323032810_OR,9.0,4.0,5.0,0.0,3.0,1.4444444444444444,0.4444444444444444
AAAXMP138200001323072810_OR,9.0,0.0,9.0,0.0,4.0,1.0,0.0
AAAXMP138200001323092810_OR,7.0,2.0,5.0,0.0,1.0,1.2857142857142858,0.2857142857142857
AAAXMP138200001323112850_OR,11.0,2.0,9.0,0.0,1.0,1.1818181818181819,0.18181818181818182
AAAXMP138200001323552850_OR,11.0,0.0,11.0,0.0,3.0,1.0,0.0
AAAXMP138200001325132810_OR,9.0,0.0,9.0,0.0,5.0,1.0,0.0
AAAXMP138200001325382850_OR,9.0,4.0,5.0,0.0,4.0,1.4444444444444444,0.4444444444444444
AAAXMP138200001326032810_OR,9.0,7.0,2.0,0.0,4.0,1.7777777777777777,0.7777777777777778
AAAXMP138200001326052850_OR,9.0,3.0,6.0,0.0,8.0,1.3333333333333333,0.3333333333333333
AAAXMP138200001326392810_OR,9.0,0.0,9.0,0.0,3.0,1.0,0.0
AAAXMP138200001326472125_OR,9.0,9.0,0.0,0.0,1.0,2.0,1.0
AAAXMP138200001326482144_OR,16.0,0.0,16.0,0.0,1.0,1.0,0.0
AAAXMP138200001326622125_OR,11.0,0.0,11.0,0.0,2.0,1.0,0.0
AAAXMP138200001327412810_OR,8.0,0.0,8.0,0.0,4.0,1.0,0.0
AAAXMP138200001327432850_OR,7.0,2.0,5.0,0.0,5.0,1.2857142857142858,0.2857142857142857
AAAXMP138200001328222850_OR,12.0,3.0,9.0,0.0,2.0,1.25,0.25
AAAXMP138200001328292125_OR,12.0,3.0,9.0,0.0,1.0,1.25,0.25
AAAXMP138200001328302125_OR,12.0,4.0,8.0,0.0,2.0,1.3333333333333333,0.3333333333333333
AAAXMP138200001328442810_OR,7.0,0.0,7.0,0.0,0.0,1.0,0.0
AAAXMP138200001329652144_OR,14.0,8.0,6.0,0.0,3.0,1.5714285714285714,0.5714285714285714
AAAXMP138200001329662125_OR,22.0,14.0,8.0,0.0,1.0,1.6363636363636365,0.6363636363636364
AAAXMP138200001329872125_OR,18.0,7.0,11.0,0.0,0.0,1.3888888888888888,0.3888888888888889
AAAXMP138200001329962850_OR,10.0,2.0,5.0,3.0,7.0,0.9,0.2
AAAXMP138200001329982810_OR,9.0,4.0,5.0,0.0,4.0,1.4444444444444444,0.4444444444444444
AAAXMP138200001330172144_OR,10.0,8.0,2.0,0.0,4.0,1.8,0.8
AAAXMP138200001330612850_OR,11.0,1.0,7.0,3.0,0.0,0.8181818181818182,0.09090909090909091
AAAXMP138200001331302850_OR,9.0,0.0,9.0,0.0,4.0,1.0,0.0
AAAXMP138200001331312810_OR,9.0,0.0,9.0,0.0,5.0,1.0,0.0
AAAXMP138200001333702125_OR,14.0,7.0,7.0,0.0,1.0,1.5,0.5
AAAXMP138200001333892810_OR,10.0,2.0,8.0,0.0,5.0,1.2,0.2
AAAXMP138200001334302144_OR,9.0,5.0,4.0,0.0,7.0,1.5555555555555556,0.5555555555555556
AAAXMP138200001334472850_OR,12.0,3.0,9.0,0.0,1.0,1.25,0.25
AAAXMP138200001334542810_OR,10.0,7.0,3.0,0.0,4.0,1.7,0.7
AAAXMP138200001334672125_OR,15.0,8.0,7.0,0.0,0.0,1.5333333333333334,0.5333333333333333
AAAXMP138200001334692125_OR,12.0,6.0,6.0,0.0,2.0,1.5,0.5
AAAXMP138200001335782144_OR,11.0,3.0,8.0,0.0,7.0,1.2727272727272727,0.2727272727272727
AAAXMP138200001336082144_OR,13.0,3.0,10.0,0.0,4.0,1.2307692307692308,0.23076923076923078
AAAXMP138200001336742810_OR,9.0,0.0,9.0,0.0,6.0,1.0,0.0
AAAXMP138200001338542125_OR,9.0,0.0,9.0,0.0,1.0,1.0,0.0
AAAXMP138200001339722810_OR,13.0,7.0,6.0,0.0,1.0,1.5384615384615385,0.5384615384615384
AAAXMP138200001339812810_OR,12.0,0.0,12.0,0.0,7.0,1.0,0.0
AAAXMP138200001340402810_OR,9.0,1.0,8.0,0.0,5.0,1.1111111111111112,0.1111111111111111
AAAXMP138200001340432810_OR,9.0,3.0,6.0,0.0,6.0,1.3333333333333333,0.3333333333333333
AAAXMP138200001341032850_OR,9.0,0.0,9.0,0.0,4.0,1.0,0.0
AAAXMP138200001341062810_OR,12.0,12.0,0.0,0.0,0.0,2.0,1.0
AAAXMP138200001341372810_OR,9.0,2.0,7.0,0.0,0.0,1.2222222222222223,0.2222222222222222
AAAXMP138200001341462810_OR,8.0,5.0,3.0,0.0,1.0,1.625,0.625
AAAXMP138200001342542810_OR,12.0,0.0,12.0,0.0,3.0,1.0,0.0
AAAXMP138200001342652125_OR,12.0,9.0,3.0,0.0,1.0,1.75,0.75
AAAXMP138200001342662125_OR,12.0,7.0,5.0,0.0,1.0,1.5833333333333333,0.5833333333333334
AAAXMP138200001343742810_OR,10.0,0.0,10.0,0.0,0.0,1.0,0.0
AAAXMP138200001343762125_OR,12.0,0.0,12.0,0.0,1.0,1.0,0.0
AAAXMP138200001344442125_OR,14.0,8.0,6.0,0.0,3.0,1.5714285714285714,0.5714285714285714
AAAXMP138200001348792125_OR,9.0,1.0,8.0,0.0,0.0,1.1111111111111112,0.1111111111111111
AAAXMP138200001349572144_OR,12.0,6.0,6.0,0.0,3.0,1.5,0.5
AAAXMP138200001349782810_OR,7.0,1.0,6.0,0.0,4.0,1.1428571428571428,0.14285714285714285
AAAXMP138200001349842810_OR,9.0,0.0,9.0,0.0,2.0,1.0,0.0
AAAXMP138200001350842810_OR,13.0,5.0,8.0,0.0,2.0,1.3846153846153846,0.38461538461538464
AAAXMP138200001351992850_OR,7.0,0.0,7.0,0.0,4.0,1.0,0.0
AAAXMP138200001352432125_OR,16.0,0.0,16.0,0.0,0.0,1.0,0.0
AAAXMP138200001353372810_OR,9.0,0.0,9.0,0.0,5.0,1.0,0.0
AAAXMP138200001353772850_OR,8.0,1.0,7.0,0.0,2.0,1.125,0.125
AAAXMP138200001354822125_OR,12.0,6.0,6.0,0.0,0.0,1.5,0.5
AAAXMP138200001355002810_OR,7.0,0.0,7.0,0.0,1.0,1.0,0.0
AAAXMP138200001355562144_OR,10.0,4.0,6.0,0.0,6.0,1.4,0.4
AAAXMP138200001356272810_OR,15.0,12.0,3.0,0.0,3.0,1.8,0.8
AAAXMP138200001357202810_OR,7.0,2.0,5.0,0.0,0.0,1.2857142857142858,0.2857142857142857
AAAXMP138200001357502810_OR,9.0,3.0,6.0,0.0,6.0,1.3333333333333333,0.3333333333333333
AAAXMP138200001358202810_OR,9.0,4.0,5.0,0.0,5.0,1.4444444444444444,0.4444444444444444
AAAXMP138200001358732810_OR,9.0,1.0,8.0,0.0,7.0,1.1111111111111112,0.1111111111111111
AAAXMP138200001359012810_OR,4.0,1.0,3.0,0.0,2.0,1.25,0.25
AAAXMP138200001359182125_OR,14.0,7.0,7.0,0.0,0.0,1.5,0.5
AAAXMP138200001359532810_OR,7.0,0.0,5.0,2.0,3.0,0.7142857142857143,0.0
AAAXMP138200001360002810_OR,11.0,0.0,11.0,0.0,5.0,1.0,0.0
AAAXMP138200001360732810_OR,11.0,6.0,5.0,0.0,7.0,1.5454545454545454,0.5454545454545454
AAAXMP138200001360932810_OR,12.0,4.0,8.0,0.0,3.0,1.3333333333333333,0.3333333333333333
AAAXMP138200001361412810_OR,9.0,0.0,9.0,0.0,6.0,1.0,0.0
AAAXMP138200001361472125_OR,12.0,8.0,4.0,0.0,2.0,1.6666666666666667,0.6666666666666666
AAAXMP138200001362032850_OR,21.0,2.0,17.0,2.0,5.0,1.0,0.09523809523809523
AAAXMP138200001362192144_OR,11.0,2.0,9.0,0.0,3.0,1.1818181818181819,0.18181818181818182
AAAXMP138200001362462850_OR,13.0,4.0,9.0,0.0,1.0,1.3076923076923077,0.3076923076923077
AAAXMP138200001362672810_OR,9.0,5.0,4.0,0.0,4.0,1.5555555555555556,0.5555555555555556
AAAXMP138200001362812850_OR,15.0,5.0,10.0,0.0,7.0,1.3333333333333333,0.3333333333333333
AAAXMP138200001366022810_OR,6.0,3.0,3.0,0.0,0.0,1.5,0.5
AAAXMP138200001366112850_OR,14.0,2.0,12.0,0.0,2.0,1.1428571428571428,0.14285714285714285
AAAXMP138200001366122850_OR,6.0,0.0,6.0,0.0,3.0,1.0,0.0
AAAXMP138200001366512810_OR,9.0,3.0,6.0,0.0,5.0,1.3333333333333333,0.3333333333333333
AAAXMP138200001366632810_OR,10.0,2.0,8.0,0.0,6.0,1.2,0.2
AAAXMP138200001367112810_OR,9.0,2.0,7.0,0.0,7.0,1.2222222222222223,0.2222222222222222
AAAXMP138200001367732850_OR,12.0,3.0,9.0,0.0,5.0,1.25,0.25
AAAXMP138200001368542810_OR,9.0,0.0,9.0,0.0,0.0,1.0,0.0
AAAXMP138200001369602850_OR,11.0,1.0,10.0,0.0,3.0,1.0909090909090908,0.09090909090909091
AAAXMP138200001369742810_OR,10.0,0.0,10.0,0.0,1.0,1.0,0.0
AAAXMP138200001369832850_OR,10.0,0.0,10.0,0.0,5.0,1.0,0.0
AAAXMP138200001370672810_OR,9.0,0.0,9.0,0.0,1.0,1.0,0.0
AAAXMP138200001372272850_OR,11.0,2.0,9.0,0.0,2.0,1.1818181818181819,0.18181818181818182
AAAXMP138200001372392144_OR,12.0,0.0,12.0,0.0,7.0,1.0,0.0
AAAXMP138200001373152810_OR,9.0,4.0,5.0,0.0,6.0,1.4444444444444444,0.4444444444444444
AAAXMP138200001373482144_OR,15.0,8.0,7.0,0.0,3.0,1.5333333333333334,0.5333333333333333
AAAXMP138200001373952125_OR,16.0,4.0,12.0,0.0,3.0,1.25,0.25
AAAXMP138200001374032850_OR,8.0,0.0,8.0,0.0,4.0,1.0,0.0
AAAXMP138200001374662125_OR,14.0,4.0,10.0,0.0,0.0,1.2857142857142858,0.2857142857142857
AAAXMP138200001374872810_OR,10.0,1.0,9.0,0.0,3.0,1.1,0.1
AAAXMP138200001374992125_OR,12.0,5.0,7.0,0.0,0.0,1.4166666666666667,0.4166666666666667
AAAXMP138200001375032125_OR,12.0,2.0,10.0,0.0,1.0,1.1666666666666667,0.16666666666666666
AAAXMP138200001375162125_OR,11.0,1.0,10.0,0.0,0.0,1.0909090909090908,0.09090909090909091
AAAXMP138200001375632850_OR,12.0,8.0,4.0,0.0,0.0,1.6666666666666667,0.6666666666666666
AAAXMP138200001375672810_OR,9.0,4.0,5.0,0.0,6.0,1.4444444444444444,0.4444444444444444
AAAXMP138200001375882144_OR,8.0,0.0,8.0,0.0,7.0,1.0,0.0
AAAXMP138200001376012810_OR,11.0,9.0,2.0,0.0,4.0,1.8181818181818181,0.8181818181818182
AAAXMP138200001376142810_OR,7.0,3.0,4.0,0.0,4.0,1.4285714285714286,0.42857142857142855
AAAXMP138200001376382810_OR,10.0,0.0,10.0,0.0,6.0,1.0,0.0
AAAXMP138200001378302850_OR,7.0,3.0,4.0,0.0,1.0,1.4285714285714286,0.42857142857142855
AAAXMP138200001378792125_OR,11.0,6.0,5.0,0.0,1.0,1.5454545454545454,0.5454545454545454
AAAXMP138200001379522810_OR,12.0,3.0,9.0,0.0,1.0,1.25,0.25
AAAXMP138200001379632810_OR,9.0,7.0,2.0,0.0,0.0,1.7777777777777777,0.7777777777777778
AAAXMP138200001379672810_OR,9.0,7.0,2.0,0.0,0.0,1.7777777777777777,0.7777777777777778
AAAXMP138200001380022144_OR,10.0,4.0,6.0,0.0,2.0,1.4,0.4
AAAXMP138200001381302125_OR,15.0,6.0,9.0,0.0,2.0,1.4,0.4
AAAXMP138200001381702850_OR,8.0,0.0,7.0,1.0,3.0,0.875,0.0
AAAXMP138200001381752144_OR,12.0,4.0,8.0,0.0,2.0,1.3333333333333333,0.3333333333333333
AAAXMP138200001381872810_OR,9.0,7.0,2.0,0.0,0.0,1.7777777777777777,0.7777777777777778
AAAXMP138200001382712125_OR,12.0,2.0,10.0,0.0,1.0,1.1666666666666667,0.16666666666666666
AAAXMP138200001383092810_OR,12.0,3.0,9.0,0.0,0.0,1.25,0.25
AAAXMP138200001383632144_OR,13.0,0.0,12.0,1.0,6.0,0.9230769230769231,0.0
AAAXMP138200001383722125_OR,8.0,2.0,6.0,0.0,0.0,1.25,0.25
AAAXMP138200001383842850_OR,11.0,8.0,3.0,0.0,4.0,1.7272727272727273,0.7272727272727273
AAAXMP138200001384002810_OR,9.0,3.0,6.0,0.0,2.0,1.3333333333333333,0.3333333333333333
AAAXMP138200001384032125_OR,10.0,3.0,7.0,0.0,3.0,1.3,0.3
AAAXMP138200001384142850_OR,9.0,3.0,6.0,0.0,5.0,1.3333333333333333,0.3333333333333333
AAAXMP138200001387222144_OR,13.0,0.0,13.0,0.0,7.0,1.0,0.0
AAAXMP138200001387742125_OR,12.0,2.0,10.0,0.0,1.0,1.1666666666666667,0.16666666666666666
AAAXMP138200001388062850_OR,9.0,4.0,5.0,0.0,6.0,1.4444444444444444,0.4444444444444444
AAAXMP138200001389492850_OR,7.0,1.0,6.0,0.0,1.0,1.1428571428571428,0.14285714285714285
AAAXMP138200001389682810_OR,3.0,1.0,2.0,0.0,0.0,1.3333333333333333,0.3333333333333333
AAAXMP138200001390432810_OR,8.0,5.0,3.0,0.0,2.0,1.625,0.625
AAAXMP138200001391002144_OR,10.0,3.0,7.0,0.0,1.0,1.3,0.3
AAAXMP138200001391912810_OR,8.0,2.0,6.0,0.0,4.0,1.25,0.25
AAAXMP138200001391982810_OR,12.0,5.0,7.0,0.0,1.0,1.4166666666666667,0.4166666666666667
AAAXMP138200001392952144_OR,12.0,7.0,5.0,0.0,2.0,1.5833333333333333,0.5833333333333334
AAAXMP138200001394582144_OR,9.0,0.0,9.0,0.0,5.0,1.0,0.0
AAAXMP138200001394922810_OR,13.0,4.0,9.0,0.0,3.0,1.3076923076923077,0.3076923076923077
AAAXMP138200001395882810_OR,9.0,0.0,9.0,0.0,2.0,1.0,0.0
AAAXMP138200001396542144_OR,9.0,0.0,9.0,0.0,6.0,1.0,0.0
AAAXMP138200001397012144_OR,15.0,0.0,15.0,0.0,4.0,1.0,0.0
AAAXMP138200001398412850_OR,10.0,3.0,7.0,0.0,6.0,1.3,0.3
AAAXMP138200001398782125_OR,11.0,0.0,11.0,0.0,2.0,1.0,0.0
AAAXMP138200001398902810_OR,10.0,1.0,9.0,0.0,2.0,1.1,0.1
AAAXMP138200001399042810_OR,6.0,1.0,5.0,0.0,0.0,1.1666666666666667,0.16666666666666666
AAAXMP138200001399552125_OR,13.0,0.0,13.0,0.0,2.0,1.0,0.0
AAAXMP138200001399702125_OR,7.0,0.0,7.0,0.0,0.0,1.0,0.0
AAAXMP138200001401132125_OR,15.0,2.0,13.0,0.0,2.0,1.1333333333333333,0.13333333333333333
AAAXMP138200001401292125_OR,12.0,1.0,11.0,0.0,0.0,1.0833333333333333,0.08333333333333333
AAAXMP138200001401382810_OR,9.0,0.0,9.0,0.0,4.0,1.0,0.0
AAAXMP138200001401742144_OR,16.0,3.0,13.0,0.0,5.0,1.1875,0.1875
AAAXMP138200001402012144_OR,7.0,1.0,5.0,1.0,3.0,1.0,0.14285714285714285
AAAXMP138200001402552850_OR,9.0,5.0,4.0,0.0,6.0,1.5555555555555556,0.5555555555555556
AAAXMP138200001402922125_OR,14.0,9.0,5.0,0.0,3.0,1.6428571428571428,0.6428571428571429
AAAXMP138200001403072125_OR,14.0,1.0,13.0,0.0,1.0,1.0714285714285714,0.07142857142857142
AAAXMP138200001403782850_OR,13.0,0.0,13.0,0.0,3.0,1.0,0.0
AAAXMP138200001404912125_OR,17.0,9.0,8.0,0.0,4.0,1.5294117647058822,0.5294117647058824
AAAXMP138200001405072125_OR,12.0,2.0,10.0,0.0,2.0,1.1666666666666667,0.16666666666666666
AAAXMP138200001405332125_OR,17.0,10.0,7.0,0.0,2.0,1.588235294117647,0.5882352941176471
AAAXMP138200001405382144_OR,14.0,0.0,12.0,2.0,7.0,0.8571428571428571,0.0
AAAXMP138200001405652810_OR,12.0,1.0,11.0,0.0,2.0,1.0833333333333333,0.08333333333333333
AAAXMP138200001405932810_OR,9.0,2.0,7.0,0.0,2.0,1.2222222222222223,0.2222222222222222
AAAXMP138200001407212810_OR,9.0,5.0,4.0,0.0,2.0,1.5555555555555556,0.5555555555555556
AAAXMP138200001407262144_OR,13.0,12.0,1.0,0.0,3.0,1.9230769230769231,0.9230769230769231
AAAXMP138200001407682125_OR,13.0,0.0,13.0,0.0,2.0,1.0,0.0
AAAXMP138200001407702125_OR,13.0,7.0,6.0,0.0,1.0,1.5384615384615385,0.5384615384615384
AAAXMP138200001409132125_OR,12.0,2.0,10.0,0.0,1.0,1.1666666666666667,0.16666666666666666
AAAXMP138200001409402125_OR,8.0,1.0,7.0,0.0,0.0,1.125,0.125
AAAXMP138200001410492144_OR,12.0,3.0,9.0,0.0,1.0,1.25,0.25
AAAXMP138200001410722850_OR,14.0,5.0,9.0,0.0,2.0,1.3571428571428572,0.35714285714285715
AAAXMP138200001410882125_OR,15.0,0.0,10.0,5.0,2.0,0.6666666666666666,0.0
AAAXMP138200001412742144_OR,10.0,1.0,9.0,0.0,6.0,1.1,0.1
AAAXMP138200001413322810_OR,9.0,2.0,7.0,0.0,0.0,1.2222222222222223,0.2222222222222222
AAAXMP138200001413362850_OR,17.0,0.0,17.0,0.0,1.0,1.0,0.0
AAAXMP138200001414162125_OR,14.0,7.0,7.0,0.0,1.0,1.5,0.5
AAAXMP138200001414212144_OR,12.0,5.0,7.0,0.0,2.0,1.4166666666666667,0.4166666666666667
AAAXMP138200001414392810_OR,13.0,0.0,10.0,3.0,2.0,0.7692307692307693,0.0
AAAXMP138200001414722850_OR,12.0,1.0,11.0,0.0,4.0,1.0833333333333333,0.08333333333333333
AAAXMP138200001416192125_OR,7.0,0.0,6.0,1.0,3.0,0.8571428571428571,0.0
AAAXMP138200001416582125_OR,9.0,0.0,4.0,5.0,1.0,0.4444444444444444,0.0
AAAXMP138200001417752810_OR,10.0,1.0,9.0,0.0,1.0,1.1,0.1
AAAXMP138200001418072125_OR,12.0,5.0,7.0,0.0,0.0,1.4166666666666667,0.4166666666666667
AAAXMP138200001418102810_OR,13.0,3.0,10.0,0.0,7.0,1.2307692307692308,0.23076923076923078
AAAXMP138200001418192125_OR,7.0,0.0,4.0,3.0,1.0,0.5714285714285714,0.0
AAAXMP138200001418682810_OR,11.0,0.0,11.0,0.0,6.0,1.0,0.0
AAAXMP138200001418852850_OR,14.0,0.0,14.0,0.0,3.0,1.0,0.0
AAAXMP138200001419922144_OR,7.0,2.0,5.0,0.0,3.0,1.2857142857142858,0.2857142857142857
AAAXMP138200001421022850_OR,10.0,4.0,6.0,0.0,6.0,1.4,0.4
AAAXMP138200001421072810_OR,8.0,2.0,6.0,0.0,3.0,1.25,0.25
AAAXMP138200001421152125_OR,10.0,1.0,9.0,0.0,0.0,1.1,0.1
AAAXMP138200001421202144_OR,14.0,10.0,4.0,0.0,0.0,1.7142857142857142,0.7142857142857143
AAAXMP138200001421762125_OR,12.0,0.0,12.0,0.0,0.0,1.0,0.0
AAAXMP138200001421842144_OR,7.0,6.0,1.0,0.0,0.0,1.8571428571428572,0.8571428571428571
AAAXMP138200001422942810_OR,15.0,1.0,14.0,0.0,5.0,1.0666666666666667,0.06666666666666667
AAAXMP138200001423572810_OR,9.0,0.0,9.0,0.0,5.0,1.0,0.0
AAAXMP138200001424002850_OR,17.0,1.0,16.0,0.0,1.0,1.0588235294117647,0.058823529411764705
AAAXMP138200001424192850_OR,10.0,0.0,10.0,0.0,3.0,1.0,0.0
AAAXMP138200001424562850_OR,12.0,4.0,8.0,0.0,1.0,1.3333333333333333,0.3333333333333333
AAAXMP138200001424932810_OR,7.0,0.0,7.0,0.0,3.0,1.0,0.0
AAAXMP138200001424942144_OR,7.0,4.0,3.0,0.0,0.0,1.5714285714285714,0.5714285714285714
AAAXMP138200001425142144_OR,9.0,1.0,8.0,0.0,1.0,1.1111111111111112,0.1111111111111111
AAAXMP138200001425662144_OR,14.0,5.0,9.0,0.0,3.0,1.3571428571428572,0.35714285714285715
AAAXMP138200001426102144_OR,9.0,9.0,0.0,0.0,1.0,2.0,1.0
AAAXMP138200001426142144_OR,5.0,0.0,5.0,0.0,1.0,1.0,0.0
AAAXMP138200001427322850_OR,12.0,4.0,8.0,0.0,3.0,1.3333333333333333,0.3333333333333333
AAAXMP138200001428162144_OR,14.0,1.0,12.0,1.0,4.0,1.0,0.07142857142857142
AAAXMP138200001428342810_OR,6.0,0.0,6.0,0.0,0.0,1.0,0.0
AAAXMP138200001428632144_OR,13.0,0.0,12.0,1.0,6.0,0.9230769230769231,0.0
AAAXMP138200001428832125_OR,10.0,0.0,9.0,1.0,0.0,0.9,0.0
AAAXMP138200001429012125_OR,10.0,2.0,8.0,0.0,2.0,1.2,0.2
AAAXMP138200001429232850_OR,10.0,2.0,8.0,0.0,5.0,1.2,0.2
AAAXMP138200001429462125_OR,14.0,5.0,9.0,0.0,0.0,1.3571428571428572,0.35714285714285715
AAAXMP138200001429742810_OR,12.0,0.0,12.0,0.0,3.0,1.0,0.0
AAAXMP138200001431022810_OR,9.0,8.0,1.0,0.0,5.0,1.8888888888888888,0.8888888888888888
AAAXMP138200001431402125_OR,12.0,8.0,4.0,0.0,1.0,1.6666666666666667,0.6666666666666666
AAAXMP138200001431812810_OR,9.0,1.0,8.0,0.0,3.0,1.1111111111111112,0.1111111111111111
AAAXMP138200001431822125_OR,13.0,10.0,3.0,0.0,0.0,1.7692307692307692,0.7692307692307693
AAAXMP138200001432212850_OR,15.0,1.0,14.0,0.0,5.0,1.0666666666666667,0.06666666666666667
AAAXMP138200001432522144_OR,8.0,2.0,6.0,0.0,2.0,1.25,0.25
AAAXMP138200001432572144_OR,12.0,3.0,9.0,0.0,8.0,1.25,0.25
AAAXMP138200001432712144_OR,8.0,0.0,8.0,0.0,1.0,1.0,0.0
AAAXMP138200001433122144_OR,13.0,0.0,13.0,0.0,8.0,1.0,0.0
AAAXMP138200001433952850_OR,14.0,10.0,4.0,0.0,2.0,1.7142857142857142,0.7142857142857143
AAAXMP138200001434132810_OR,9.0,4.0,5.0,0.0,3.0,1.4444444444444444,0.4444444444444444
AAAXMP138200001434322810_OR,9.0,3.0,6.0,0.0,1.0,1.3333333333333333,0.3333333333333333
AAAXMP138200001435042125_OR,14.0,0.0,14.0,0.0,0.0,1.0,0.0
AAAXMP138200001435062810_OR,9.0,8.0,1.0,0.0,6.0,1.8888888888888888,0.8888888888888888
AAAXMP138200001435772850_OR,7.0,0.0,7.0,0.0,6.0,1.0,0.0
AAAXMP138200001436992850_OR,9.0,3.0,6.0,0.0,2.0,1.3333333333333333,0.3333333333333333
AAAXMP138200001437372125_OR,13.0,3.0,10.0,0.0,0.0,1.2307692307692308,0.23076923076923078
AAAXMP138200001437602125_OR,13.0,6.0,7.0,0.0,0.0,1.4615384615384615,0.46153846153846156
AAAXMP138200001437722810_OR,9.0,0.0,9.0,0.0,2.0,1.0,0.0
AAAXMP138200001437832810_OR,13.0,1.0,12.0,0.0,5.0,1.0769230769230769,0.07692307692307693
AAAXMP138200001438802810_OR,7.0,4.0,3.0,0.0,2.0,1.5714285714285714,0.5714285714285714
AAAXMP138200001438862810_OR,9.0,5.0,4.0,0.0,4.0,1.5555555555555556,0.5555555555555556
AAAXMP138200001439372850_OR,9.0,1.0,6.0,2.0,4.0,0.8888888888888888,0.1111111111111111
AAAXMP138200001439402850_OR,10.0,0.0,10.0,0.0,4.0,1.0,0.0
AAAXMP138200001439532810_OR,9.0,3.0,6.0,0.0,1.0,1.3333333333333333,0.3333333333333333
AAAXMP138200001440562850_OR,14.0,10.0,4.0,0.0,2.0,1.7142857142857142,0.7142857142857143
AAAXMP138200001440762810_OR,12.0,0.0,12.0,0.0,6.0,1.0,0.0
AAAXMP138200001441502810_OR,11.0,0.0,11.0,0.0,0.0,1.0,0.0
AAAXMP138200001441642125_OR,12.0,2.0,10.0,0.0,0.0,1.1666666666666667,0.16666666666666666
AAAXMP138200001441862850_OR,12.0,5.0,7.0,0.0,7.0,1.4166666666666667,0.4166666666666667
AAAXMP138200001442152810_OR,12.0,8.0,4.0,0.0,5.0,1.6666666666666667,0.6666666666666666
AAAXMP138200001442612810_OR,9.0,1.0,8.0,0.0,5.0,1.1111111111111112,0.1111111111111111
AAAXMP138200001443402125_OR,5.0,0.0,5.0,0.0,1.0,1.0,0.0
AAAXMP138200001444142810_OR,9.0,0.0,9.0,0.0,5.0,1.0,0.0
AAAXMP138200001444162125_OR,13.0,0.0,13.0,0.0,0.0,1.0,0.0
AAAXMP138200001444712850_OR,11.0,9.0,2.0,0.0,2.0,1.8181818181818181,0.8181818181818182
AAAXMP138200001444742850_OR,9.0,4.0,5.0,0.0,7.0,1.4444444444444444,0.4444444444444444
AAAXMP138200001445132810_OR,11.0,1.0,10.0,0.0,8.0,1.0909090909090908,0.09090909090909091
AAAXMP138200001445762810_OR,12.0,12.0,0.0,0.0,0.0,2.0,1.0
AAAXMP138200001446102810_OR,12.0,4.0,8.0,0.0,4.0,1.3333333333333333,0.3333333333333333
AAAXMP138200001446572850_OR,11.0,2.0,9.0,0.0,4.0,1.1818181818181819,0.18181818181818182
AAAXMP138200001446852125_OR,11.0,3.0,8.0,0.0,3.0,1.2727272727272727,0.2727272727272727
AAAXMP138200001446912144_OR,12.0,3.0,9.0,0.0,1.0,1.25,0.25
AAAXMP138200001447072144_OR,8.0,1.0,7.0,0.0,3.0,1.125,0.125
AAAXMP138200001447222810_OR,7.0,1.0,6.0,0.0,2.0,1.1428571428571428,0.14285714285714285
AAAXMP138200001448162125_OR,12.0,4.0,8.0,0.0,2.0,1.3333333333333333,0.3333333333333333
AAAXMP138200001448602850_OR,9.0,0.0,9.0,0.0,4.0,1.0,0.0
AAAXMP138200001451182810_OR,9.0,9.0,0.0,0.0,6.0,2.0,1.0
AAAXMP138200001451562144_OR,12.0,4.0,7.0,1.0,3.0,1.25,0.3333333333333333
AAAXMP138200001452852850_OR,14.0,2.0,8.0,4.0,5.0,0.8571428571428571,0.14285714285714285
AAAXMP138200001453502125_OR,14.0,4.0,10.0,0.0,1.0,1.2857142857142858,0.2857142857142857
AAAXMP138200001453612850_OR,12.0,0.0,12.0,0.0,6.0,1.0,0.0
AAAXMP138200001455092810_OR,10.0,5.0,5.0,0.0,1.0,1.5,0.5
AAAXMP138200001455182850_OR,14.0,0.0,14.0,0.0,7.0,1.0,0.0
AAAXMP138200001455562810_OR,9.0,1.0,8.0,0.0,4.0,1.1111111111111112,0.1111111111111111
AAAXMP138200001455722810_OR,9.0,0.0,9.0,0.0,5.0,1.0,0.0
AAAXMP138200001456652144_OR,13.0,0.0,13.0,0.0,6.0,1.0,0.0
AAAXMP138200001456752850_OR,13.0,2.0,11.0,0.0,1.0,1.1538461538461537,0.15384615384615385
AAAXMP138200001457402850_OR_cleaned,11.0,10.0,1.0,0.0,5.0,1.9090909090909092,0.9090909090909091
AAAXMP138200001459002810_OR,9.0,4.0,5.0,0.0,5.0,1.4444444444444444,0.4444444444444444
AAAXMP138200001459042125_OR,10.0,3.0,7.0,0.0,1.0,1.3,0.3
AAAXMP138200001459682850_OR,11.0,0.0,11.0,0.0,7.0,1.0,0.0
AAAXMP138200001459912125_OR,9.0,2.0,7.0,0.0,0.0,1.2222222222222223,0.2222222222222222
AAAXMP138200001460642125_OR,9.0,0.0,9.0,0.0,0.0,1.0,0.0
AAAXMP138200001461092810_OR,10.0,9.0,1.0,0.0,4.0,1.9,0.9
AAAXMP138200001461232810_OR,13.0,1.0,12.0,0.0,6.0,1.0769230769230769,0.07692307692307693
AAAXMP138200001463752810_OR,12.0,1.0,11.0,0.0,5.0,1.0833333333333333,0.08333333333333333
AAAXMP138200001463932810_OR,15.0,8.0,7.0,0.0,0.0,1.5333333333333334,0.5333333333333333
AAAXMP138200001464262850_OR,10.0,6.0,4.0,0.0,4.0,1.6,0.6
AAAXMP138200001464492810_OR,10.0,4.0,6.0,0.0,6.0,1.4,0.4
AAAXMP138200001464782144_OR,7.0,1.0,4.0,2.0,3.0,0.8571428571428571,0.14285714285714285
AAAXMP138200001465002144_OR,10.0,3.0,7.0,0.0,4.0,1.3,0.3
AAAXMP138200001465022125_OR,11.0,2.0,9.0,0.0,1.0,1.1818181818181819,0.18181818181818182
AAAXMP138200001465672810_OR,9.0,4.0,5.0,0.0,1.0,1.4444444444444444,0.4444444444444444
AAAXMP138200001465952144_OR,14.0,6.0,8.0,0.0,1.0,1.4285714285714286,0.42857142857142855
AAAXMP138200001466242810_OR,11.0,10.0,1.0,0.0,5.0,1.9090909090909092,0.9090909090909091
AAAXMP138200001466342810_OR,5.0,0.0,5.0,0.0,1.0,1.0,0.0
AAAXMP138200001466462125_OR,15.0,4.0,11.0,0.0,2.0,1.2666666666666666,0.26666666666666666
AAAXMP138200001466512850_OR,13.0,1.0,12.0,0.0,0.0,1.0769230769230769,0.07692307692307693
AAAXMP138200001466572850_OR,9.0,3.0,6.0,0.0,5.0,1.3333333333333333,0.3333333333333333
AAAXMP138200001467662125_OR,14.0,0.0,14.0,0.0,1.0,1.0,0.0
AAAXMP138200001468112125_OR,19.0,6.0,13.0,0.0,0.0,1.3157894736842106,0.3157894736842105
AAAXMP138200001468282850_OR,11.0,3.0,8.0,0.0,7.0,1.2727272727272727,0.2727272727272727
AAAXMP138200001468372810_OR,9.0,5.0,4.0,0.0,0.0,1.5555555555555556,0.5555555555555556
AAAXMP138200001471162125_OR,18.0,11.0,7.0,0.0,1.0,1.6111111111111112,0.6111111111111112
AAAXMP138200001471592810_OR,9.0,2.0,7.0,0.0,0.0,1.2222222222222223,0.2222222222222222
AAAXMP138200001471642125_OR,9.0,2.0,7.0,0.0,0.0,1.2222222222222223,0.2222222222222222
AAAXMP138200001471732125_OR,8.0,0.0,7.0,1.0,0.0,0.875,0.0
AAAXMP138200001472442810_OR,11.0,2.0,9.0,0.0,5.0,1.1818181818181819,0.18181818181818182
AAAXMP138200001472622810_OR,9.0,1.0,8.0,0.0,1.0,1.1111111111111112,0.1111111111111111
AAAXMP138200001472722810_OR,16.0,0.0,16.0,0.0,7.0,1.0,0.0
AAAXMP138200001473242125_OR,13.0,2.0,11.0,0.0,1.0,1.1538461538461537,0.15384615384615385
AAAXMP138200001473672850_OR,11.0,0.0,9.0,2.0,1.0,0.8181818181818182,0.0
AAAXMP138200001473772850_OR,10.0,1.0,9.0,0.0,6.0,1.1,0.1
AAAXMP138200001474252810_OR,9.0,0.0,9.0,0.0,4.0,1.0,0.0
AAAXMP138200001474692144_OR,9.0,1.0,8.0,0.0,5.0,1.1111111111111112,0.1111111111111111
AAAXMP138200001474842125_OR,17.0,7.0,10.0,0.0,0.0,1.411764705882353,0.4117647058823529
AAAXMP138200001474942810_OR,13.0,2.0,11.0,0.0,1.0,1.1538461538461537,0.15384615384615385
AAAXMP138200001475102125_OR,12.0,5.0,7.0,0.0,1.0,1.4166666666666667,0.4166666666666667
AAAXMP138200001475542850_OR,13.0,0.0,13.0,0.0,3.0,1.0,0.0
AAAXMP138200001476432850_OR,15.0,6.0,9.0,0.0,5.0,1.4,0.4
AAAXMP138200001476592144_OR,12.0,0.0,10.0,2.0,8.0,0.8333333333333334,0.0
AAAXMP138200001476952850_OR,10.0,4.0,6.0,0.0,6.0,1.4,0.4
AAAXMP138200001477052125_OR,13.0,4.0,9.0,0.0,1.0,1.3076923076923077,0.3076923076923077
AAAXMP138200001477122810_OR,9.0,8.0,1.0,0.0,1.0,1.8888888888888888,0.8888888888888888
AAAXMP138200001477222125_OR,12.0,0.0,12.0,0.0,1.0,1.0,0.0
AAAXMP138200001477502810_OR,9.0,2.0,7.0,0.0,4.0,1.2222222222222223,0.2222222222222222
AAAXMP138200001477532810_OR,9.0,5.0,4.0,0.0,3.0,1.5555555555555556,0.5555555555555556
AAAXMP138200001477562810_OR,9.0,0.0,9.0,0.0,1.0,1.0,0.0
AAAXMP138200001478142125_OR,16.0,6.0,10.0,0.0,1.0,1.375,0.375
AAAXMP138200001478372125_OR,13.0,9.0,4.0,0.0,0.0,1.6923076923076923,0.6923076923076923
AAAXMP138200001478382125_OR,11.0,0.0,11.0,0.0,1.0,1.0,0.0
AAAXMP138200001479572850_OR,13.0,10.0,3.0,0.0,7.0,1.7692307692307692,0.7692307692307693
AAAXMP138200001479842850_OR,11.0,1.0,10.0,0.0,3.0,1.0909090909090908,0.09090909090909091
AAAXMP138200001480012144_OR,12.0,4.0,8.0,0.0,3.0,1.3333333333333333,0.3333333333333333
AAAXMP138200001480102850_OR,13.0,4.0,8.0,1.0,0.0,1.2307692307692308,0.3076923076923077
AAAXMP138200001480462810_OR,7.0,0.0,7.0,0.0,1.0,1.0,0.0
AAAXMP138200001481152125_OR,14.0,0.0,13.0,1.0,2.0,0.9285714285714286,0.0
AAAXMP138200001481212810_OR,10.0,5.0,5.0,0.0,9.0,1.5,0.5
AAAXMP138200001481342810_OR,10.0,4.0,6.0,0.0,0.0,1.4,0.4
AAAXMP138200001482082144_OR,8.0,0.0,8.0,0.0,3.0,1.0,0.0
AAAXMP138200001482122810_OR,11.0,1.0,10.0,0.0,0.0,1.0909090909090908,0.09090909090909091
AAAXMP138200001482202125_OR,15.0,3.0,12.0,0.0,2.0,1.2,0.2
AAAXMP138200001483392810_OR,9.0,1.0,8.0,0.0,5.0,1.1111111111111112,0.1111111111111111
AAAXMP138200001483462850_OR,9.0,0.0,9.0,0.0,6.0,1.0,0.0
AAAXMP138200001483472850_OR,15.0,0.0,15.0,0.0,4.0,1.0,0.0
AAAXMP138200001483522850_OR,10.0,2.0,8.0,0.0,3.0,1.2,0.2
AAAXMP138200001484102810_OR,10.0,4.0,6.0,0.0,3.0,1.4,0.4
AAAXMP138200001484612144_OR,12.0,0.0,12.0,0.0,2.0,1.0,0.0
AAAXMP138200001485012125_OR,15.0,5.0,10.0,0.0,3.0,1.3333333333333333,0.3333333333333333
AAAXMP138200001485172810_OR,13.0,0.0,13.0,0.0,2.0,1.0,0.0
AAAXMP138200001485392144_OR,11.0,0.0,11.0,0.0,5.0,1.0,0.0
AAAXMP138200001485802850_OR,9.0,3.0,6.0,0.0,4.0,1.3333333333333333,0.3333333333333333
AAAXMP138200001486302144_OR,14.0,1.0,13.0,0.0,4.0,1.0714285714285714,0.07142857142857142
AAAXMP138200001486932850_OR,10.0,0.0,10.0,0.0,2.0,1.0,0.0
AAAXMP138200001486992810_OR,13.0,0.0,13.0,0.0,1.0,1.0,0.0
AAAXMP138200001487052850_OR,9.0,2.0,7.0,0.0,5.0,1.2222222222222223,0.2222222222222222
AAAXMP138200001487382144_OR,9.0,0.0,9.0,0.0,3.0,1.0,0.0
AAAXMP138200001487422125_OR,13.0,2.0,11.0,0.0,3.0,1.1538461538461537,0.15384615384615385
AAAXMP138200001488132144_OR,11.0,7.0,4.0,0.0,5.0,1.6363636363636365,0.6363636363636364
AAAXMP138200001488442125_OR,7.0,6.0,1.0,0.0,0.0,1.8571428571428572,0.8571428571428571
AAAXMP138200001488962125_OR,19.0,6.0,13.0,0.0,1.0,1.3157894736842106,0.3157894736842105
AAAXMP138200001489262810_OR,9.0,2.0,7.0,0.0,1.0,1.2222222222222223,0.2222222222222222
AAAXMP138200001490032810_OR,5.0,0.0,5.0,0.0,5.0,1.0,0.0
AAAXMP138200001490482144_OR,10.0,0.0,10.0,0.0,3.0,1.0,0.0
AAAXMP138200001490672125_OR,9.0,2.0,7.0,0.0,0.0,1.2222222222222223,0.2222222222222222
AAAXMP138200001490902810_OR,9.0,0.0,9.0,0.0,3.0,1.0,0.0
AAAXMP138200001490932125_OR,11.0,4.0,6.0,1.0,3.0,1.2727272727272727,0.36363636363636365
AAAXMP138200001491102850_OR,9.0,4.0,5.0,0.0,5.0,1.4444444444444444,0.4444444444444444
AAAXMP138200001491692810_OR,12.0,3.0,9.0,0.0,1.0,1.25,0.25
AAAXMP138200001491842144_OR,10.0,0.0,10.0,0.0,3.0,1.0,0.0
AAAXMP138200001492242850_OR,11.0,6.0,5.0,0.0,1.0,1.5454545454545454,0.5454545454545454
AAAXMP138200001492382144_OR,11.0,7.0,4.0,0.0,5.0,1.6363636363636365,0.6363636363636364
AAAXMP138200001492512810_OR,7.0,1.0,6.0,0.0,4.0,1.1428571428571428,0.14285714285714285
AAAXMP138200001492802125_OR,11.0,8.0,3.0,0.0,1.0,1.7272727272727273,0.7272727272727273
AAAXMP138200001492942125_OR,14.0,2.0,12.0,0.0,2.0,1.1428571428571428,0.14285714285714285
AAAXMP138200001493712125_OR,8.0,0.0,8.0,0.0,1.0,1.0,0.0
AAAXMP138200001493992810_OR,9.0,5.0,4.0,0.0,5.0,1.5555555555555556,0.5555555555555556
AAAXMP138200001494022810_OR,10.0,0.0,10.0,0.0,5.0,1.0,0.0
AAAXMP138200001495202125_OR,10.0,0.0,10.0,0.0,1.0,1.0,0.0
AAAXMP138200001495662125_OR,13.0,4.0,9.0,0.0,0.0,1.3076923076923077,0.3076923076923077
AAAXMP138200001496172125_OR,16.0,4.0,12.0,0.0,3.0,1.25,0.25
AAAXMP138200001496482810_OR,7.0,6.0,1.0,0.0,2.0,1.8571428571428572,0.8571428571428571
AAAXMP138200001496892125_OR,13.0,1.0,12.0,0.0,2.0,1.0769230769230769,0.07692307692307693
AAAXMP138200001496932810_OR,12.0,8.0,4.0,0.0,2.0,1.6666666666666667,0.6666666666666666
AAAXMP138200001497682850_OR,11.0,5.0,6.0,0.0,2.0,1.4545454545454546,0.45454545454545453
AAAXMP138200001497712850_OR,10.0,5.0,5.0,0.0,5.0,1.5,0.5
AAAXMP138200001499032125_OR,11.0,0.0,11.0,0.0,1.0,1.0,0.0
AAAXMP138200001499132810_OR,8.0,4.0,4.0,0.0,2.0,1.5,0.5
AAAXMP138200001499142125_OR,9.0,0.0,9.0,0.0,2.0,1.0,0.0
AAAXMP138200001499202810_OR,7.0,2.0,5.0,0.0,4.0,1.2857142857142858,0.2857142857142857
AAAXMP138200001499292144_OR,10.0,5.0,5.0,0.0,4.0,1.5,0.5
AAAXMP138200001499402125_OR,11.0,7.0,4.0,0.0,0.0,1.6363636363636365,0.6363636363636364
AAAXMP138200001499472810_OR,15.0,4.0,11.0,0.0,5.0,1.2666666666666666,0.26666666666666666
AAAXMP138200001500682144_OR,11.0,0.0,11.0,0.0,1.0,1.0,0.0
AAAXMP138200001500912810_OR,6.0,0.0,6.0,0.0,0.0,1.0,0.0
AAAXMP138200001501172125_OR,13.0,10.0,3.0,0.0,2.0,1.7692307692307692,0.7692307692307693
AAAXMP138200001501842850_OR,13.0,8.0,5.0,0.0,4.0,1.6153846153846154,0.6153846153846154
AAAXMP138200001502162125_OR,16.0,1.0,15.0,0.0,0.0,1.0625,0.0625
AAAXMP138200001502232850_OR,7.0,2.0,3.0,2.0,1.0,1.0,0.2857142857142857
AAAXMP138200001502592125_OR,10.0,3.0,7.0,0.0,2.0,1.3,0.3
AAAXMP138200001503242810_OR,13.0,3.0,10.0,0.0,4.0,1.2307692307692308,0.23076923076923078
AAAXMP138200001504042144_OR,9.0,2.0,7.0,0.0,4.0,1.2222222222222223,0.2222222222222222
AAAXMP138200001504502125_OR,13.0,9.0,4.0,0.0,1.0,1.6923076923076923,0.6923076923076923
AAAXMP138200001504822125_OR,11.0,1.0,10.0,0.0,0.0,1.0909090909090908,0.09090909090909091
AAAXMP138200001505812125_OR,13.0,4.0,9.0,0.0,1.0,1.3076923076923077,0.3076923076923077
AAAXMP138200001505942144_OR,12.0,10.0,2.0,0.0,0.0,1.8333333333333333,0.8333333333333334
AAAXMP138200001506722125_OR,11.0,0.0,11.0,0.0,3.0,1.0,0.0
AAAXMP138200001507442125_OR,11.0,3.0,8.0,0.0,2.0,1.2727272727272727,0.2727272727272727
AAAXMP138200001507942144_OR,12.0,3.0,9.0,0.0,2.0,1.25,0.25
AAAXMP138200001508322850_OR,12.0,2.0,10.0,0.0,3.0,1.1666666666666667,0.16666666666666666
AAAXMP138200001508842144_OR,17.0,2.0,15.0,0.0,3.0,1.1176470588235294,0.11764705882352941
AAAXMP138200001510302810_OR,21.0,5.0,16.0,0.0,5.0,1.2380952380952381,0.23809523809523808
AAAXMP138200001511412144_OR,12.0,8.0,4.0,0.0,2.0,1.6666666666666667,0.6666666666666666
AAAXMP138200001511492850_OR,12.0,4.0,8.0,0.0,6.0,1.3333333333333333,0.3333333333333333
AAAXMP138200001512592125_OR,12.0,3.0,9.0,0.0,3.0,1.25,0.25
AAAXMP138200001512852125_OR,12.0,10.0,2.0,0.0,0.0,1.8333333333333333,0.8333333333333334
AAAXMP138200001513772144_OR,10.0,5.0,5.0,0.0,1.0,1.5,0.5
AAAXMP138200001513832144_OR,13.0,2.0,11.0,0.0,3.0,1.1538461538461537,0.15384615384615385
AAAXMP138200001514122144_OR,8.0,2.0,6.0,0.0,1.0,1.25,0.25
AAAXMP138200001514312125_OR,15.0,9.0,6.0,0.0,0.0,1.6,0.6
AAAXMP138200001514462850_OR,15.0,3.0,12.0,0.0,5.0,1.2,0.2
AAAXMP138200001514572850_OR,9.0,1.0,8.0,0.0,5.0,1.1111111111111112,0.1111111111111111
AAAXMP138200001514992144_OR,9.0,2.0,7.0,0.0,0.0,1.2222222222222223,0.2222222222222222
AAAXMP138200001515252850_OR,11.0,2.0,9.0,0.0,5.0,1.1818181818181819,0.18181818181818182
AAAXMP138200001515312125_OR,12.0,4.0,8.0,0.0,1.0,1.3333333333333333,0.3333333333333333
AAAXMP138200001515682850_OR,17.0,4.0,8.0,5.0,3.0,0.9411764705882353,0.23529411764705882
AAAXMP138200001515792125_OR,17.0,8.0,9.0,0.0,1.0,1.4705882352941178,0.47058823529411764
AAAXMP138200001516832810_OR,8.0,4.0,4.0,0.0,5.0,1.5,0.5
AAAXMP138200001517252144_OR,10.0,3.0,7.0,0.0,2.0,1.3,0.3
AAAXMP138200001517382810_OR,8.0,0.0,8.0,0.0,6.0,1.0,0.0
AAAXMP138200001517432125_OR,7.0,0.0,7.0,0.0,0.0,1.0,0.0
AAAXMP138200001518352125_OR_cleaned,17.0,10.0,7.0,0.0,0.0,1.588235294117647,0.5882352941176471
AAAXMP138200001518362144_OR,11.0,1.0,10.0,0.0,7.0,1.0909090909090908,0.09090909090909091
AAAXMP138200001518442125_OR,12.0,2.0,10.0,0.0,0.0,1.1666666666666667,0.16666666666666666
AAAXMP138200001518532810_OR,12.0,7.0,5.0,0.0,2.0,1.5833333333333333,0.5833333333333334
AAAXMP138200001518922850_OR,11.0,2.0,9.0,0.0,5.0,1.1818181818181819,0.18181818181818182
AAAXMP138200001519412125_OR,12.0,2.0,10.0,0.0,1.0,1.1666666666666667,0.16666666666666666
AAAXMP138200001519482144_OR,7.0,1.0,6.0,0.0,2.0,1.1428571428571428,0.14285714285714285
AAAXMP138200001519662125_OR,11.0,0.0,11.0,0.0,0.0,1.0,0.0
AAAXMP138200001519802125_OR,13.0,6.0,7.0,0.0,1.0,1.4615384615384615,0.46153846153846156
AAAXMP138200001519932125_OR,11.0,6.0,5.0,0.0,1.0,1.5454545454545454,0.5454545454545454
AAAXMP138200001519942125_OR,14.0,10.0,4.0,0.0,2.0,1.7142857142857142,0.7142857142857143
AAAXMP138200001520182144_OR,10.0,0.0,10.0,0.0,0.0,1.0,0.0
AAAXMP138200001520202125_OR,15.0,3.0,12.0,0.0,3.0,1.2,0.2
AAAXMP138200001521462125_OR,12.0,2.0,10.0,0.0,2.0,1.1666666666666667,0.16666666666666666
AAAXMP138200001521912144_OR,11.0,0.0,11.0,0.0,4.0,1.0,0.0
AAAXMP138200001522142810_OR,9.0,0.0,9.0,0.0,4.0,1.0,0.0
AAAXMP138200001522282144_OR,7.0,4.0,3.0,0.0,0.0,1.5714285714285714,0.5714285714285714
AAAXMP138200001522552125_OR,21.0,1.0,19.0,1.0,0.0,1.0,0.047619047619047616
AAAXMP138200001524122125_OR,12.0,0.0,12.0,0.0,1.0,1.0,0.0
AAAXMP138200001524142810_OR,12.0,2.0,10.0,0.0,1.0,1.1666666666666667,0.16666666666666666
AAAXMP138200001524732810_OR,7.0,0.0,7.0,0.0,3.0,1.0,0.0
AAAXMP138200001524922144_OR,12.0,8.0,4.0,0.0,2.0,1.6666666666666667,0.6666666666666666
AAAXMP138200001525242144_OR,9.0,4.0,5.0,0.0,5.0,1.4444444444444444,0.4444444444444444
AAAXMP138200001525592125_OR,12.0,0.0,12.0,0.0,3.0,1.0,0.0
AAAXMP138200001527302144_OR,11.0,0.0,11.0,0.0,5.0,1.0,0.0
AAAXMP138200001527622144_OR,9.0,8.0,1.0,0.0,1.0,1.8888888888888888,0.8888888888888888
AAAXMP138200001528692125_OR,12.0,9.0,3.0,0.0,0.0,1.75,0.75
AAAXMP138200001528762125_OR,8.0,0.0,8.0,0.0,0.0,1.0,0.0
AAAXMP138200001532502144_OR,11.0,2.0,9.0,0.0,3.0,1.1818181818181819,0.18181818181818182
AAAXMP138200001532572125_OR,12.0,0.0,12.0,0.0,4.0,1.0,0.0
AAAXMP138200001532612125_OR,9.0,0.0,9.0,0.0,1.0,1.0,0.0
AAAXMP138200001533322125_OR,11.0,3.0,8.0,0.0,1.0,1.2727272727272727,0.2727272727272727
AAAXMP138200001533502125_OR,12.0,7.0,5.0,0.0,0.0,1.5833333333333333,0.5833333333333334
AAAXMP138200001533782125_OR,13.0,8.0,5.0,0.0,0.0,1.6153846153846154,0.6153846153846154
AAAXMP138200001534902125_OR,10.0,2.0,8.0,0.0,1.0,1.2,0.2
AAAXMP138200001535332144_OR,9.0,0.0,9.0,0.0,4.0,1.0,0.0
AAAXMP138200001535432125_OR,8.0,1.0,7.0,0.0,0.0,1.125,0.125
AAAXMP138200001536752125_OR,15.0,9.0,6.0,0.0,2.0,1.6,0.6
AAAXMP138200001536862850_OR,12.0,9.0,3.0,0.0,2.0,1.75,0.75
AAAXMP138200001537132125_OR,9.0,6.0,3.0,0.0,0.0,1.6666666666666667,0.6666666666666666
AAAXMP138200001537242125_OR,14.0,5.0,9.0,0.0,2.0,1.3571428571428572,0.35714285714285715
AAAXMP138200001537282810_OR,12.0,0.0,12.0,0.0,6.0,1.0,0.0
AAAXMP138200001538062144_OR,8.0,4.0,4.0,0.0,0.0,1.5,0.5
AAAXMP138200001538482125_OR,15.0,13.0,2.0,0.0,2.0,1.8666666666666667,0.8666666666666667
AAAXMP138200001538562144_OR,9.0,0.0,7.0,2.0,2.0,0.7777777777777778,0.0
AAAXMP138200001538992850_OR,12.0,1.0,11.0,0.0,8.0,1.0833333333333333,0.08333333333333333
AAAXMP138200001539402144_OR,12.0,8.0,4.0,0.0,0.0,1.6666666666666667,0.6666666666666666
AAAXMP138200001539482144_OR,7.0,4.0,1.0,2.0,1.0,1.2857142857142858,0.5714285714285714
AAAXMP138200001539712144_OR,11.0,11.0,0.0,0.0,4.0,2.0,1.0
AAAXMP138200001539772125_OR,13.0,1.0,12.0,0.0,0.0,1.0769230769230769,0.07692307692307693
AAAXMP138200001540432144_OR,12.0,7.0,5.0,0.0,4.0,1.5833333333333333,0.5833333333333334
AAAXMP138200001540692144_OR,12.0,3.0,9.0,0.0,7.0,1.25,0.25
AAAXMP138200001541222125_OR,17.0,13.0,4.0,0.0,2.0,1.7647058823529411,0.7647058823529411
AAAXMP138200001541642125_OR,12.0,8.0,4.0,0.0,0.0,1.6666666666666667,0.6666666666666666
AAAXMP138200001542002144_OR,8.0,0.0,8.0,0.0,1.0,1.0,0.0
AAAXMP138200001542212125_OR,9.0,3.0,6.0,0.0,2.0,1.3333333333333333,0.3333333333333333
AAAXMP138200001542532125_OR,11.0,5.0,6.0,0.0,1.0,1.4545454545454546,0.45454545454545453
AAAXMP138200001542582125_OR,13.0,3.0,10.0,0.0,0.0,1.2307692307692308,0.23076923076923078
AAAXMP138200001543152144_OR,12.0,1.0,11.0,0.0,5.0,1.0833333333333333,0.08333333333333333
AAAXMP138200001543192125_OR,18.0,1.0,17.0,0.0,2.0,1.0555555555555556,0.05555555555555555
AAAXMP138200001543492125_OR,14.0,4.0,10.0,0.0,1.0,1.2857142857142858,0.2857142857142857
AAAXMP138200001544202144_OR,7.0,1.0,6.0,0.0,6.0,1.1428571428571428,0.14285714285714285
AAAXMP138200001544222144_OR,11.0,0.0,11.0,0.0,4.0,1.0,0.0
AAAXMP138200001544352125_OR,9.0,5.0,4.0,0.0,0.0,1.5555555555555556,0.5555555555555556
AAAXMP138200001544582125_OR,13.0,2.0,11.0,0.0,3.0,1.1538461538461537,0.15384615384615385
AAAXMP138200001544922144_OR,12.0,8.0,4.0,0.0,2.0,1.6666666666666667,0.6666666666666666
AAAXMP138200001545612125_OR,15.0,9.0,6.0,0.0,2.0,1.6,0.6
AAAXMP138200001547682144_OR,10.0,6.0,4.0,0.0,6.0,1.6,0.6
AAAXMP138200001548902125_OR,12.0,4.0,8.0,0.0,2.0,1.3333333333333333,0.3333333333333333
AAAXMP138200001549072144_OR,9.0,8.0,1.0,0.0,2.0,1.8888888888888888,0.8888888888888888
AAAXMP138200001549462125_OR,13.0,4.0,8.0,1.0,1.0,1.2307692307692308,0.3076923076923077
AAAXMP138200001549532144_OR,9.0,0.0,9.0,0.0,5.0,1.0,0.0
AAAXMP138200001550292125_OR,12.0,6.0,6.0,0.0,0.0,1.5,0.5
AAAXMP138200001550782850_OR,9.0,2.0,7.0,0.0,2.0,1.2222222222222223,0.2222222222222222
AAAXMP138200001552092125_OR,10.0,1.0,9.0,0.0,1.0,1.1,0.1
AAAXMP138200001553142144_OR,11.0,9.0,2.0,0.0,1.0,1.8181818181818181,0.8181818181818182
AAAXMP138200001554192125_OR,12.0,0.0,12.0,0.0,3.0,1.0,0.0
AAAXMP138200001554662125_OR,17.0,11.0,6.0,0.0,2.0,1.6470588235294117,0.6470588235294118
AAAXMP138200001554792125_OR,14.0,12.0,2.0,0.0,2.0,1.8571428571428572,0.8571428571428571
AAAXMP138200001555532125_OR,10.0,0.0,9.0,1.0,2.0,0.9,0.0
AAAXMP138200001555592125_OR,12.0,10.0,2.0,0.0,1.0,1.8333333333333333,0.8333333333333334
AAAXMP138200001556412125_OR,9.0,0.0,9.0,0.0,0.0,1.0,0.0
AAAXMP138200001556862125_OR,12.0,1.0,11.0,0.0,2.0,1.0833333333333333,0.08333333333333333
AAAXMP138200001557232125_OR,17.0,9.0,8.0,0.0,3.0,1.5294117647058822,0.5294117647058824
AAAXMP138200001558172144_OR,8.0,0.0,8.0,0.0,1.0,1.0,0.0
AAAXMP138200001558752144_OR,11.0,8.0,3.0,0.0,3.0,1.7272727272727273,0.7272727272727273
AAAXMP138200001558822144_OR,14.0,8.0,6.0,0.0,2.0,1.5714285714285714,0.5714285714285714
AAAXMP138200001559342125_OR,12.0,1.0,11.0,0.0,2.0,1.0833333333333333,0.08333333333333333
AAAXMP138200001560052125_OR,15.0,0.0,15.0,0.0,1.0,1.0,0.0
AAAXMP138200001560242144_OR,12.0,7.0,5.0,0.0,0.0,1.5833333333333333,0.5833333333333334
AAAXMP138200001561182125_OR,12.0,4.0,8.0,0.0,0.0,1.3333333333333333,0.3333333333333333
AAAXMP138200001562252125_OR,8.0,1.0,7.0,0.0,0.0,1.125,0.125
AAAXMP138200001562412144_OR,12.0,1.0,10.0,1.0,3.0,1.0,0.08333333333333333
AAAXMP138200001562992810_OR,9.0,5.0,4.0,0.0,5.0,1.5555555555555556,0.5555555555555556
AAAXMP138200001563772125_OR,17.0,6.0,11.0,0.0,1.0,1.3529411764705883,0.35294117647058826
AAAXMP138200001564442850_OR,14.0,12.0,2.0,0.0,6.0,1.8571428571428572,0.8571428571428571
AAAXMP138200001564992810_OR,9.0,0.0,9.0,0.0,5.0,1.0,0.0
AAAXMP138200001565302125_OR,6.0,0.0,6.0,0.0,0.0,1.0,0.0
AAAXMP138200001565342125_OR,15.0,14.0,1.0,0.0,0.0,1.9333333333333333,0.9333333333333333
AAAXMP138200001567662144_OR,10.0,4.0,6.0,0.0,5.0,1.4,0.4
AAAXMP138200001568332125_OR,17.0,2.0,15.0,0.0,1.0,1.1176470588235294,0.11764705882352941
AAAXMP138200001571702850_OR,9.0,1.0,8.0,0.0,3.0,1.1111111111111112,0.1111111111111111
AAAXMP138200001572802810_OR,7.0,0.0,7.0,0.0,0.0,1.0,0.0
AAAXMP138200001572872810_OR,11.0,0.0,11.0,0.0,7.0,1.0,0.0
AAAXMP138200001573342810_OR,9.0,0.0,9.0,0.0,0.0,1.0,0.0
AAAXMP138200001574062810_OR,12.0,0.0,12.0,0.0,6.0,1.0,0.0
AAAXMP138200001574892125_OR,13.0,0.0,13.0,0.0,3.0,1.0,0.0
AAAXMP138200001575312810_OR,8.0,0.0,8.0,0.0,3.0,1.0,0.0
AAAXMP138200001575342850_OR,10.0,3.0,7.0,0.0,1.0,1.3,0.3
AAAXMP138200001575542850_OR,8.0,3.0,5.0,0.0,1.0,1.375,0.375
AAAXMP138200001575862144_OR,18.0,11.0,7.0,0.0,4.0,1.6111111111111112,0.6111111111111112
AAAXMP138200001576652810_OR,12.0,3.0,9.0,0.0,4.0,1.25,0.25
AAAXMP138200001576782810_OR,12.0,7.0,5.0,0.0,3.0,1.5833333333333333,0.5833333333333334
AAAXMP138200001577132144_OR,10.0,1.0,9.0,0.0,6.0,1.1,0.1
AAAXMP138200001578472125_OR,14.0,10.0,4.0,0.0,1.0,1.7142857142857142,0.7142857142857143
AAAXMP138200001578712125_OR,9.0,2.0,7.0,0.0,0.0,1.2222222222222223,0.2222222222222222
AAAXMP138200001579072810_OR,9.0,4.0,5.0,0.0,5.0,1.4444444444444444,0.4444444444444444
AAAXMP138200001579852810_OR,4.0,0.0,4.0,0.0,2.0,1.0,0.0
AAAXMP138200001579892810_OR,4.0,1.0,3.0,0.0,0.0,1.25,0.25
AAAXMP138200001579982810_OR,7.0,0.0,7.0,0.0,5.0,1.0,0.0
AAAXMP138200001580052810_OR,6.0,1.0,4.0,1.0,1.0,1.0,0.16666666666666666
AAAXMP138200001580092810_OR,6.0,0.0,6.0,0.0,3.0,1.0,0.0
AAAXMP138200001580592144_OR,10.0,0.0,10.0,0.0,2.0,1.0,0.0
AAAXMP138200001580622810_OR,12.0,0.0,12.0,0.0,5.0,1.0,0.0
AAAXMP138200001581582850_OR,9.0,2.0,7.0,0.0,3.0,1.2222222222222223,0.2222222222222222
AAAXMP138200001583002810_OR,9.0,7.0,2.0,0.0,6.0,1.7777777777777777,0.7777777777777778
AAAXMP138200001584282810_OR,10.0,0.0,10.0,0.0,5.0,1.0,0.0
AAAXMP138200001584332810_OR,8.0,0.0,8.0,0.0,2.0,1.0,0.0
AAAXMP138200001584802850_OR,10.0,3.0,7.0,0.0,6.0,1.3,0.3
AAAXMP138200001585122810_OR,10.0,3.0,7.0,0.0,5.0,1.3,0.3
AAAXMP138200001586142125_OR,11.0,3.0,8.0,0.0,1.0,1.2727272727272727,0.2727272727272727
AAAXMP138200001586722810_OR,11.0,0.0,11.0,0.0,3.0,1.0,0.0
AAAXMP138200001587062810_OR,10.0,9.0,1.0,0.0,6.0,1.9,0.9
AAAXMP138200001587322810_OR,7.0,0.0,7.0,0.0,0.0,1.0,0.0
AAAXMP138200001587602125_OR,12.0,4.0,8.0,0.0,1.0,1.3333333333333333,0.3333333333333333
AAAXMP138200001588732810_OR,8.0,0.0,8.0,0.0,3.0,1.0,0.0
AAAXMP138200001588812810_OR,8.0,3.0,5.0,0.0,1.0,1.375,0.375
AAAXMP138200001589112810_OR,9.0,3.0,6.0,0.0,4.0,1.3333333333333333,0.3333333333333333
AAAXMP138200001591182850_OR,9.0,0.0,9.0,0.0,6.0,1.0,0.0
AAAXMP138200001592712850_OR,12.0,5.0,7.0,0.0,5.0,1.4166666666666667,0.4166666666666667
AAAXMP138200001594042810_OR,8.0,0.0,8.0,0.0,1.0,1.0,0.0
AAAXMP138200001594082125_OR,10.0,0.0,10.0,0.0,0.0,1.0,0.0
AAAXMP138200001594112810_OR,6.0,0.0,6.0,0.0,0.0,1.0,0.0
AAAXMP138200001595162144_OR,9.0,2.0,7.0,0.0,4.0,1.2222222222222223,0.2222222222222222
AAAXMP138200001596182125_OR,10.0,5.0,5.0,0.0,0.0,1.5,0.5
AAAXMP138200001596202144_OR,13.0,5.0,8.0,0.0,2.0,1.3846153846153846,0.38461538461538464
AAAXMP138200001596962850_OR,11.0,0.0,11.0,0.0,1.0,1.0,0.0
AAAXMP138200001597172810_OR,7.0,3.0,4.0,0.0,0.0,1.4285714285714286,0.42857142857142855
AAAXMP138200001597182810_OR,6.0,1.0,5.0,0.0,0.0,1.1666666666666667,0.16666666666666666
AAAXMP138200001597192810_OR,10.0,0.0,10.0,0.0,2.0,1.0,0.0
AAAXMP138200001597252810_OR,12.0,11.0,1.0,0.0,0.0,1.9166666666666667,0.9166666666666666
AAAXMP138200001597272144_OR,9.0,5.0,4.0,0.0,2.0,1.5555555555555556,0.5555555555555556
AAAXMP138200001597402144_OR,8.0,3.0,5.0,0.0,2.0,1.375,0.375
AAAXMP138200001598432125_OR,17.0,2.0,15.0,0.0,0.0,1.1176470588235294,0.11764705882352941
AAAXMP138200001598452810_OR,10.0,0.0,10.0,0.0,2.0,1.0,0.0
AAAXMP138200001598912810_OR,9.0,3.0,6.0,0.0,5.0,1.3333333333333333,0.3333333333333333
AAAXMP138200001599962850_OR,10.0,0.0,10.0,0.0,3.0,1.0,0.0
AAAXMP138200001600072125_OR,13.0,0.0,12.0,1.0,0.0,0.9230769230769231,0.0
AAAXMP138200001600592850_OR,12.0,4.0,8.0,0.0,5.0,1.3333333333333333,0.3333333333333333
AAAXMP138200001601132144_OR,11.0,9.0,2.0,0.0,2.0,1.8181818181818181,0.8181818181818182
AAAXMP138200001601572810_OR,9.0,0.0,9.0,0.0,4.0,1.0,0.0
AAAXMP138200001601582810_OR,10.0,1.0,9.0,0.0,1.0,1.1,0.1
AAAXMP138200001601592810_OR,8.0,1.0,7.0,0.0,6.0,1.125,0.125
AAAXMP138200001602112125_OR,13.0,3.0,10.0,0.0,1.0,1.2307692307692308,0.23076923076923078
AAAXMP138200001602382810_OR,12.0,7.0,5.0,0.0,3.0,1.5833333333333333,0.5833333333333334
AAAXMP138200001602392810_OR,9.0,0.0,9.0,0.0,5.0,1.0,0.0
AAAXMP138200001603252850_OR,9.0,0.0,9.0,0.0,5.0,1.0,0.0
AAAXMP138200001604562144_OR,7.0,0.0,7.0,0.0,3.0,1.0,0.0
AAAXMP138200001604702850_OR,12.0,5.0,7.0,0.0,6.0,1.4166666666666667,0.4166666666666667
AAAXMP138200001604932144_OR,7.0,4.0,3.0,0.0,5.0,1.5714285714285714,0.5714285714285714
AAAXMP138200001604942125_OR,17.0,6.0,11.0,0.0,3.0,1.3529411764705883,0.35294117647058826
AAAXMP138200001605262810_OR,13.0,6.0,7.0,0.0,3.0,1.4615384615384615,0.46153846153846156
AAAXMP138200001606002810_OR,8.0,0.0,8.0,0.0,5.0,1.0,0.0
AAAXMP138200001606092144_OR,11.0,0.0,11.0,0.0,5.0,1.0,0.0
AAAXMP138200001606192810_OR,7.0,0.0,7.0,0.0,1.0,1.0,0.0
AAAXMP138200001606212810_OR,5.0,0.0,5.0,0.0,0.0,1.0,0.0
AAAXMP138200001606232810_OR,9.0,0.0,9.0,0.0,0.0,1.0,0.0
AAAXMP138200001606262850_OR,7.0,1.0,6.0,0.0,5.0,1.1428571428571428,0.14285714285714285
AAAXMP138200001607072125_OR,14.0,0.0,14.0,0.0,1.0,1.0,0.0
AAAXMP138200001607342125_OR,15.0,8.0,7.0,0.0,0.0,1.5333333333333334,0.5333333333333333
AAAXMP138200001607362125_OR,10.0,0.0,10.0,0.0,0.0,1.0,0.0
AAAXMP138200001607692810_OR,6.0,0.0,6.0,0.0,1.0,1.0,0.0
AAAXMP138200001607762144_OR,11.0,5.0,6.0,0.0,1.0,1.4545454545454546,0.45454545454545453
AAAXMP138200001608702810_OR,12.0,7.0,5.0,0.0,2.0,1.5833333333333333,0.5833333333333334
AAAXMP138200001608872810_OR,13.0,3.0,10.0,0.0,4.0,1.2307692307692308,0.23076923076923078
AAAXMP138200001609392810_OR,9.0,3.0,6.0,0.0,5.0,1.3333333333333333,0.3333333333333333
AAAXMP138200001610052125_OR,12.0,1.0,11.0,0.0,0.0,1.0833333333333333,0.08333333333333333
AAAXMP138200001610062125_OR,9.0,7.0,2.0,0.0,2.0,1.7777777777777777,0.7777777777777778
AAAXMP138200001610142810_OR,8.0,1.0,7.0,0.0,4.0,1.125,0.125
AAAXMP138200001610172850_OR,9.0,2.0,7.0,0.0,2.0,1.2222222222222223,0.2222222222222222
AAAXMP138200001610452144_OR,12.0,0.0,12.0,0.0,5.0,1.0,0.0
AAAXMP138200001610472125_OR,12.0,7.0,5.0,0.0,0.0,1.5833333333333333,0.5833333333333334
AAAXMP138200001610552125_OR,9.0,0.0,9.0,0.0,1.0,1.0,0.0
AAAXMP138200001610572125_OR,14.0,4.0,10.0,0.0,1.0,1.2857142857142858,0.2857142857142857
AAAXMP138200001611202810_OR,12.0,6.0,6.0,0.0,4.0,1.5,0.5
AAAXMP138200001611392810_OR,9.0,4.0,5.0,0.0,6.0,1.4444444444444444,0.4444444444444444
AAAXMP138200001612002125_OR,15.0,7.0,8.0,0.0,2.0,1.4666666666666666,0.4666666666666667
AAAXMP138200001612282125_OR,12.0,1.0,11.0,0.0,1.0,1.0833333333333333,0.08333333333333333
AAAXMP138200001612762144_OR,12.0,6.0,6.0,0.0,3.0,1.5,0.5
AAAXMP138200001612922850_OR,13.0,1.0,12.0,0.0,5.0,1.0769230769230769,0.07692307692307693
AAAXMP138200001612932850_OR,14.0,0.0,14.0,0.0,11.0,1.0,0.0
AAAXMP138200001612942810_OR,12.0,0.0,12.0,0.0,6.0,1.0,0.0
AAAXMP138200001613172144_OR,9.0,4.0,5.0,0.0,2.0,1.4444444444444444,0.4444444444444444
AAAXMP138200001613332144_OR,14.0,2.0,12.0,0.0,4.0,1.1428571428571428,0.14285714285714285
AAAXMP138200001613382144_OR,7.0,0.0,7.0,0.0,5.0,1.0,0.0
AAAXMP138200001613392810_OR,12.0,0.0,11.0,1.0,8.0,0.9166666666666666,0.0
AAAXMP138200001613672125_OR,17.0,9.0,8.0,0.0,2.0,1.5294117647058822,0.5294117647058824
AAAXMP138200001614202125_OR,12.0,7.0,5.0,0.0,1.0,1.5833333333333333,0.5833333333333334
AAAXMP138200001614542810_OR,11.0,1.0,10.0,0.0,1.0,1.0909090909090908,0.09090909090909091
AAAXMP138200001615102144_OR,14.0,1.0,13.0,0.0,8.0,1.0714285714285714,0.07142857142857142
AAAXMP138200001615162810_OR,12.0,1.0,11.0,0.0,4.0,1.0833333333333333,0.08333333333333333
AAAXMP138200001615872125_OR,19.0,5.0,14.0,0.0,2.0,1.263157894736842,0.2631578947368421
AAAXMP138200001616072810_OR,9.0,0.0,9.0,0.0,1.0,1.0,0.0
AAAXMP138200001617272810_OR,10.0,6.0,4.0,0.0,1.0,1.6,0.6
AAAXMP138200001617282810_OR,9.0,4.0,5.0,0.0,4.0,1.4444444444444444,0.4444444444444444
AAAXMP138200001617352810_OR,11.0,3.0,7.0,1.0,1.0,1.1818181818181819,0.2727272727272727
AAAXMP138200001617532144_OR,11.0,0.0,11.0,0.0,6.0,1.0,0.0
AAAXMP138200001617742144_OR,12.0,0.0,12.0,0.0,4.0,1.0,0.0
AAAXMP138200001617772810_OR,11.0,10.0,1.0,0.0,5.0,1.9090909090909092,0.9090909090909091
AAAXMP138200001618542125_OR,9.0,0.0,9.0,0.0,0.0,1.0,0.0
AAAXMP138200001618592144_OR,7.0,2.0,5.0,0.0,3.0,1.2857142857142858,0.2857142857142857
AAAXMP138200001618772810_OR,6.0,1.0,5.0,0.0,2.0,1.1666666666666667,0.16666666666666666
AAAXMP138200001618802810_OR,8.0,2.0,6.0,0.0,2.0,1.25,0.25
AAAXMP138200001618882850_OR,9.0,4.0,5.0,0.0,0.0,1.4444444444444444,0.4444444444444444
AAAXMP138200001618982125_OR,9.0,0.0,8.0,1.0,0.0,0.8888888888888888,0.0
AAAXMP138200001619112810_OR,10.0,0.0,10.0,0.0,2.0,1.0,0.0
AAAXMP138200001619172810_OR,10.0,3.0,7.0,0.0,7.0,1.3,0.3
AAAXMP138200001619232144_OR,11.0,0.0,11.0,0.0,5.0,1.0,0.0
AAAXMP138200001619632850_OR,9.0,3.0,6.0,0.0,5.0,1.3333333333333333,0.3333333333333333
AAAXMP138200001621812125_OR,12.0,6.0,6.0,0.0,2.0,1.5,0.5
AAAXMP138200001621882144_OR,15.0,3.0,12.0,0.0,6.0,1.2,0.2
AAAXMP138200001622342144_OR,12.0,4.0,8.0,0.0,4.0,1.3333333333333333,0.3333333333333333
AAAXMP138200001623422850_OR,11.0,5.0,4.0,2.0,2.0,1.2727272727272727,0.45454545454545453
AAAXMP138200001623662144_OR,9.0,5.0,4.0,0.0,3.0,1.5555555555555556,0.5555555555555556
AAAXMP138200001623922125_OR,12.0,1.0,11.0,0.0,2.0,1.0833333333333333,0.08333333333333333
AAAXMP138200001624152125_OR,10.0,4.0,6.0,0.0,0.0,1.4,0.4
AAAXMP138200001624772850_OR,9.0,0.0,9.0,0.0,1.0,1.0,0.0
AAAXMP138200001624782810_OR,9.0,4.0,5.0,0.0,4.0,1.4444444444444444,0.4444444444444444
AAAXMP138200001624792810_OR,9.0,3.0,6.0,0.0,3.0,1.3333333333333333,0.3333333333333333
AAAXMP138200001624872850_OR,6.0,0.0,6.0,0.0,5.0,1.0,0.0
AAAXMP138200001625402125_OR,14.0,2.0,12.0,0.0,0.0,1.1428571428571428,0.14285714285714285
AAAXMP138200001626382125_OR,11.0,3.0,8.0,0.0,0.0,1.2727272727272727,0.2727272727272727
AAAXMP138200001626412810_OR,9.0,0.0,9.0,0.0,0.0,1.0,0.0
AAAXMP138200001626532125_OR,17.0,0.0,17.0,0.0,2.0,1.0,0.0
AAAXMP138200001626572810_OR,12.0,0.0,12.0,0.0,6.0,1.0,0.0
AAAXMP138200001626582850_OR,10.0,0.0,10.0,0.0,3.0,1.0,0.0
AAAXMP138200001626672125_OR,17.0,2.0,15.0,0.0,1.0,1.1176470588235294,0.11764705882352941
AAAXMP138200001628442810_OR,8.0,0.0,8.0,0.0,1.0,1.0,0.0
AAAXMP138200001628962125_OR,12.0,1.0,11.0,0.0,0.0,1.0833333333333333,0.08333333333333333
AAAXMP138200001628972125_OR,6.0,3.0,3.0,0.0,0.0,1.5,0.5
AAAXMP138200001628982125_OR,15.0,3.0,12.0,0.0,2.0,1.2,0.2
AAAXMP138200001629782810_OR,7.0,0.0,6.0,1.0,2.0,0.8571428571428571,0.0
AAAXMP138200001630322810_OR,11.0,1.0,10.0,0.0,4.0,1.0909090909090908,0.09090909090909091
AAAXMP138200001630672144_OR,15.0,1.0,14.0,0.0,5.0,1.0666666666666667,0.06666666666666667
AAAXMP138200001632172144_OR,12.0,0.0,12.0,0.0,1.0,1.0,0.0
AAAXMP138200001632942125_OR,12.0,0.0,12.0,0.0,0.0,1.0,0.0
AAAXMP138200001633172144_OR,12.0,10.0,2.0,0.0,0.0,1.8333333333333333,0.8333333333333334
AAAXMP138200001633332810_OR,6.0,4.0,2.0,0.0,0.0,1.6666666666666667,0.6666666666666666
AAAXMP138200001633402810_OR,11.0,4.0,7.0,0.0,2.0,1.3636363636363635,0.36363636363636365
AAAXMP138200001633412810_OR,11.0,4.0,7.0,0.0,3.0,1.3636363636363635,0.36363636363636365
AAAXMP138200001633422810_OR,7.0,0.0,7.0,0.0,5.0,1.0,0.0
AAAXMP138200001634832125_OR,11.0,0.0,11.0,0.0,0.0,1.0,0.0
AAAXMP138200001634892125_OR,11.0,1.0,10.0,0.0,1.0,1.0909090909090908,0.09090909090909091
AAAXMP138200001635012810_OR,5.0,0.0,5.0,0.0,1.0,1.0,0.0
AAAXMP138200001635102810_OR,7.0,6.0,1.0,0.0,1.0,1.8571428571428572,0.8571428571428571
AAAXMP138200001635752125_OR,12.0,0.0,12.0,0.0,2.0,1.0,0.0
AAAXMP138200001636552125_OR,11.0,0.0,11.0,0.0,0.0,1.0,0.0
AAAXMP138200001636822144_OR,12.0,1.0,11.0,0.0,3.0,1.0833333333333333,0.08333333333333333
AAAXMP138200001637322850_OR,14.0,12.0,2.0,0.0,2.0,1.8571428571428572,0.8571428571428571
AAAXMP138200001637522144_OR,11.0,1.0,10.0,0.0,5.0,1.0909090909090908,0.09090909090909091
AAAXMP138200001637802144_OR,11.0,2.0,9.0,0.0,5.0,1.1818181818181819,0.18181818181818182
AAAXMP138200001638732144_OR,12.0,6.0,6.0,0.0,2.0,1.5,0.5
AAAXMP138200001639002850_OR,12.0,11.0,1.0,0.0,1.0,1.9166666666666667,0.9166666666666666
AAAXMP138200001639032810_OR,12.0,0.0,12.0,0.0,7.0,1.0,0.0
AAAXMP138200001639042810_OR,11.0,2.0,9.0,0.0,3.0,1.1818181818181819,0.18181818181818182
AAAXMP138200001639122144_OR,7.0,6.0,1.0,0.0,3.0,1.8571428571428572,0.8571428571428571
AAAXMP138200001639272125_OR,15.0,0.0,14.0,1.0,5.0,0.9333333333333333,0.0
AAAXMP138200001639672810_OR,7.0,4.0,3.0,0.0,2.0,1.5714285714285714,0.5714285714285714
AAAXMP138200001639942144_OR,7.0,4.0,3.0,0.0,2.0,1.5714285714285714,0.5714285714285714
AAAXMP138200001640082125_OR,13.0,5.0,8.0,0.0,0.0,1.3846153846153846,0.38461538461538464
AAAXMP138200001640262125_OR,12.0,1.0,11.0,0.0,2.0,1.0833333333333333,0.08333333333333333
AAAXMP138200001640542125_OR,9.0,3.0,5.0,1.0,0.0,1.2222222222222223,0.3333333333333333
AAAXMP138200001641892144_OR,12.0,2.0,10.0,0.0,6.0,1.1666666666666667,0.16666666666666666
AAAXMP138200001642152144_OR,10.0,1.0,9.0,0.0,1.0,1.1,0.1
AAAXMP138200001642272850_OR,13.0,3.0,10.0,0.0,3.0,1.2307692307692308,0.23076923076923078
AAAXMP138200001642312810_OR,9.0,0.0,9.0,0.0,7.0,1.0,0.0
AAAXMP138200001642462810_OR,9.0,0.0,9.0,0.0,5.0,1.0,0.0
AAAXMP138200001642602144_OR,13.0,0.0,12.0,1.0,5.0,0.9230769230769231,0.0
AAAXMP138200001643332850_OR,12.0,0.0,12.0,0.0,1.0,1.0,0.0
AAAXMP138200001643612125_OR,13.0,6.0,7.0,0.0,0.0,1.4615384615384615,0.46153846153846156
AAAXMP138200001644882125_OR,14.0,0.0,14.0,0.0,2.0,1.0,0.0
AAAXMP138200001646372810_OR,12.0,3.0,9.0,0.0,3.0,1.25,0.25
AAAXMP138200001647842850_OR,13.0,1.0,12.0,0.0,2.0,1.0769230769230769,0.07692307692307693
AAAXMP138200001648902125_OR,15.0,0.0,13.0,2.0,5.0,0.8666666666666667,0.0
AAAXMP138200001649122144_OR,9.0,4.0,5.0,0.0,1.0,1.4444444444444444,0.4444444444444444
AAAXMP138200001649752810_OR,12.0,4.0,8.0,0.0,6.0,1.3333333333333333,0.3333333333333333
AAAXMP138200001649762810_OR,9.0,0.0,9.0,0.0,5.0,1.0,0.0
AAAXMP138200001651542125_OR,13.0,13.0,0.0,0.0,2.0,2.0,1.0
AAAXMP138200001652982810_OR,11.0,1.0,10.0,0.0,0.0,1.0909090909090908,0.09090909090909091
AAAXMP138200001653022125_OR,11.0,7.0,4.0,0.0,2.0,1.6363636363636365,0.6363636363636364
AAAXMP138200001653222125_OR,12.0,10.0,2.0,0.0,1.0,1.8333333333333333,0.8333333333333334
AAAXMP138200001654252125_OR,18.0,0.0,18.0,0.0,1.0,1.0,0.0
AAAXMP138200001655102850_OR,13.0,0.0,13.0,0.0,1.0,1.0,0.0
AAAXMP138200001655152810_OR,9.0,3.0,6.0,0.0,1.0,1.3333333333333333,0.3333333333333333
AAAXMP138200001655292850_OR,9.0,6.0,3.0,0.0,0.0,1.6666666666666667,0.6666666666666666
AAAXMP138200001655412125_OR,12.0,4.0,8.0,0.0,0.0,1.3333333333333333,0.3333333333333333
AAAXMP138200001656392125_OR,11.0,0.0,11.0,0.0,2.0,1.0,0.0
AAAXMP138200001657602144_OR,10.0,0.0,10.0,0.0,4.0,1.0,0.0
AAAXMP138200001657852125_OR,15.0,3.0,12.0,0.0,2.0,1.2,0.2
AAAXMP138200001658052850_OR,10.0,2.0,8.0,0.0,3.0,1.2,0.2
AAAXMP138200001658632125_OR,15.0,9.0,6.0,0.0,2.0,1.6,0.6
AAAXMP138200001659172125_OR,10.0,5.0,5.0,0.0,0.0,1.5,0.5
AAAXMP138200001659202810_OR,12.0,2.0,10.0,0.0,1.0,1.1666666666666667,0.16666666666666666
AAAXMP138200001659232810_OR,10.0,5.0,5.0,0.0,0.0,1.5,0.5
AAAXMP138200001659682125_OR,11.0,5.0,6.0,0.0,1.0,1.4545454545454546,0.45454545454545453
AAAXMP138200001659882125_OR,9.0,3.0,6.0,0.0,0.0,1.3333333333333333,0.3333333333333333
AAAXMP138200001660212144_OR,7.0,1.0,6.0,0.0,1.0,1.1428571428571428,0.14285714285714285
AAAXMP138200001660232125_OR,15.0,10.0,5.0,0.0,2.0,1.6666666666666667,0.6666666666666666
AAAXMP138200001660242144_OR,9.0,0.0,9.0,0.0,5.0,1.0,0.0
AAAXMP138200001661092144_OR,12.0,0.0,11.0,1.0,1.0,0.9166666666666666,0.0
AAAXMP138200001661792144_OR,12.0,1.0,11.0,0.0,4.0,1.0833333333333333,0.08333333333333333
AAAXMP138200001662102144_OR,7.0,0.0,7.0,0.0,2.0,1.0,0.0
AAAXMP138200001662132144_OR,18.0,2.0,16.0,0.0,3.0,1.1111111111111112,0.1111111111111111
AAAXMP138200001662782810_OR,12.0,0.0,12.0,0.0,0.0,1.0,0.0
AAAXMP138200001662822850_OR,9.0,0.0,9.0,0.0,3.0,1.0,0.0
AAAXMP138200001663252850_OR,12.0,0.0,12.0,0.0,2.0,1.0,0.0
AAAXMP138200001663322810_OR,8.0,0.0,7.0,1.0,0.0,0.875,0.0
AAAXMP138200001663662125_OR,18.0,14.0,4.0,0.0,1.0,1.7777777777777777,0.7777777777777778
AAAXMP138200001663682144_OR,13.0,1.0,12.0,0.0,4.0,1.0769230769230769,0.07692307692307693
AAAXMP138200001664122144_OR,15.0,8.0,7.0,0.0,2.0,1.5333333333333334,0.5333333333333333
AAAXMP138200001664182810_OR,9.0,2.0,7.0,0.0,6.0,1.2222222222222223,0.2222222222222222
AAAXMP138200001664202850_OR,10.0,1.0,9.0,0.0,8.0,1.1,0.1
AAAXMP138200001665012125_OR,13.0,0.0,13.0,0.0,1.0,1.0,0.0
AAAXMP138200001665892125_OR,12.0,7.0,5.0,0.0,1.0,1.5833333333333333,0.5833333333333334
AAAXMP138200001667522144_OR,9.0,6.0,3.0,0.0,5.0,1.6666666666666667,0.6666666666666666
AAAXMP138200001667532144_OR,14.0,0.0,14.0,0.0,3.0,1.0,0.0
AAAXMP138200001667682125_OR,13.0,9.0,4.0,0.0,0.0,1.6923076923076923,0.6923076923076923
AAAXMP138200001667692125_OR,11.0,2.0,9.0,0.0,1.0,1.1818181818181819,0.18181818181818182
AAAXMP138200001667932850_OR,11.0,0.0,11.0,0.0,5.0,1.0,0.0
AAAXMP138200001668742125_OR,13.0,4.0,9.0,0.0,0.0,1.3076923076923077,0.3076923076923077
AAAXMP138200001669612125_OR,9.0,0.0,9.0,0.0,3.0,1.0,0.0
AAAXMP138200001669632125_OR,12.0,0.0,12.0,0.0,1.0,1.0,0.0
AAAXMP138200001670082810_OR,7.0,6.0,1.0,0.0,0.0,1.8571428571428572,0.8571428571428571
AAAXMP138200001670422850_OR,9.0,2.0,7.0,0.0,5.0,1.2222222222222223,0.2222222222222222
AAAXMP138200001671972810_OR,6.0,4.0,2.0,0.0,0.0,1.6666666666666667,0.6666666666666666
AAAXMP138200001673362810_OR,12.0,0.0,12.0,0.0,2.0,1.0,0.0
AAAXMP138200001673972850_OR,9.0,1.0,8.0,0.0,0.0,1.1111111111111112,0.1111111111111111
AAAXMP138200001674782144_OR,10.0,7.0,3.0,0.0,6.0,1.7,0.7
AAAXMP138200001674922144_OR,11.0,2.0,8.0,1.0,2.0,1.0909090909090908,0.18181818181818182
AAAXMP138200001674932125_OR,12.0,5.0,7.0,0.0,1.0,1.4166666666666667,0.4166666666666667
AAAXMP138200001674962125_OR,14.0,0.0,14.0,0.0,3.0,1.0,0.0
AAAXMP138200001676822144_OR,9.0,0.0,9.0,0.0,4.0,1.0,0.0
AAAXMP138200001677452144_OR,10.0,0.0,10.0,0.0,4.0,1.0,0.0
AAAXMP138200001677722125_OR,12.0,3.0,9.0,0.0,1.0,1.25,0.25
AAAXMP138200001677822810_OR,8.0,8.0,0.0,0.0,4.0,2.0,1.0
AAAXMP138200001677972850_OR,12.0,7.0,5.0,0.0,4.0,1.5833333333333333,0.5833333333333334
AAAXMP138200001679212144_OR,8.0,0.0,8.0,0.0,3.0,1.0,0.0
AAAXMP138200001679252125_OR,14.0,10.0,4.0,0.0,2.0,1.7142857142857142,0.7142857142857143
AAAXMP138200001679752810_OR,12.0,6.0,6.0,0.0,5.0,1.5,0.5
AAAXMP138200001679762850_OR,10.0,0.0,10.0,0.0,5.0,1.0,0.0
AAAXMP138200001679782125_OR,12.0,0.0,12.0,0.0,2.0,1.0,0.0
AAAXMP138200001679952810_OR,5.0,0.0,5.0,0.0,2.0,1.0,0.0
AAAXMP138200001680012125_OR,9.0,8.0,1.0,0.0,1.0,1.8888888888888888,0.8888888888888888
AAAXMP138200001680402810_OR,12.0,0.0,11.0,1.0,9.0,0.9166666666666666,0.0
AAAXMP138200001680762144_OR,14.0,0.0,14.0,0.0,3.0,1.0,0.0
AAAXMP138200001681152125_OR,7.0,0.0,6.0,1.0,0.0,0.8571428571428571,0.0
AAAXMP138200001681872850_OR,13.0,0.0,13.0,0.0,2.0,1.0,0.0
AAAXMP138200001681892810_OR,13.0,2.0,11.0,0.0,0.0,1.1538461538461537,0.15384615384615385
AAAXMP138200001682072810_OR,7.0,0.0,7.0,0.0,4.0,1.0,0.0
AAAXMP138200001682682125_OR,9.0,2.0,7.0,0.0,1.0,1.2222222222222223,0.2222222222222222
AAAXMP138200001684042125_OR,10.0,0.0,10.0,0.0,1.0,1.0,0.0
AAAXMP138200001684882144_OR,12.0,3.0,9.0,0.0,3.0,1.25,0.25
AAAXMP138200001685752125_OR,15.0,4.0,11.0,0.0,0.0,1.2666666666666666,0.26666666666666666
AAAXMP138200001685762144_OR,12.0,6.0,6.0,0.0,1.0,1.5,0.5
AAAXMP138200001686922144_OR,15.0,1.0,14.0,0.0,7.0,1.0666666666666667,0.06666666666666667
AAAXMP138200001686932125_OR,15.0,2.0,13.0,0.0,1.0,1.1333333333333333,0.13333333333333333
AAAXMP138200001687512144_OR,9.0,1.0,8.0,0.0,0.0,1.1111111111111112,0.1111111111111111
AAAXMP138200001688162125_OR,12.0,0.0,12.0,0.0,1.0,1.0,0.0
AAAXMP138200001688352125_OR,15.0,7.0,8.0,0.0,2.0,1.4666666666666666,0.4666666666666667
AAAXMP138200001688452125_OR,12.0,7.0,5.0,0.0,2.0,1.5833333333333333,0.5833333333333334
AAAXMP138200001689472144_OR,8.0,1.0,7.0,0.0,0.0,1.125,0.125
AAAXMP138200001689792144_OR,11.0,10.0,1.0,0.0,1.0,1.9090909090909092,0.9090909090909091
AAAXMP138200001690002810_OR,7.0,1.0,6.0,0.0,2.0,1.1428571428571428,0.14285714285714285
AAAXMP138200001690332850_OR,10.0,6.0,4.0,0.0,5.0,1.6,0.6
AAAXMP138200001690422810_OR,8.0,0.0,8.0,0.0,2.0,1.0,0.0
AAAXMP138200001690432810_OR,8.0,0.0,8.0,0.0,1.0,1.0,0.0
AAAXMP138200001690642144_OR,14.0,4.0,10.0,0.0,3.0,1.2857142857142858,0.2857142857142857
AAAXMP138200001691232125_OR,16.0,10.0,6.0,0.0,0.0,1.625,0.625
AAAXMP138200001691372144_OR,12.0,3.0,9.0,0.0,6.0,1.25,0.25
AAAXMP138200001691552144_OR,10.0,0.0,10.0,0.0,7.0,1.0,0.0
AAAXMP138200001691662850_OR,7.0,0.0,7.0,0.0,4.0,1.0,0.0
AAAXMP138200001691842144_OR,14.0,0.0,14.0,0.0,0.0,1.0,0.0
AAAXMP138200001692242810_OR,11.0,10.0,1.0,0.0,7.0,1.9090909090909092,0.9090909090909091
AAAXMP138200001692342125_OR,9.0,4.0,5.0,0.0,1.0,1.4444444444444444,0.4444444444444444
AAAXMP138200001692352144_OR,12.0,9.0,3.0,0.0,3.0,1.75,0.75
AAAXMP138200001692442850_OR,6.0,0.0,5.0,1.0,2.0,0.8333333333333334,0.0
AAAXMP138200001692722144_OR,12.0,0.0,12.0,0.0,4.0,1.0,0.0
AAAXMP138200001692942810_OR,9.0,4.0,5.0,0.0,2.0,1.4444444444444444,0.4444444444444444
AAAXMP138200001693252144_OR,11.0,9.0,2.0,0.0,6.0,1.8181818181818181,0.8181818181818182
AAAXMP138200001694272144_OR,10.0,2.0,7.0,1.0,8.0,1.1,0.2
AAAXMP138200001694892144_OR,15.0,8.0,7.0,0.0,5.0,1.5333333333333334,0.5333333333333333
AAAXMP138200001695332125_OR,19.0,8.0,11.0,0.0,2.0,1.4210526315789473,0.42105263157894735
AAAXMP138200001695352125_OR,16.0,10.0,6.0,0.0,2.0,1.625,0.625
AAAXMP138200001695552810_OR,7.0,1.0,6.0,0.0,1.0,1.1428571428571428,0.14285714285714285
AAAXMP138200001695682125_OR,10.0,1.0,9.0,0.0,3.0,1.1,0.1
AAAXMP138200001695732125_OR,14.0,1.0,13.0,0.0,1.0,1.0714285714285714,0.07142857142857142
AAAXMP138200001695792125_OR,12.0,4.0,7.0,1.0,3.0,1.25,0.3333333333333333
AAAXMP138200001695832144_OR,7.0,0.0,7.0,0.0,1.0,1.0,0.0
AAAXMP138200001695862144_OR,11.0,0.0,10.0,1.0,4.0,0.9090909090909091,0.0
AAAXMP138200001696152850_OR,8.0,1.0,7.0,0.0,1.0,1.125,0.125
AAAXMP138200001696182125_OR,9.0,2.0,7.0,0.0,0.0,1.2222222222222223,0.2222222222222222
AAAXMP138200001696212850_OR,9.0,2.0,7.0,0.0,6.0,1.2222222222222223,0.2222222222222222
AAAXMP138200001696222810_OR,9.0,0.0,9.0,0.0,5.0,1.0,0.0
AAAXMP138200001696612850_OR,9.0,2.0,6.0,1.0,0.0,1.1111111111111112,0.2222222222222222
AAAXMP138200001697442810_OR,9.0,0.0,9.0,0.0,8.0,1.0,0.0
AAAXMP138200001697572125_OR,9.0,0.0,9.0,0.0,1.0,1.0,0.0
AAAXMP138200001698802125_OR,10.0,1.0,9.0,0.0,0.0,1.1,0.1
AAAXMP138200001699612810_OR,10.0,0.0,10.0,0.0,4.0,1.0,0.0
AAAXMP138200001699952144_OR,14.0,1.0,13.0,0.0,2.0,1.0714285714285714,0.07142857142857142
AAAXMP138200001700132810_OR,10.0,4.0,6.0,0.0,5.0,1.4,0.4
AAAXMP138200001700192810_OR,9.0,2.0,7.0,0.0,0.0,1.2222222222222223,0.2222222222222222
AAAXMP138200001700382125_OR,16.0,2.0,13.0,1.0,2.0,1.0625,0.125
AAAXMP138200001701132125_OR,12.0,3.0,9.0,0.0,0.0,1.25,0.25
AAAXMP138200001701202125_OR,12.0,2.0,10.0,0.0,0.0,1.1666666666666667,0.16666666666666666
AAAXMP138200001701282125_OR,9.0,1.0,8.0,0.0,0.0,1.1111111111111112,0.1111111111111111
AAAXMP138200001701322125_OR,13.0,2.0,11.0,0.0,4.0,1.1538461538461537,0.15384615384615385
AAAXMP138200001701632810_OR,9.0,0.0,9.0,0.0,4.0,1.0,0.0
AAAXMP138200001702192144_OR,9.0,1.0,8.0,0.0,2.0,1.1111111111111112,0.1111111111111111
AAAXMP138200001702282125_OR,10.0,0.0,10.0,0.0,0.0,1.0,0.0
AAAXMP138200001703342144_OR,12.0,1.0,11.0,0.0,2.0,1.0833333333333333,0.08333333333333333
AAAXMP138200001703912144_OR,11.0,0.0,10.0,1.0,5.0,0.9090909090909091,0.0
AAAXMP138200001704392810_OR,6.0,0.0,6.0,0.0,0.0,1.0,0.0
AAAXMP138200001705182810_OR,9.0,0.0,8.0,1.0,1.0,0.8888888888888888,0.0
AAAXMP138200001705422810_OR,10.0,0.0,10.0,0.0,5.0,1.0,0.0
AAAXMP138200001705662810_OR,6.0,0.0,6.0,0.0,0.0,1.0,0.0
AAAXMP138200001705702810_OR,10.0,6.0,4.0,0.0,4.0,1.6,0.6
AAAXMP138200001705732850_OR,8.0,0.0,8.0,0.0,0.0,1.0,0.0
AAAXMP138200001706092125_OR,10.0,0.0,10.0,0.0,0.0,1.0,0.0
AAAXMP138200001706312850_OR,10.0,6.0,4.0,0.0,5.0,1.6,0.6
AAAXMP138200001706362850_OR,10.0,4.0,6.0,0.0,5.0,1.4,0.4
AAAXMP138200001706622144_OR,15.0,12.0,3.0,0.0,1.0,1.8,0.8
AAAXMP138200001707092125_OR,10.0,7.0,3.0,0.0,1.0,1.7,0.7
AAAXMP138200001707382144_OR,7.0,4.0,3.0,0.0,0.0,1.5714285714285714,0.5714285714285714
AAAXMP138200001707392125_OR,7.0,2.0,5.0,0.0,1.0,1.2857142857142858,0.2857142857142857
AAAXMP138200001707982810_OR,9.0,0.0,9.0,0.0,2.0,1.0,0.0
AAAXMP138200001708232810_OR,5.0,0.0,5.0,0.0,0.0,1.0,0.0
AAAXMP138200001708552144_OR,11.0,0.0,11.0,0.0,4.0,1.0,0.0
AAAXMP138200001708912810_OR,9.0,1.0,8.0,0.0,5.0,1.1111111111111112,0.1111111111111111
AAAXMP138200001708922850_OR,9.0,0.0,9.0,0.0,0.0,1.0,0.0
AAAXMP138200001708942850_OR,9.0,0.0,9.0,0.0,6.0,1.0,0.0
AAAXMP138200001708972850_OR,9.0,0.0,9.0,0.0,0.0,1.0,0.0
AAAXMP138200001709882125_OR,19.0,1.0,18.0,0.0,1.0,1.0526315789473684,0.05263157894736842
AAAXMP138200001710382144_OR,9.0,0.0,9.0,0.0,3.0,1.0,0.0
AAAXMP138200001712142125_OR,10.0,4.0,6.0,0.0,0.0,1.4,0.4
AAAXMP138200001712302125_OR,12.0,5.0,7.0,0.0,1.0,1.4166666666666667,0.4166666666666667
AAAXMP138200001713172850_OR,13.0,0.0,13.0,0.0,2.0,1.0,0.0
AAAXMP138200001713192125_OR,12.0,4.0,8.0,0.0,2.0,1.3333333333333333,0.3333333333333333
AAAXMP138200001714382810_OR,10.0,2.0,8.0,0.0,1.0,1.2,0.2
AAAXMP138200001714392810_OR,8.0,8.0,0.0,0.0,1.0,2.0,1.0
AAAXMP138200001714432850_OR,14.0,3.0,8.0,3.0,0.0,1.0,0.21428571428571427
AAAXMP138200001715742810_OR,9.0,0.0,9.0,0.0,1.0,1.0,0.0
AAAXMP138200001715942810_OR,9.0,7.0,2.0,0.0,0.0,1.7777777777777777,0.7777777777777778
AAAXMP138200001715962810_OR,15.0,0.0,15.0,0.0,2.0,1.0,0.0
AAAXMP138200001715982810_OR,8.0,0.0,8.0,0.0,5.0,1.0,0.0
AAAXMP138200001716292850_OR,8.0,1.0,7.0,0.0,5.0,1.125,0.125
AAAXMP138200001716342810_OR,10.0,0.0,10.0,0.0,1.0,1.0,0.0
AAAXMP138200001719602125_OR,13.0,0.0,13.0,0.0,0.0,1.0,0.0
AAAXMP138200001720712144_OR,14.0,0.0,14.0,0.0,5.0,1.0,0.0
AAAXMP138200001720812810_OR,13.0,0.0,12.0,1.0,4.0,0.9230769230769231,0.0
AAAXMP138200001721042810_OR,9.0,7.0,2.0,0.0,1.0,1.7777777777777777,0.7777777777777778
AAAXMP138200001721522144_OR,12.0,0.0,12.0,0.0,6.0,1.0,0.0
AAAXMP138200001721952144_OR,15.0,7.0,8.0,0.0,1.0,1.4666666666666666,0.4666666666666667
AAAXMP138200001722032144_OR,10.0,6.0,4.0,0.0,2.0,1.6,0.6
AAAXMP138200001722372810_OR,8.0,0.0,8.0,0.0,5.0,1.0,0.0
AAAXMP138200001722512125_OR,12.0,3.0,9.0,0.0,0.0,1.25,0.25
AAAXMP138200001722532810_OR,9.0,6.0,3.0,0.0,5.0,1.6666666666666667,0.6666666666666666
AAAXMP138200001722862144_OR,16.0,0.0,16.0,0.0,3.0,1.0,0.0
AAAXMP138200001723212144_OR,13.0,1.0,12.0,0.0,6.0,1.0769230769230769,0.07692307692307693
AAAXMP138200001723322125_OR,9.0,4.0,5.0,0.0,1.0,1.4444444444444444,0.4444444444444444
AAAXMP138200001723552850_OR,10.0,1.0,9.0,0.0,5.0,1.1,0.1
AAAXMP138200001724122144_OR,16.0,5.0,11.0,0.0,4.0,1.3125,0.3125
AAAXMP138200001724132810_OR,12.0,0.0,12.0,0.0,3.0,1.0,0.0
AAAXMP138200001724192144_OR,7.0,0.0,7.0,0.0,5.0,1.0,0.0
AAAXMP138200001724312125_OR,14.0,0.0,14.0,0.0,0.0,1.0,0.0
AAAXMP138200001725222810_OR,7.0,0.0,7.0,0.0,3.0,1.0,0.0
AAAXMP138200001725852125_OR,13.0,2.0,11.0,0.0,1.0,1.1538461538461537,0.15384615384615385
AAAXMP138200001725902125_OR,10.0,0.0,10.0,0.0,0.0,1.0,0.0
AAAXMP138200001726122810_OR,12.0,0.0,12.0,0.0,6.0,1.0,0.0
AAAXMP138200001726142850_OR,9.0,0.0,9.0,0.0,0.0,1.0,0.0
AAAXMP138200001726152810_OR,9.0,0.0,9.0,0.0,3.0,1.0,0.0
AAAXMP138200001727722850_OR,12.0,1.0,11.0,0.0,2.0,1.0833333333333333,0.08333333333333333
AAAXMP138200001727742144_OR,9.0,1.0,8.0,0.0,6.0,1.1111111111111112,0.1111111111111111
AAAXMP138200001727792850_OR,8.0,3.0,5.0,0.0,4.0,1.375,0.375
AAAXMP138200001727822810_OR,12.0,0.0,12.0,0.0,4.0,1.0,0.0
AAAXMP138200001728272850_OR,10.0,2.0,8.0,0.0,5.0,1.2,0.2
AAAXMP138200001728332850_OR,11.0,10.0,1.0,0.0,5.0,1.9090909090909092,0.9090909090909091
AAAXMP138200001728762125_OR,14.0,0.0,14.0,0.0,1.0,1.0,0.0
AAAXMP138200001729442125_OR,16.0,8.0,8.0,0.0,0.0,1.5,0.5
AAAXMP138200001729852144_OR,11.0,1.0,9.0,1.0,3.0,1.0,0.09090909090909091
AAAXMP138200001730502810_OR,9.0,4.0,5.0,0.0,5.0,1.4444444444444444,0.4444444444444444
AAAXMP138200001730512850_OR,14.0,2.0,12.0,0.0,3.0,1.1428571428571428,0.14285714285714285
AAAXMP138200001730542144_OR,7.0,2.0,5.0,0.0,3.0,1.2857142857142858,0.2857142857142857
AAAXMP138200001730632850_OR,9.0,2.0,7.0,0.0,3.0,1.2222222222222223,0.2222222222222222
AAAXMP138200001730672125_OR,14.0,1.0,13.0,0.0,2.0,1.0714285714285714,0.07142857142857142
AAAXMP138200001730982850_OR,6.0,0.0,6.0,0.0,1.0,1.0,0.0
AAAXMP138200001731132850_OR,8.0,0.0,2.0,6.0,4.0,0.25,0.0
AAAXMP138200001731762125_OR,16.0,1.0,15.0,0.0,3.0,1.0625,0.0625
AAAXMP138200001731792144_OR,11.0,1.0,10.0,0.0,6.0,1.0909090909090908,0.09090909090909091
AAAXMP138200001732012810_OR,8.0,0.0,8.0,0.0,0.0,1.0,0.0
AAAXMP138200001732042850_OR,12.0,0.0,12.0,0.0,2.0,1.0,0.0
AAAXMP138200001732822125_OR,12.0,0.0,9.0,3.0,4.0,0.75,0.0
AAAXMP138200001732942125_OR,16.0,0.0,15.0,1.0,1.0,0.9375,0.0
AAAXMP138200001732952144_OR,12.0,8.0,4.0,0.0,1.0,1.6666666666666667,0.6666666666666666
AAAXMP138200001733332144_OR,9.0,6.0,3.0,0.0,5.0,1.6666666666666667,0.6666666666666666
AAAXMP138200001733372144_OR,12.0,3.0,9.0,0.0,0.0,1.25,0.25
AAAXMP138200001733942850_OR,9.0,0.0,9.0,0.0,5.0,1.0,0.0
AAAXMP138200001734322144_OR,16.0,14.0,2.0,0.0,2.0,1.875,0.875
AAAXMP138200001734402144_OR,4.0,0.0,3.0,1.0,3.0,0.75,0.0
AAAXMP138200001734452125_OR,12.0,5.0,7.0,0.0,2.0,1.4166666666666667,0.4166666666666667
AAAXMP138200001735272144_OR,11.0,0.0,11.0,0.0,4.0,1.0,0.0
AAAXMP138200001735302144_OR,14.0,0.0,14.0,0.0,3.0,1.0,0.0
AAAXMP138200001735642850_OR,11.0,3.0,8.0,0.0,8.0,1.2727272727272727,0.2727272727272727
AAAXMP138200001736212144_OR,12.0,0.0,12.0,0.0,7.0,1.0,0.0
AAAXMP138200001736252144_OR,15.0,1.0,14.0,0.0,3.0,1.0666666666666667,0.06666666666666667
AAAXMP138200001737272810_OR,8.0,2.0,6.0,0.0,1.0,1.25,0.25
AAAXMP138200001737362850_OR,9.0,0.0,9.0,0.0,6.0,1.0,0.0
AAAXMP138200001738552850_OR,9.0,8.0,1.0,0.0,5.0,1.8888888888888888,0.8888888888888888
AAAXMP138200001738632810_OR,7.0,4.0,3.0,0.0,1.0,1.5714285714285714,0.5714285714285714
AAAXMP138200001738822850_OR,8.0,0.0,8.0,0.0,3.0,1.0,0.0
AAAXMP138200001738842810_OR,8.0,3.0,5.0,0.0,4.0,1.375,0.375
AAAXMP138200001738862810_OR,9.0,0.0,9.0,0.0,3.0,1.0,0.0
AAAXMP138200001739432810_OR,9.0,3.0,6.0,0.0,5.0,1.3333333333333333,0.3333333333333333
AAAXMP138200001739492810_OR,10.0,3.0,7.0,0.0,0.0,1.3,0.3
AAAXMP138200001739782144_OR,20.0,4.0,16.0,0.0,3.0,1.2,0.2
AAAXMP138200001739792144_OR,14.0,1.0,13.0,0.0,4.0,1.0714285714285714,0.07142857142857142
AAAXMP138200001739822144_OR,7.0,0.0,7.0,0.0,2.0,1.0,0.0
AAAXMP138200001739832125_OR,9.0,2.0,7.0,0.0,0.0,1.2222222222222223,0.2222222222222222
AAAXMP138200001740982144_OR,11.0,0.0,8.0,3.0,4.0,0.7272727272727273,0.0
AAAXMP138200001740992810_OR,9.0,0.0,9.0,0.0,0.0,1.0,0.0
AAAXMP138200001741042850_OR,9.0,0.0,9.0,0.0,4.0,1.0,0.0
AAAXMP138200001741052850_OR,11.0,0.0,4.0,7.0,5.0,0.36363636363636365,0.0
AAAXMP138200001741082810_OR,9.0,0.0,9.0,0.0,7.0,1.0,0.0
AAAXMP138200001741382125_OR,9.0,0.0,9.0,0.0,1.0,1.0,0.0
AAAXMP138200001741462810_OR,11.0,0.0,11.0,0.0,4.0,1.0,0.0
AAAXMP138200001741582125_OR,13.0,5.0,8.0,0.0,0.0,1.3846153846153846,0.38461538461538464
AAAXMP138200001741702850_OR,9.0,0.0,9.0,0.0,1.0,1.0,0.0
AAAXMP138200001742292125_OR,14.0,7.0,7.0,0.0,1.0,1.5,0.5
AAAXMP138200001742582850_OR,11.0,0.0,11.0,0.0,1.0,1.0,0.0
AAAXMP138200001742882144_OR,11.0,5.0,6.0,0.0,4.0,1.4545454545454546,0.45454545454545453
AAAXMP138200001743202810_OR,9.0,1.0,8.0,0.0,1.0,1.1111111111111112,0.1111111111111111
AAAXMP138200001743282810_OR,9.0,0.0,9.0,0.0,0.0,1.0,0.0
AAAXMP138200001743292850_OR,10.0,1.0,9.0,0.0,0.0,1.1,0.1
AAAXMP138200001743972144_OR,16.0,14.0,2.0,0.0,3.0,1.875,0.875
AAAXMP138200001744142144_OR,13.0,6.0,7.0,0.0,3.0,1.4615384615384615,0.46153846153846156
AAAXMP138200001745202125_OR,12.0,10.0,2.0,0.0,0.0,1.8333333333333333,0.8333333333333334
AAAXMP138200001745262144_OR,9.0,0.0,9.0,0.0,4.0,1.0,0.0
AAAXMP138200001746232850_OR,8.0,0.0,7.0,1.0,2.0,0.875,0.0
AAAXMP138200001746382125_OR,13.0,0.0,12.0,1.0,0.0,0.9230769230769231,0.0
AAAXMP138200001746992810_OR,9.0,0.0,9.0,0.0,4.0,1.0,0.0
AAAXMP138200001747112810_OR,7.0,1.0,6.0,0.0,0.0,1.1428571428571428,0.14285714285714285
AAAXMP138200001747422144_OR,7.0,0.0,7.0,0.0,3.0,1.0,0.0
AAAXMP138200001747512144_OR,13.0,2.0,11.0,0.0,7.0,1.1538461538461537,0.15384615384615385
AAAXMP138200001747842810_OR,10.0,4.0,6.0,0.0,4.0,1.4,0.4
AAAXMP138200001747892850_OR,12.0,0.0,12.0,0.0,2.0,1.0,0.0
AAAXMP138200001747932810_OR,11.0,2.0,9.0,0.0,0.0,1.1818181818181819,0.18181818181818182
AAAXMP138200001748752144_OR,8.0,2.0,6.0,0.0,3.0,1.25,0.25
AAAXMP138200001749572810_OR,12.0,0.0,12.0,0.0,5.0,1.0,0.0
AAAXMP138200001750052125_OR,12.0,6.0,6.0,0.0,0.0,1.5,0.5
AAAXMP138200001750342810_OR,10.0,7.0,3.0,0.0,5.0,1.7,0.7
AAAXMP138200001750622144_OR,15.0,0.0,15.0,0.0,6.0,1.0,0.0
AAAXMP138200001750922144_OR,11.0,7.0,4.0,0.0,0.0,1.6363636363636365,0.6363636363636364
AAAXMP138200001751842144_OR,14.0,3.0,11.0,0.0,8.0,1.2142857142857142,0.21428571428571427
AAAXMP138200001752502144_OR,14.0,2.0,12.0,0.0,7.0,1.1428571428571428,0.14285714285714285
AAAXMP138200001753202125_OR,12.0,5.0,7.0,0.0,4.0,1.4166666666666667,0.4166666666666667
AAAXMP138200001753422850_OR,10.0,1.0,9.0,0.0,0.0,1.1,0.1
AAAXMP138200001753432850_OR,13.0,13.0,0.0,0.0,1.0,2.0,1.0
AAAXMP138200001753722125_OR,11.0,1.0,10.0,0.0,0.0,1.0909090909090908,0.09090909090909091
AAAXMP138200001753732144_OR,10.0,0.0,9.0,1.0,1.0,0.9,0.0
AAAXMP138200001754102850_OR,9.0,1.0,7.0,1.0,0.0,1.0,0.1111111111111111
AAAXMP138200001754172810_OR,11.0,0.0,11.0,0.0,1.0,1.0,0.0
AAAXMP138200001754392125_OR,10.0,0.0,10.0,0.0,1.0,1.0,0.0
AAAXMP138200001754402144_OR,12.0,1.0,11.0,0.0,5.0,1.0833333333333333,0.08333333333333333
AAAXMP138200001754972125_OR,19.0,9.0,10.0,0.0,2.0,1.4736842105263157,0.47368421052631576
AAAXMP138200001755492144_OR,13.0,8.0,5.0,0.0,2.0,1.6153846153846154,0.6153846153846154
AAAXMP138200001756042125_OR,13.0,2.0,11.0,0.0,5.0,1.1538461538461537,0.15384615384615385
AAAXMP138200001756732144_OR,10.0,4.0,6.0,0.0,4.0,1.4,0.4
AAAXMP138200001757432810_OR,6.0,1.0,5.0,0.0,0.0,1.1666666666666667,0.16666666666666666
AAAXMP138200001757712810_OR,8.0,0.0,8.0,0.0,6.0,1.0,0.0
AAAXMP138200001757742850_OR,9.0,1.0,8.0,0.0,0.0,1.1111111111111112,0.1111111111111111
AAAXMP138200001757752850_OR,10.0,0.0,10.0,0.0,4.0,1.0,0.0
AAAXMP138200001758012125_OR,12.0,0.0,12.0,0.0,0.0,1.0,0.0
AAAXMP138200001758412810_OR,11.0,2.0,9.0,0.0,5.0,1.1818181818181819,0.18181818181818182
AAAXMP138200001758512125_OR,9.0,0.0,9.0,0.0,3.0,1.0,0.0
AAAXMP138200001758832810_OR,9.0,7.0,2.0,0.0,5.0,1.7777777777777777,0.7777777777777778
AAAXMP138200001758892850_OR,9.0,2.0,7.0,0.0,3.0,1.2222222222222223,0.2222222222222222
AAAXMP138200001759252810_OR,9.0,0.0,9.0,0.0,2.0,1.0,0.0
AAAXMP138200001759492125_OR,9.0,3.0,6.0,0.0,1.0,1.3333333333333333,0.3333333333333333
AAAXMP138200001759592144_OR,7.0,0.0,7.0,0.0,3.0,1.0,0.0
AAAXMP138200001759612125_OR,12.0,1.0,11.0,0.0,2.0,1.0833333333333333,0.08333333333333333
AAAXMP138200001759882125_OR,12.0,0.0,12.0,0.0,1.0,1.0,0.0
AAAXMP138200001760042144_OR,11.0,5.0,6.0,0.0,4.0,1.4545454545454546,0.45454545454545453
AAAXMP138200001760262850_OR,9.0,0.0,8.0,1.0,1.0,0.8888888888888888,0.0
AAAXMP138200001760512850_OR,13.0,4.0,9.0,0.0,2.0,1.3076923076923077,0.3076923076923077
AAAXMP138200001760602125_OR,18.0,2.0,16.0,0.0,2.0,1.1111111111111112,0.1111111111111111
AAAXMP138200001760932125_OR,11.0,1.0,10.0,0.0,1.0,1.0909090909090908,0.09090909090909091
AAAXMP138200001761152144_OR,12.0,1.0,11.0,0.0,2.0,1.0833333333333333,0.08333333333333333
AAAXMP138200001761322125_OR,12.0,0.0,12.0,0.0,3.0,1.0,0.0
AAAXMP138200001761802125_OR,12.0,2.0,10.0,0.0,0.0,1.1666666666666667,0.16666666666666666
AAAXMP138200001761962125_OR,16.0,8.0,8.0,0.0,1.0,1.5,0.5
AAAXMP138200001762712850_OR,14.0,0.0,14.0,0.0,5.0,1.0,0.0
AAAXMP138200001763062810_OR,9.0,0.0,3.0,6.0,1.0,0.3333333333333333,0.0
AAAXMP138200001763502125_OR,11.0,5.0,6.0,0.0,2.0,1.4545454545454546,0.45454545454545453
AAAXMP138200001764172810_OR,10.0,0.0,10.0,0.0,6.0,1.0,0.0
AAAXMP138200001764192810_OR,10.0,1.0,9.0,0.0,6.0,1.1,0.1
AAAXMP138200001765032144_OR,11.0,6.0,5.0,0.0,3.0,1.5454545454545454,0.5454545454545454
AAAXMP138200001765162144_OR,14.0,4.0,10.0,0.0,5.0,1.2857142857142858,0.2857142857142857
AAAXMP138200001765202125_OR,12.0,0.0,12.0,0.0,0.0,1.0,0.0
AAAXMP138200001765252125_OR,18.0,7.0,11.0,0.0,2.0,1.3888888888888888,0.3888888888888889
AAAXMP138200001765322144_OR,12.0,10.0,2.0,0.0,2.0,1.8333333333333333,0.8333333333333334
AAAXMP138200001765362125_OR,12.0,1.0,11.0,0.0,0.0,1.0833333333333333,0.08333333333333333
AAAXMP138200001765472144_OR,15.0,11.0,4.0,0.0,3.0,1.7333333333333334,0.7333333333333333
AAAXMP138200001765492144_OR,15.0,2.0,13.0,0.0,3.0,1.1333333333333333,0.13333333333333333
AAAXMP138200001765612810_OR,9.0,2.0,7.0,0.0,0.0,1.2222222222222223,0.2222222222222222
AAAXMP138200001765752144_OR,9.0,5.0,4.0,0.0,6.0,1.5555555555555556,0.5555555555555556
AAAXMP138200001765772850_OR,9.0,4.0,5.0,0.0,4.0,1.4444444444444444,0.4444444444444444
AAAXMP138200001765902810_OR,9.0,0.0,9.0,0.0,5.0,1.0,0.0
AAAXMP138200001766162810_OR,8.0,2.0,6.0,0.0,3.0,1.25,0.25
AAAXMP138200001766862144_OR,14.0,0.0,14.0,0.0,3.0,1.0,0.0
AAAXMP138200001767052125_OR,9.0,0.0,9.0,0.0,0.0,1.0,0.0
AAAXMP138200001767712144_OR,14.0,2.0,12.0,0.0,4.0,1.1428571428571428,0.14285714285714285
AAAXMP138200001767932144_OR,14.0,2.0,12.0,0.0,4.0,1.1428571428571428,0.14285714285714285
AAAXMP138200001768742850_OR,12.0,4.0,4.0,4.0,5.0,1.0,0.3333333333333333
AAAXMP138200001768862850_OR,9.0,0.0,9.0,0.0,5.0,1.0,0.0
AAAXMP138200001769302144_OR,11.0,8.0,3.0,0.0,1.0,1.7272727272727273,0.7272727272727273
AAAXMP138200001769312144_OR,8.0,0.0,8.0,0.0,6.0,1.0,0.0
AAAXMP138200001769512125_OR,12.0,5.0,7.0,0.0,1.0,1.4166666666666667,0.4166666666666667
AAAXMP138200001769802850_OR,11.0,0.0,11.0,0.0,5.0,1.0,0.0
AAAXMP138200001769932850_OR,9.0,0.0,8.0,1.0,6.0,0.8888888888888888,0.0
AAAXMP138200001769972810_OR,9.0,2.0,7.0,0.0,4.0,1.2222222222222223,0.2222222222222222
AAAXMP138200001770022850_OR,9.0,0.0,8.0,1.0,4.0,0.8888888888888888,0.0
AAAXMP138200001770052850_OR,8.0,0.0,7.0,1.0,0.0,0.875,0.0
AAAXMP138200001770322125_OR,12.0,2.0,10.0,0.0,2.0,1.1666666666666667,0.16666666666666666
AAAXMP138200001770332125_OR,13.0,5.0,8.0,0.0,0.0,1.3846153846153846,0.38461538461538464
AAAXMP138200001770402810_OR,4.0,0.0,4.0,0.0,0.0,1.0,0.0
AAAXMP138200001770632810_OR,7.0,2.0,5.0,0.0,3.0,1.2857142857142858,0.2857142857142857
AAAXMP138200001770662125_OR,9.0,0.0,9.0,0.0,2.0,1.0,0.0
AAAXMP138200001770712144_OR,11.0,0.0,11.0,0.0,6.0,1.0,0.0
AAAXMP138200001770742125_OR,15.0,1.0,14.0,0.0,2.0,1.0666666666666667,0.06666666666666667
AAAXMP138200001771002810_OR,9.0,1.0,8.0,0.0,4.0,1.1111111111111112,0.1111111111111111
AAAXMP138200001771242125_OR,12.0,9.0,3.0,0.0,2.0,1.75,0.75
AAAXMP138200001771402125_OR,12.0,1.0,11.0,0.0,6.0,1.0833333333333333,0.08333333333333333
AAAXMP138200001772262125_OR,8.0,4.0,4.0,0.0,0.0,1.5,0.5
AAAXMP138200001772382810_OR,6.0,0.0,6.0,0.0,1.0,1.0,0.0
AAAXMP138200001772442850_OR,8.0,3.0,5.0,0.0,7.0,1.375,0.375
AAAXMP138200001772532810_OR,9.0,1.0,8.0,0.0,6.0,1.1111111111111112,0.1111111111111111
AAAXMP138200001772802144_OR,9.0,1.0,8.0,0.0,6.0,1.1111111111111112,0.1111111111111111
AAAXMP138200001772882850_OR,7.0,1.0,6.0,0.0,5.0,1.1428571428571428,0.14285714285714285
AAAXMP138200001773152850_OR,9.0,4.0,5.0,0.0,4.0,1.4444444444444444,0.4444444444444444
AAAXMP138200001773242144_OR,14.0,1.0,13.0,0.0,2.0,1.0714285714285714,0.07142857142857142
AAAXMP138200001773252810_OR,6.0,2.0,4.0,0.0,3.0,1.3333333333333333,0.3333333333333333
AAAXMP138200001773602144_OR,14.0,2.0,12.0,0.0,6.0,1.1428571428571428,0.14285714285714285
AAAXMP138200001773632125_OR,11.0,0.0,11.0,0.0,0.0,1.0,0.0
AAAXMP138200001773652144_OR,12.0,9.0,3.0,0.0,5.0,1.75,0.75
AAAXMP138200001773782810_OR,9.0,4.0,5.0,0.0,7.0,1.4444444444444444,0.4444444444444444
AAAXMP138200001773872850_OR,9.0,3.0,6.0,0.0,5.0,1.3333333333333333,0.3333333333333333
AAAXMP138200001773882850_OR,9.0,3.0,6.0,0.0,3.0,1.3333333333333333,0.3333333333333333
AAAXMP138200001773912810_OR,7.0,0.0,7.0,0.0,2.0,1.0,0.0
AAAXMP138200001774402125_OR,12.0,1.0,11.0,0.0,2.0,1.0833333333333333,0.08333333333333333
AAAXMP138200001774422144_OR,9.0,3.0,6.0,0.0,3.0,1.3333333333333333,0.3333333333333333
AAAXMP138200001775942850_OR,9.0,0.0,9.0,0.0,5.0,1.0,0.0
AAAXMP138200001776042850_OR,8.0,0.0,8.0,0.0,3.0,1.0,0.0
AAAXMP138200001776062810_OR,9.0,0.0,9.0,0.0,6.0,1.0,0.0
AAAXMP138200001776322125_OR,10.0,3.0,7.0,0.0,1.0,1.3,0.3
AAAXMP138200001777182125_OR,16.0,14.0,2.0,0.0,3.0,1.875,0.875
AAAXMP138200001777482850_OR,9.0,2.0,7.0,0.0,5.0,1.2222222222222223,0.2222222222222222
AAAXMP138200001778442125_OR,11.0,0.0,11.0,0.0,1.0,1.0,0.0
AAAXMP138200001779212850_OR,12.0,3.0,9.0,0.0,6.0,1.25,0.25
AAAXMP138200001779272850_OR,14.0,11.0,3.0,0.0,5.0,1.7857142857142858,0.7857142857142857
AAAXMP138200001779682810_OR,6.0,0.0,6.0,0.0,4.0,1.0,0.0
AAAXMP138200001779802144_OR,12.0,5.0,7.0,0.0,2.0,1.4166666666666667,0.4166666666666667
AAAXMP138200001779822144_OR,11.0,7.0,4.0,0.0,2.0,1.6363636363636365,0.6363636363636364
AAAXMP138200001779842125_OR,17.0,5.0,12.0,0.0,1.0,1.2941176470588236,0.29411764705882354
AAAXMP138200001781102810_OR,7.0,0.0,7.0,0.0,0.0,1.0,0.0
AAAXMP138200001781222125_OR,11.0,8.0,3.0,0.0,0.0,1.7272727272727273,0.7272727272727273
AAAXMP138200001781372810_OR,11.0,4.0,7.0,0.0,1.0,1.3636363636363635,0.36363636363636365
AAAXMP138200001781682144_OR,12.0,4.0,8.0,0.0,5.0,1.3333333333333333,0.3333333333333333
AAAXMP138200001782122125_OR,21.0,9.0,12.0,0.0,2.0,1.4285714285714286,0.42857142857142855
AAAXMP138200001782132144_OR,10.0,5.0,5.0,0.0,2.0,1.5,0.5
AAAXMP138200001782432125_OR,12.0,12.0,0.0,0.0,1.0,2.0,1.0
AAAXMP138200001783052850_OR,13.0,0.0,13.0,0.0,2.0,1.0,0.0
AAAXMP138200001783352125_OR,16.0,0.0,16.0,0.0,3.0,1.0,0.0
AAAXMP138200001783512125_OR,14.0,1.0,13.0,0.0,0.0,1.0714285714285714,0.07142857142857142
AAAXMP138200001783772144_OR,14.0,5.0,9.0,0.0,2.0,1.3571428571428572,0.35714285714285715
AAAXMP138200001783822144_OR,12.0,5.0,7.0,0.0,0.0,1.4166666666666667,0.4166666666666667
AAAXMP138200001783882850_OR,9.0,2.0,7.0,0.0,5.0,1.2222222222222223,0.2222222222222222
AAAXMP138200001783962810_OR,6.0,0.0,6.0,0.0,1.0,1.0,0.0
AAAXMP138200001784252144_OR,14.0,0.0,14.0,0.0,7.0,1.0,0.0
AAAXMP138200001785202125_OR,8.0,3.0,5.0,0.0,0.0,1.375,0.375
AAAXMP138200001785492810_OR,11.0,2.0,9.0,0.0,3.0,1.1818181818181819,0.18181818181818182
AAAXMP138200001785522125_OR,14.0,0.0,14.0,0.0,1.0,1.0,0.0
AAAXMP138200001785532810_OR,12.0,1.0,11.0,0.0,1.0,1.0833333333333333,0.08333333333333333
AAAXMP138200001785902144_OR,7.0,4.0,3.0,0.0,3.0,1.5714285714285714,0.5714285714285714
AAAXMP138200001786372144_OR,13.0,3.0,10.0,0.0,2.0,1.2307692307692308,0.23076923076923078
AAAXMP138200001786402144_OR,18.0,8.0,10.0,0.0,1.0,1.4444444444444444,0.4444444444444444
AAAXMP138200001788082810_OR,6.0,1.0,5.0,0.0,1.0,1.1666666666666667,0.16666666666666666
AAAXMP138200001788452125_OR,14.0,0.0,14.0,0.0,2.0,1.0,0.0
AAAXMP138200001788472125_OR,15.0,6.0,9.0,0.0,1.0,1.4,0.4
AAAXMP138200001788562850_OR,11.0,1.0,10.0,0.0,0.0,1.0909090909090908,0.09090909090909091
AAAXMP138200001788572810_OR,9.0,0.0,9.0,0.0,0.0,1.0,0.0
AAAXMP138200001788872810_OR,7.0,1.0,6.0,0.0,0.0,1.1428571428571428,0.14285714285714285
AAAXMP138200001788952144_OR,11.0,8.0,3.0,0.0,3.0,1.7272727272727273,0.7272727272727273
AAAXMP138200001789042810_OR,10.0,0.0,10.0,0.0,6.0,1.0,0.0
AAAXMP138200001789122810_OR,9.0,8.0,1.0,0.0,5.0,1.8888888888888888,0.8888888888888888
AAAXMP138200001790412144_OR,12.0,1.0,11.0,0.0,1.0,1.0833333333333333,0.08333333333333333
AAAXMP138200001790472810_OR,9.0,0.0,9.0,0.0,1.0,1.0,0.0
AAAXMP138200001790742125_OR,12.0,0.0,12.0,0.0,0.0,1.0,0.0
AAAXMP138200001790752125_OR,14.0,8.0,6.0,0.0,2.0,1.5714285714285714,0.5714285714285714
AAAXMP138200001791452144_OR,10.0,7.0,3.0,0.0,3.0,1.7,0.7
AAAXMP138200001791462125_OR,14.0,8.0,6.0,0.0,0.0,1.5714285714285714,0.5714285714285714
AAAXMP138200001791472144_OR,13.0,5.0,8.0,0.0,3.0,1.3846153846153846,0.38461538461538464
AAAXMP138200001791572125_OR,11.0,11.0,0.0,0.0,7.0,2.0,1.0
AAAXMP138200001792522144_OR,12.0,8.0,4.0,0.0,6.0,1.6666666666666667,0.6666666666666666
AAAXMP138200001792872810_OR,6.0,1.0,5.0,0.0,4.0,1.1666666666666667,0.16666666666666666
AAAXMP138200001793322125_OR,16.0,12.0,4.0,0.0,2.0,1.75,0.75
AAAXMP138200001793482125_OR,12.0,0.0,12.0,0.0,1.0,1.0,0.0
AAAXMP138200001793802125_OR,10.0,2.0,8.0,0.0,0.0,1.2,0.2
AAAXMP138200001794092810_OR,11.0,0.0,11.0,0.0,5.0,1.0,0.0
AAAXMP138200001794142810_OR,9.0,0.0,9.0,0.0,5.0,1.0,0.0
AAAXMP138200001794302810_OR,9.0,1.0,8.0,0.0,4.0,1.1111111111111112,0.1111111111111111
AAAXMP138200001794372125_OR,12.0,0.0,12.0,0.0,3.0,1.0,0.0
AAAXMP138200001794692850_OR,15.0,0.0,15.0,0.0,1.0,1.0,0.0
AAAXMP138200001795312850_OR,8.0,2.0,6.0,0.0,6.0,1.25,0.25
AAAXMP138200001797062810_OR,9.0,5.0,4.0,0.0,0.0,1.5555555555555556,0.5555555555555556
AAAXMP138200001797232850_OR,10.0,0.0,10.0,0.0,6.0,1.0,0.0
AAAXMP138200001797792125_OR,9.0,0.0,9.0,0.0,0.0,1.0,0.0
AAAXMP138200001798132144_OR,13.0,1.0,11.0,1.0,2.0,1.0,0.07692307692307693
AAAXMP138200001798662125_OR,24.0,9.0,15.0,0.0,2.0,1.375,0.375
AAAXMP138200001798902810_OR,12.0,4.0,8.0,0.0,5.0,1.3333333333333333,0.3333333333333333
AAAXMP138200001799112144_OR,11.0,0.0,11.0,0.0,3.0,1.0,0.0
AAAXMP138200001800002810_OR,7.0,0.0,7.0,0.0,2.0,1.0,0.0
AAAXMP138200001800542810_OR,9.0,0.0,9.0,0.0,7.0,1.0,0.0
AAAXMP138200001800762144_OR,12.0,1.0,11.0,0.0,5.0,1.0833333333333333,0.08333333333333333
AAAXMP138200001800802144_OR,9.0,4.0,5.0,0.0,5.0,1.4444444444444444,0.4444444444444444
AAAXMP138200001801202144_OR,15.0,0.0,15.0,0.0,3.0,1.0,0.0
AAAXMP138200001801832810_OR,10.0,0.0,10.0,0.0,4.0,1.0,0.0
AAAXMP138200001802092144_OR,9.0,0.0,9.0,0.0,6.0,1.0,0.0
AAAXMP138200001802292810_OR,9.0,1.0,8.0,0.0,7.0,1.1111111111111112,0.1111111111111111
AAAXMP138200001802472125_OR,17.0,1.0,16.0,0.0,1.0,1.0588235294117647,0.058823529411764705
AAAXMP138200001802502125_OR,12.0,4.0,8.0,0.0,2.0,1.3333333333333333,0.3333333333333333
AAAXMP138200001802512144_OR,13.0,0.0,13.0,0.0,2.0,1.0,0.0
AAAXMP138200001802522144_OR,9.0,0.0,9.0,0.0,3.0,1.0,0.0
AAAXMP138200001802602810_OR,9.0,4.0,5.0,0.0,1.0,1.4444444444444444,0.4444444444444444
AAAXMP138200001802922144_OR,9.0,0.0,9.0,0.0,3.0,1.0,0.0
AAAXMP138200001803282125_OR,9.0,1.0,8.0,0.0,2.0,1.1111111111111112,0.1111111111111111
AAAXMP138200001803342850_OR,7.0,1.0,6.0,0.0,3.0,1.1428571428571428,0.14285714285714285
AAAXMP138200001803592144_OR,7.0,5.0,2.0,0.0,3.0,1.7142857142857142,0.7142857142857143
AAAXMP138200001804052850_OR,9.0,7.0,2.0,0.0,6.0,1.7777777777777777,0.7777777777777778
AAAXMP138200001804142850_OR,10.0,0.0,10.0,0.0,4.0,1.0,0.0
AAAXMP138200001804932125_OR,14.0,10.0,4.0,0.0,2.0,1.7142857142857142,0.7142857142857143
AAAXMP138200001805122810_OR,6.0,0.0,6.0,0.0,2.0,1.0,0.0
AAAXMP138200001805762810_OR,8.0,1.0,7.0,0.0,2.0,1.125,0.125
AAAXMP138200001805842144_OR,10.0,1.0,8.0,1.0,2.0,1.0,0.1
AAAXMP138200001806182125_OR,10.0,5.0,5.0,0.0,0.0,1.5,0.5
AAAXMP138200001806402144_OR,13.0,7.0,6.0,0.0,7.0,1.5384615384615385,0.5384615384615384
AAAXMP138200001806622810_OR,8.0,1.0,7.0,0.0,2.0,1.125,0.125
AAAXMP138200001806672810_OR,9.0,0.0,9.0,0.0,2.0,1.0,0.0
AAAXMP138200001806732810_OR,8.0,0.0,8.0,0.0,0.0,1.0,0.0
AAAXMP138200001806992125_OR,9.0,1.0,8.0,0.0,0.0,1.1111111111111112,0.1111111111111111
AAAXMP138200001807432125_OR,10.0,0.0,10.0,0.0,0.0,1.0,0.0
AAAXMP138200001807462125_OR,14.0,2.0,12.0,0.0,1.0,1.1428571428571428,0.14285714285714285
AAAXMP138200001807562810_OR,8.0,0.0,8.0,0.0,2.0,1.0,0.0
AAAXMP138200001808592144_OR,9.0,2.0,7.0,0.0,2.0,1.2222222222222223,0.2222222222222222
AAAXMP138200001808652144_OR,13.0,13.0,0.0,0.0,1.0,2.0,1.0
AAAXMP138200001808812810_OR,9.0,1.0,8.0,0.0,7.0,1.1111111111111112,0.1111111111111111
AAAXMP138200001808822810_OR,9.0,7.0,2.0,0.0,4.0,1.7777777777777777,0.7777777777777778
AAAXMP138200001808862850_OR,9.0,4.0,5.0,0.0,6.0,1.4444444444444444,0.4444444444444444
AAAXMP138200001808882125_OR,14.0,4.0,10.0,0.0,0.0,1.2857142857142858,0.2857142857142857
AAAXMP138200001809202144_OR,9.0,0.0,9.0,0.0,5.0,1.0,0.0
AAAXMP138200001809652125_OR,9.0,1.0,8.0,0.0,0.0,1.1111111111111112,0.1111111111111111
AAAXMP138200001809972144_OR,11.0,9.0,2.0,0.0,4.0,1.8181818181818181,0.8181818181818182
AAAXMP138200001810542810_OR,9.0,0.0,9.0,0.0,4.0,1.0,0.0
AAAXMP138200001810562810_OR,9.0,0.0,9.0,0.0,1.0,1.0,0.0
AAAXMP138200001810582810_OR,9.0,1.0,8.0,0.0,2.0,1.1111111111111112,0.1111111111111111
AAAXMP138200001810662125_OR,20.0,3.0,17.0,0.0,1.0,1.15,0.15
AAAXMP138200001811372125_OR,14.0,1.0,13.0,0.0,0.0,1.0714285714285714,0.07142857142857142
AAAXMP138200001811942850_OR,9.0,3.0,6.0,0.0,6.0,1.3333333333333333,0.3333333333333333
AAAXMP138200001811972850_OR,9.0,0.0,9.0,0.0,6.0,1.0,0.0
AAAXMP138200001812132810_OR,9.0,5.0,4.0,0.0,1.0,1.5555555555555556,0.5555555555555556
AAAXMP138200001812522850_OR,9.0,1.0,8.0,0.0,6.0,1.1111111111111112,0.1111111111111111
AAAXMP138200001813512850_OR,11.0,0.0,11.0,0.0,2.0,1.0,0.0
AAAXMP138200001813532810_OR,8.0,5.0,3.0,0.0,2.0,1.625,0.625
AAAXMP138200001813562810_OR,13.0,0.0,13.0,0.0,7.0,1.0,0.0
AAAXMP138200001813742144_OR,4.0,0.0,0.0,4.0,0.0,0.0,0.0
AAAXMP138200001814522850_OR,10.0,1.0,9.0,0.0,1.0,1.1,0.1
AAAXMP138200001814622810_OR,11.0,0.0,8.0,3.0,6.0,0.7272727272727273,0.0
AAAXMP138200001814872144_OR,17.0,2.0,15.0,0.0,4.0,1.1176470588235294,0.11764705882352941
AAAXMP138200001815372144_OR,9.0,4.0,5.0,0.0,4.0,1.4444444444444444,0.4444444444444444
AAAXMP138200001815642810_OR,8.0,1.0,7.0,0.0,6.0,1.125,0.125
AAAXMP138200001815692810_OR,8.0,4.0,4.0,0.0,6.0,1.5,0.5
AAAXMP138200001815742144_OR,16.0,7.0,9.0,0.0,4.0,1.4375,0.4375
AAAXMP138200001815792850_OR,9.0,2.0,7.0,0.0,3.0,1.2222222222222223,0.2222222222222222
AAAXMP138200001815842850_OR,9.0,0.0,9.0,0.0,2.0,1.0,0.0
AAAXMP138200001816002850_OR,10.0,0.0,10.0,0.0,3.0,1.0,0.0
AAAXMP138200001816032125_OR,12.0,3.0,9.0,0.0,0.0,1.25,0.25
AAAXMP138200001816082810_OR,8.0,0.0,8.0,0.0,5.0,1.0,0.0
AAAXMP138200001816142810_OR,12.0,1.0,11.0,0.0,5.0,1.0833333333333333,0.08333333333333333
AAAXMP138200001816232810_OR,4.0,0.0,1.0,3.0,1.0,0.25,0.0
AAAXMP138200001816462125_OR,11.0,0.0,11.0,0.0,1.0,1.0,0.0
AAAXMP138200001817102125_OR,12.0,6.0,6.0,0.0,1.0,1.5,0.5
AAAXMP138200001817292125_OR,8.0,2.0,6.0,0.0,0.0,1.25,0.25
AAAXMP138200001817412144_OR,11.0,0.0,11.0,0.0,8.0,1.0,0.0
AAAXMP138200001817452144_OR,11.0,0.0,11.0,0.0,4.0,1.0,0.0
AAAXMP138200001817662850_OR,6.0,0.0,6.0,0.0,4.0,1.0,0.0
AAAXMP138200001817672850_OR,10.0,0.0,10.0,0.0,0.0,1.0,0.0
AAAXMP138200001817722810_OR,8.0,0.0,8.0,0.0,1.0,1.0,0.0
AAAXMP138200001817922125_OR,15.0,11.0,4.0,0.0,2.0,1.7333333333333334,0.7333333333333333
AAAXMP138200001817952125_OR,15.0,7.0,8.0,0.0,3.0,1.4666666666666666,0.4666666666666667
AAAXMP138200001818042810_OR,9.0,2.0,7.0,0.0,1.0,1.2222222222222223,0.2222222222222222
AAAXMP138200001818422144_OR,9.0,0.0,9.0,0.0,5.0,1.0,0.0
AAAXMP138200001818562125_OR,13.0,4.0,9.0,0.0,0.0,1.3076923076923077,0.3076923076923077
AAAXMP138200001818752125_OR,23.0,14.0,9.0,0.0,2.0,1.608695652173913,0.6086956521739131
AAAXMP138200001818892850_OR,9.0,3.0,6.0,0.0,5.0,1.3333333333333333,0.3333333333333333
AAAXMP138200001819212810_OR,9.0,1.0,8.0,0.0,0.0,1.1111111111111112,0.1111111111111111
AAAXMP138200001819742144_OR,11.0,8.0,3.0,0.0,5.0,1.7272727272727273,0.7272727272727273
AAAXMP138200001819762125_OR,14.0,0.0,14.0,0.0,4.0,1.0,0.0
AAAXMP138200001819782125_OR,16.0,4.0,12.0,0.0,0.0,1.25,0.25
AAAXMP138200001819812125_OR,19.0,12.0,7.0,0.0,2.0,1.631578947368421,0.631578947368421
AAAXMP138200001820662144_OR,14.0,2.0,12.0,0.0,4.0,1.1428571428571428,0.14285714285714285
AAAXMP138200001821212810_OR,8.0,0.0,8.0,0.0,5.0,1.0,0.0
AAAXMP138200001821662144_OR,11.0,0.0,11.0,0.0,4.0,1.0,0.0
AAAXMP138200001821682125_OR,10.0,0.0,10.0,0.0,0.0,1.0,0.0
AAAXMP138200001822852850_OR,8.0,4.0,4.0,0.0,0.0,1.5,0.5
AAAXMP138200001822882144_OR,10.0,0.0,10.0,0.0,6.0,1.0,0.0
AAAXMP138200001822952144_OR,8.0,1.0,7.0,0.0,0.0,1.125,0.125
AAAXMP138200001823032850_OR,9.0,5.0,4.0,0.0,4.0,1.5555555555555556,0.5555555555555556
AAAXMP138200001823612125_OR,11.0,4.0,7.0,0.0,0.0,1.3636363636363635,0.36363636363636365
AAAXMP138200001823972810_OR,9.0,1.0,8.0,0.0,4.0,1.1111111111111112,0.1111111111111111
AAAXMP138200001824312850_OR,9.0,4.0,5.0,0.0,4.0,1.4444444444444444,0.4444444444444444
AAAXMP138200001824662125_OR,16.0,1.0,15.0,0.0,1.0,1.0625,0.0625
AAAXMP138200001824672125_OR,15.0,8.0,7.0,0.0,3.0,1.5333333333333334,0.5333333333333333
AAAXMP138200001824722144_OR,13.0,6.0,7.0,0.0,3.0,1.4615384615384615,0.46153846153846156
AAAXMP138200001824842125_OR,9.0,1.0,8.0,0.0,0.0,1.1111111111111112,0.1111111111111111
AAAXMP138200001824922810_OR,9.0,6.0,3.0,0.0,0.0,1.6666666666666667,0.6666666666666666
AAAXMP138200001826312144_OR,11.0,3.0,8.0,0.0,5.0,1.2727272727272727,0.2727272727272727
AAAXMP138200001826372125_OR,14.0,0.0,14.0,0.0,7.0,1.0,0.0
AAAXMP138200001826692125_OR,10.0,0.0,10.0,0.0,1.0,1.0,0.0
AAAXMP138200001827052810_OR,9.0,4.0,5.0,0.0,2.0,1.4444444444444444,0.4444444444444444
AAAXMP138200001827132810_OR,9.0,4.0,5.0,0.0,6.0,1.4444444444444444,0.4444444444444444
AAAXMP138200001827522810_OR,8.0,0.0,8.0,0.0,3.0,1.0,0.0
AAAXMP138200001827782144_OR,12.0,0.0,12.0,0.0,6.0,1.0,0.0
AAAXMP138200001828032810_OR,9.0,1.0,8.0,0.0,1.0,1.1111111111111112,0.1111111111111111
AAAXMP138200001828082144_OR,12.0,0.0,11.0,1.0,1.0,0.9166666666666666,0.0
AAAXMP138200001828112125_OR,14.0,3.0,11.0,0.0,2.0,1.2142857142857142,0.21428571428571427
AAAXMP138200001828232810_OR,9.0,5.0,4.0,0.0,6.0,1.5555555555555556,0.5555555555555556
AAAXMP138200001828952125_OR,15.0,13.0,2.0,0.0,2.0,1.8666666666666667,0.8666666666666667
AAAXMP138200001829162144_OR,12.0,0.0,12.0,0.0,7.0,1.0,0.0
AAAXMP138200001829542850_OR,15.0,0.0,15.0,0.0,6.0,1.0,0.0
AAAXMP138200001829572850_OR,12.0,0.0,10.0,2.0,2.0,0.8333333333333334,0.0
AAAXMP138200001829592810_OR,7.0,2.0,5.0,0.0,4.0,1.2857142857142858,0.2857142857142857
AAAXMP138200001829642810_OR,10.0,8.0,2.0,0.0,3.0,1.8,0.8
AAAXMP138200001829712810_OR,12.0,0.0,12.0,0.0,5.0,1.0,0.0
AAAXMP138200001829972810_OR,12.0,0.0,12.0,0.0,8.0,1.0,0.0
AAAXMP138200001830002810_OR,13.0,5.0,8.0,0.0,3.0,1.3846153846153846,0.38461538461538464
AAAXMP138200001830332125_OR,12.0,8.0,4.0,0.0,2.0,1.6666666666666667,0.6666666666666666
AAAXMP138200001830392144_OR,15.0,7.0,8.0,0.0,4.0,1.4666666666666666,0.4666666666666667
AAAXMP138200001830412850_OR,8.0,0.0,8.0,0.0,1.0,1.0,0.0
AAAXMP138200001831192125_OR,16.0,4.0,12.0,0.0,1.0,1.25,0.25
AAAXMP138200001831852144_OR,10.0,5.0,5.0,0.0,0.0,1.5,0.5
AAAXMP138200001832062144_OR,11.0,0.0,11.0,0.0,7.0,1.0,0.0
AAAXMP138200001832442144_OR,12.0,2.0,10.0,0.0,5.0,1.1666666666666667,0.16666666666666666
AAAXMP138200001832552144_OR,12.0,2.0,10.0,0.0,3.0,1.1666666666666667,0.16666666666666666
AAAXMP138200001832802810_OR,9.0,1.0,8.0,0.0,0.0,1.1111111111111112,0.1111111111111111
AAAXMP138200001833082125_OR,13.0,1.0,12.0,0.0,1.0,1.0769230769230769,0.07692307692307693
AAAXMP138200001833622144_OR,11.0,5.0,6.0,0.0,4.0,1.4545454545454546,0.45454545454545453
AAAXMP138200001834062144_OR,18.0,0.0,18.0,0.0,7.0,1.0,0.0
AAAXMP138200001835002144_OR,13.0,4.0,9.0,0.0,5.0,1.3076923076923077,0.3076923076923077
AAAXMP138200001835052125_OR,10.0,3.0,7.0,0.0,0.0,1.3,0.3
AAAXMP138200001835062144_OR,12.0,3.0,9.0,0.0,3.0,1.25,0.25
AAAXMP138200001835112144_OR,12.0,1.0,11.0,0.0,6.0,1.0833333333333333,0.08333333333333333
AAAXMP138200001835172810_OR,10.0,0.0,9.0,1.0,2.0,0.9,0.0
AAAXMP138200001835272850_OR,9.0,3.0,6.0,0.0,5.0,1.3333333333333333,0.3333333333333333
AAAXMP138200001835622810_OR,5.0,1.0,4.0,0.0,1.0,1.2,0.2
AAAXMP138200001835632850_OR,16.0,12.0,4.0,0.0,3.0,1.75,0.75
AAAXMP138200001835952850_OR,9.0,0.0,9.0,0.0,4.0,1.0,0.0
AAAXMP138200001836002810_OR,7.0,0.0,7.0,0.0,2.0,1.0,0.0
AAAXMP138200001836182810_OR,12.0,10.0,2.0,0.0,0.0,1.8333333333333333,0.8333333333333334
AAAXMP138200001836242125_OR,11.0,3.0,8.0,0.0,0.0,1.2727272727272727,0.2727272727272727
AAAXMP138200001836302144_OR,13.0,1.0,12.0,0.0,4.0,1.0769230769230769,0.07692307692307693
AAAXMP138200001836372810_OR,9.0,7.0,2.0,0.0,5.0,1.7777777777777777,0.7777777777777778
AAAXMP138200001836562850_OR,10.0,0.0,6.0,4.0,2.0,0.6,0.0
AAAXMP138200001836992125_OR,13.0,1.0,12.0,0.0,0.0,1.0769230769230769,0.07692307692307693
AAAXMP138200001837252125_OR,15.0,11.0,4.0,0.0,1.0,1.7333333333333334,0.7333333333333333
AAAXMP138200001837282144_OR,12.0,0.0,12.0,0.0,3.0,1.0,0.0
AAAXMP138200001837422810_OR,11.0,6.0,5.0,0.0,7.0,1.5454545454545454,0.5454545454545454
AAAXMP138200001837712850_OR,9.0,0.0,7.0,2.0,3.0,0.7777777777777778,0.0
AAAXMP138200001837862144_OR,12.0,0.0,12.0,0.0,2.0,1.0,0.0
AAAXMP138200001837902810_OR,9.0,7.0,2.0,0.0,6.0,1.7777777777777777,0.7777777777777778
AAAXMP138200001838102125_OR,14.0,1.0,13.0,0.0,0.0,1.0714285714285714,0.07142857142857142
AAAXMP138200001838122850_OR,9.0,3.0,6.0,0.0,5.0,1.3333333333333333,0.3333333333333333
AAAXMP138200001838202850_OR,9.0,5.0,4.0,0.0,1.0,1.5555555555555556,0.5555555555555556
AAAXMP138200001838892144_OR,13.0,0.0,13.0,0.0,2.0,1.0,0.0
AAAXMP138200001838952125_OR,10.0,3.0,7.0,0.0,0.0,1.3,0.3
AAAXMP138200001839882125_OR,11.0,0.0,11.0,0.0,0.0,1.0,0.0
AAAXMP138200001840462810_OR,12.0,7.0,5.0,0.0,1.0,1.5833333333333333,0.5833333333333334
AAAXMP138200001840852144_OR,7.0,1.0,6.0,0.0,5.0,1.1428571428571428,0.14285714285714285
AAAXMP138200001840892144_OR,7.0,1.0,6.0,0.0,0.0,1.1428571428571428,0.14285714285714285
AAAXMP138200001840912144_OR,7.0,5.0,2.0,0.0,4.0,1.7142857142857142,0.7142857142857143
AAAXMP138200001840952125_OR,9.0,3.0,6.0,0.0,0.0,1.3333333333333333,0.3333333333333333
AAAXMP138200001841382850_OR,12.0,0.0,10.0,2.0,5.0,0.8333333333333334,0.0
AAAXMP138200001841532144_OR,11.0,0.0,9.0,2.0,6.0,0.8181818181818182,0.0
AAAXMP138200001841542850_OR,11.0,1.0,10.0,0.0,0.0,1.0909090909090908,0.09090909090909091
AAAXMP138200001841622850_OR,9.0,1.0,8.0,0.0,5.0,1.1111111111111112,0.1111111111111111
AAAXMP138200001841872125_OR,9.0,2.0,7.0,0.0,4.0,1.2222222222222223,0.2222222222222222
AAAXMP138200001841952810_OR,6.0,0.0,6.0,0.0,0.0,1.0,0.0
AAAXMP138200001842242125_OR,12.0,0.0,12.0,0.0,1.0,1.0,0.0
AAAXMP138200001842452125_OR,13.0,2.0,11.0,0.0,0.0,1.1538461538461537,0.15384615384615385
AAAXMP138200001843912125_OR,9.0,0.0,9.0,0.0,0.0,1.0,0.0
AAAXMP138200001843942125_OR,13.0,0.0,13.0,0.0,1.0,1.0,0.0
AAAXMP138200001844182144_OR,13.0,1.0,12.0,0.0,3.0,1.0769230769230769,0.07692307692307693
AAAXMP138200001844212125_OR,15.0,9.0,6.0,0.0,0.0,1.6,0.6
AAAXMP138200001844532810_OR,9.0,5.0,4.0,0.0,0.0,1.5555555555555556,0.5555555555555556
AAAXMP138200001844662810_OR,9.0,8.0,1.0,0.0,0.0,1.8888888888888888,0.8888888888888888
AAAXMP138200001844812850_OR,11.0,2.0,9.0,0.0,5.0,1.1818181818181819,0.18181818181818182
AAAXMP138200001845382125_OR,8.0,0.0,8.0,0.0,0.0,1.0,0.0
AAAXMP138200001845392144_OR,9.0,5.0,4.0,0.0,6.0,1.5555555555555556,0.5555555555555556
AAAXMP138200001845732125_OR,13.0,3.0,10.0,0.0,0.0,1.2307692307692308,0.23076923076923078
AAAXMP138200001845742125_OR,16.0,13.0,3.0,0.0,3.0,1.8125,0.8125
AAAXMP138200001845802850_OR,9.0,2.0,7.0,0.0,0.0,1.2222222222222223,0.2222222222222222
AAAXMP138200001845902850_OR,10.0,0.0,10.0,0.0,6.0,1.0,0.0
AAAXMP138200001846412125_OR,12.0,1.0,11.0,0.0,0.0,1.0833333333333333,0.08333333333333333
AAAXMP138200001846562125_OR,12.0,5.0,7.0,0.0,3.0,1.4166666666666667,0.4166666666666667
AAAXMP138200001846672144_OR,13.0,5.0,8.0,0.0,4.0,1.3846153846153846,0.38461538461538464
AAAXMP138200001846742810_OR,12.0,1.0,11.0,0.0,9.0,1.0833333333333333,0.08333333333333333
AAAXMP138200001846852850_OR,9.0,0.0,9.0,0.0,3.0,1.0,0.0
AAAXMP138200001847222125_OR,8.0,0.0,8.0,0.0,0.0,1.0,0.0
AAAXMP138200001847232125_OR,7.0,2.0,5.0,0.0,0.0,1.2857142857142858,0.2857142857142857
AAAXMP138200001847412125_OR,12.0,0.0,12.0,0.0,2.0,1.0,0.0
AAAXMP138200001847862125_OR,12.0,0.0,9.0,3.0,0.0,0.75,0.0
AAAXMP138200001848092850_OR,7.0,0.0,7.0,0.0,4.0,1.0,0.0
AAAXMP138200001848332144_OR_cleaned,12.0,0.0,11.0,1.0,2.0,0.9166666666666666,0.0
AAAXMP138200001849032144_OR,12.0,1.0,11.0,0.0,6.0,1.0833333333333333,0.08333333333333333
AAAXMP138200001849342810_OR,9.0,0.0,9.0,0.0,4.0,1.0,0.0
AAAXMP138200001849512850_OR,10.0,3.0,7.0,0.0,6.0,1.3,0.3
AAAXMP138200001849682850_OR,6.0,0.0,3.0,3.0,5.0,0.5,0.0
AAAXMP138200001849952810_OR,9.0,0.0,9.0,0.0,4.0,1.0,0.0
AAAXMP138200001850192810_OR,6.0,0.0,6.0,0.0,0.0,1.0,0.0
AAAXMP138200001850352850_OR,11.0,6.0,4.0,1.0,3.0,1.4545454545454546,0.5454545454545454
AAAXMP138200001850432850_OR,9.0,9.0,0.0,0.0,1.0,2.0,1.0
AAAXMP138200001850492125_OR,12.0,5.0,7.0,0.0,1.0,1.4166666666666667,0.4166666666666667
AAAXMP138200001850742850_OR,12.0,0.0,12.0,0.0,4.0,1.0,0.0
AAAXMP138200001851042144_OR,12.0,1.0,11.0,0.0,4.0,1.0833333333333333,0.08333333333333333
AAAXMP138200001851572810_OR,8.0,3.0,5.0,0.0,2.0,1.375,0.375
AAAXMP138200001851852850_OR,12.0,5.0,7.0,0.0,6.0,1.4166666666666667,0.4166666666666667
AAAXMP138200001852132810_OR,9.0,0.0,9.0,0.0,5.0,1.0,0.0
AAAXMP138200001852162850_OR,9.0,2.0,7.0,0.0,5.0,1.2222222222222223,0.2222222222222222
AAAXMP138200001852172810_OR,16.0,0.0,16.0,0.0,1.0,1.0,0.0
AAAXMP138200001852722125_OR,19.0,0.0,19.0,0.0,2.0,1.0,0.0
AAAXMP138200001853072144_OR,16.0,9.0,7.0,0.0,2.0,1.5625,0.5625
AAAXMP138200001853392850_OR,9.0,0.0,9.0,0.0,4.0,1.0,0.0
AAAXMP138200001853622125_OR,12.0,1.0,11.0,0.0,4.0,1.0833333333333333,0.08333333333333333
AAAXMP138200001854342125_OR,13.0,4.0,9.0,0.0,1.0,1.3076923076923077,0.3076923076923077
AAAXMP138200001854762850_OR,9.0,1.0,8.0,0.0,5.0,1.1111111111111112,0.1111111111111111
AAAXMP138200001854962144_OR,7.0,0.0,7.0,0.0,4.0,1.0,0.0
AAAXMP138200001855232144_OR,11.0,1.0,10.0,0.0,6.0,1.0909090909090908,0.09090909090909091
AAAXMP138200001855242144_OR,11.0,0.0,11.0,0.0,3.0,1.0,0.0
AAAXMP138200001855772144_OR,12.0,4.0,8.0,0.0,2.0,1.3333333333333333,0.3333333333333333
AAAXMP138200001855852144_OR,12.0,1.0,11.0,0.0,9.0,1.0833333333333333,0.08333333333333333
AAAXMP138200001856332850_OR,12.0,2.0,8.0,2.0,4.0,1.0,0.16666666666666666
AAAXMP138200001856402125_OR,15.0,13.0,2.0,0.0,2.0,1.8666666666666667,0.8666666666666667
AAAXMP138200001856522144_OR,14.0,3.0,11.0,0.0,2.0,1.2142857142857142,0.21428571428571427
AAAXMP138200001856832125_OR,12.0,6.0,6.0,0.0,1.0,1.5,0.5
AAAXMP138200001856872125_OR,10.0,1.0,9.0,0.0,0.0,1.1,0.1
AAAXMP138200001856882125_OR,10.0,0.0,9.0,1.0,0.0,0.9,0.0
AAAXMP138200001857132144_OR,13.0,1.0,12.0,0.0,6.0,1.0769230769230769,0.07692307692307693
AAAXMP138200001857172144_OR,6.0,0.0,6.0,0.0,4.0,1.0,0.0
AAAXMP138200001857332810_OR,9.0,8.0,1.0,0.0,4.0,1.8888888888888888,0.8888888888888888
AAAXMP138200001857342810_OR,9.0,1.0,8.0,0.0,6.0,1.1111111111111112,0.1111111111111111
AAAXMP138200001857912850_OR,11.0,1.0,10.0,0.0,4.0,1.0909090909090908,0.09090909090909091
AAAXMP138200001857982144_OR,11.0,3.0,8.0,0.0,2.0,1.2727272727272727,0.2727272727272727
AAAXMP138200001858092125_OR,16.0,3.0,13.0,0.0,2.0,1.1875,0.1875
AAAXMP138200001858572125_OR,9.0,2.0,7.0,0.0,0.0,1.2222222222222223,0.2222222222222222
AAAXMP138200001858582144_OR,8.0,0.0,8.0,0.0,3.0,1.0,0.0
AAAXMP138200001858622810_OR,12.0,0.0,12.0,0.0,8.0,1.0,0.0
AAAXMP138200001858812125_OR,7.0,4.0,3.0,0.0,0.0,1.5714285714285714,0.5714285714285714
AAAXMP138200001858842144_OR,10.0,0.0,10.0,0.0,1.0,1.0,0.0
AAAXMP138200001858912125_OR,17.0,3.0,14.0,0.0,2.0,1.1764705882352942,0.17647058823529413
AAAXMP138200001858932850_OR,10.0,3.0,7.0,0.0,5.0,1.3,0.3
AAAXMP138200001859142144_OR,9.0,9.0,0.0,0.0,1.0,2.0,1.0
AAAXMP138200001859162125_OR,12.0,9.0,3.0,0.0,0.0,1.75,0.75
AAAXMP138200001859702144_OR,12.0,0.0,12.0,0.0,6.0,1.0,0.0
AAAXMP138200001859892144_OR,18.0,0.0,18.0,0.0,5.0,1.0,0.0
AAAXMP138200001860672144_OR,12.0,5.0,7.0,0.0,5.0,1.4166666666666667,0.4166666666666667
AAAXMP138200001860682810_OR,9.0,5.0,4.0,0.0,5.0,1.5555555555555556,0.5555555555555556
AAAXMP138200001861262850_OR,18.0,0.0,18.0,0.0,1.0,1.0,0.0
AAAXMP138200001861512125_OR,14.0,4.0,10.0,0.0,1.0,1.2857142857142858,0.2857142857142857
AAAXMP138200001861542810_OR,12.0,3.0,9.0,0.0,5.0,1.25,0.25
AAAXMP138200001861662810_OR,9.0,0.0,9.0,0.0,4.0,1.0,0.0
AAAXMP138200001862172125_OR,13.0,2.0,11.0,0.0,2.0,1.1538461538461537,0.15384615384615385
AAAXMP138200001862202125_OR,14.0,1.0,13.0,0.0,2.0,1.0714285714285714,0.07142857142857142
AAAXMP138200001862462850_OR,12.0,8.0,4.0,0.0,3.0,1.6666666666666667,0.6666666666666666
AAAXMP138200001862782125_OR,9.0,0.0,9.0,0.0,1.0,1.0,0.0
AAAXMP138200001862882125_OR,14.0,2.0,12.0,0.0,3.0,1.1428571428571428,0.14285714285714285
AAAXMP138200001863022125_OR,10.0,0.0,10.0,0.0,0.0,1.0,0.0
AAAXMP138200001863242810_OR,7.0,0.0,7.0,0.0,0.0,1.0,0.0
AAAXMP138200001863312144_OR,13.0,0.0,13.0,0.0,6.0,1.0,0.0
AAAXMP138200001863602125_OR,9.0,0.0,9.0,0.0,1.0,1.0,0.0
AAAXMP138200001863772850_OR,14.0,4.0,10.0,0.0,7.0,1.2857142857142858,0.2857142857142857
AAAXMP138200001863842810_OR,11.0,5.0,6.0,0.0,0.0,1.4545454545454546,0.45454545454545453
AAAXMP138200001863872850_OR,12.0,2.0,10.0,0.0,3.0,1.1666666666666667,0.16666666666666666
AAAXMP138200001864922125_OR,21.0,17.0,4.0,0.0,2.0,1.8095238095238095,0.8095238095238095
AAAXMP138200001865072125_OR,12.0,0.0,12.0,0.0,1.0,1.0,0.0
AAAXMP138200001865092125_OR,13.0,0.0,13.0,0.0,0.0,1.0,0.0
AAAXMP138200001865152125_OR,21.0,6.0,15.0,0.0,1.0,1.2857142857142858,0.2857142857142857
AAAXMP138200001865252850_OR,10.0,0.0,10.0,0.0,7.0,1.0,0.0
AAAXMP138200001865612850_OR,9.0,8.0,1.0,0.0,5.0,1.8888888888888888,0.8888888888888888
AAAXMP138200001866982125_OR,18.0,10.0,8.0,0.0,5.0,1.5555555555555556,0.5555555555555556
AAAXMP138200001867092850_OR,12.0,5.0,7.0,0.0,6.0,1.4166666666666667,0.4166666666666667
AAAXMP138200001867362810_OR,12.0,0.0,11.0,1.0,2.0,0.9166666666666666,0.0
AAAXMP138200001867502144_OR,15.0,11.0,4.0,0.0,4.0,1.7333333333333334,0.7333333333333333
AAAXMP138200001867562125_OR,9.0,4.0,5.0,0.0,0.0,1.4444444444444444,0.4444444444444444
AAAXMP138200001867572144_OR,11.0,0.0,11.0,0.0,2.0,1.0,0.0
AAAXMP138200001867582125_OR,9.0,1.0,8.0,0.0,0.0,1.1111111111111112,0.1111111111111111
AAAXMP138200001867702144_OR,13.0,11.0,2.0,0.0,6.0,1.8461538461538463,0.8461538461538461
AAAXMP138200001867852850_OR,14.0,1.0,13.0,0.0,6.0,1.0714285714285714,0.07142857142857142
AAAXMP138200001868132125_OR,12.0,3.0,9.0,0.0,1.0,1.25,0.25
AAAXMP138200001868962144_OR,12.0,3.0,9.0,0.0,4.0,1.25,0.25
AAAXMP138200001869162144_OR,12.0,8.0,4.0,0.0,3.0,1.6666666666666667,0.6666666666666666
AAAXMP138200001869392144_OR,14.0,6.0,8.0,0.0,4.0,1.4285714285714286,0.42857142857142855
AAAXMP138200001869422125_OR,15.0,6.0,9.0,0.0,1.0,1.4,0.4
AAAXMP138200001870342850_OR,14.0,0.0,14.0,0.0,3.0,1.0,0.0
AAAXMP138200001870942125_OR,15.0,4.0,11.0,0.0,1.0,1.2666666666666666,0.26666666666666666
AAAXMP138200001871282144_OR,9.0,0.0,9.0,0.0,3.0,1.0,0.0
AAAXMP138200001871382144_OR,12.0,8.0,4.0,0.0,3.0,1.6666666666666667,0.6666666666666666
AAAXMP138200001871432125_OR,10.0,1.0,9.0,0.0,0.0,1.1,0.1
AAAXMP138200001871552810_OR,7.0,0.0,7.0,0.0,0.0,1.0,0.0
AAAXMP138200001871712144_OR,9.0,0.0,8.0,1.0,2.0,0.8888888888888888,0.0
AAAXMP138200001871742144_OR,12.0,4.0,8.0,0.0,6.0,1.3333333333333333,0.3333333333333333
AAAXMP138200001871752125_OR,7.0,0.0,7.0,0.0,0.0,1.0,0.0
AAAXMP138200001871772810_OR,12.0,1.0,11.0,0.0,7.0,1.0833333333333333,0.08333333333333333
AAAXMP138200001871792810_OR,9.0,0.0,9.0,0.0,4.0,1.0,0.0
AAAXMP138200001871802810_OR,4.0,0.0,4.0,0.0,2.0,1.0,0.0
AAAXMP138200001871852850_OR,10.0,2.0,8.0,0.0,2.0,1.2,0.2
AAAXMP138200001871862144_OR,14.0,0.0,14.0,0.0,3.0,1.0,0.0
AAAXMP138200001871932850_OR,9.0,4.0,5.0,0.0,0.0,1.4444444444444444,0.4444444444444444
AAAXMP138200001872032125_OR,15.0,1.0,14.0,0.0,2.0,1.0666666666666667,0.06666666666666667
AAAXMP138200001872272810_OR,9.0,4.0,5.0,0.0,1.0,1.4444444444444444,0.4444444444444444
AAAXMP138200001872492810_OR,12.0,0.0,12.0,0.0,2.0,1.0,0.0
AAAXMP138200001873302144_OR,12.0,0.0,12.0,0.0,3.0,1.0,0.0
AAAXMP138200001873542144_OR,12.0,3.0,9.0,0.0,0.0,1.25,0.25
AAAXMP138200001873802850_OR,16.0,0.0,16.0,0.0,1.0,1.0,0.0
AAAXMP138200001874262810_OR,8.0,0.0,8.0,0.0,2.0,1.0,0.0
AAAXMP138200001875022125_OR,8.0,0.0,8.0,0.0,2.0,1.0,0.0
AAAXMP138200001875252144_OR,9.0,6.0,3.0,0.0,7.0,1.6666666666666667,0.6666666666666666
AAAXMP138200001875342144_OR,12.0,0.0,12.0,0.0,5.0,1.0,0.0
AAAXMP138200001875362810_OR,10.0,2.0,8.0,0.0,4.0,1.2,0.2
AAAXMP138200001875612125_OR,12.0,4.0,8.0,0.0,0.0,1.3333333333333333,0.3333333333333333
AAAXMP138200001875982125_OR,11.0,2.0,9.0,0.0,0.0,1.1818181818181819,0.18181818181818182
AAAXMP138200001876062850_OR,12.0,0.0,12.0,0.0,8.0,1.0,0.0
AAAXMP138200001876182125_OR,12.0,0.0,11.0,1.0,1.0,0.9166666666666666,0.0
AAAXMP138200001876432810_OR,9.0,7.0,2.0,0.0,6.0,1.7777777777777777,0.7777777777777778
AAAXMP138200001877182125_OR,9.0,5.0,4.0,0.0,0.0,1.5555555555555556,0.5555555555555556
AAAXMP138200001877192125_OR,7.0,0.0,7.0,0.0,0.0,1.0,0.0
AAAXMP138200001877292144_OR,9.0,5.0,4.0,0.0,0.0,1.5555555555555556,0.5555555555555556
AAAXMP138200001877462810_OR,12.0,6.0,6.0,0.0,4.0,1.5,0.5
AAAXMP138200001877492125_OR,12.0,4.0,8.0,0.0,2.0,1.3333333333333333,0.3333333333333333
AAAXMP138200001877532850_OR,9.0,0.0,9.0,0.0,5.0,1.0,0.0
AAAXMP138200001877722144_OR,15.0,2.0,13.0,0.0,8.0,1.1333333333333333,0.13333333333333333
AAAXMP138200001878652810_OR,12.0,0.0,12.0,0.0,6.0,1.0,0.0
AAAXMP138200001878802850_OR,8.0,1.0,7.0,0.0,4.0,1.125,0.125
AAAXMP138200001879312144_OR,10.0,5.0,5.0,0.0,3.0,1.5,0.5
AAAXMP138200001879322144_OR,12.0,5.0,7.0,0.0,1.0,1.4166666666666667,0.4166666666666667
AAAXMP138200001879882144_OR,9.0,4.0,5.0,0.0,2.0,1.4444444444444444,0.4444444444444444
AAAXMP138200001879892144_OR,7.0,2.0,5.0,0.0,6.0,1.2857142857142858,0.2857142857142857
AAAXMP138200001879912125_OR,14.0,2.0,12.0,0.0,1.0,1.1428571428571428,0.14285714285714285
AAAXMP138200001879952810_OR,9.0,0.0,9.0,0.0,7.0,1.0,0.0
AAAXMP138200001880152125_OR,12.0,8.0,4.0,0.0,0.0,1.6666666666666667,0.6666666666666666
AAAXMP138200001880402125_OR,15.0,5.0,10.0,0.0,0.0,1.3333333333333333,0.3333333333333333
AAAXMP138200001880512125_OR,19.0,5.0,14.0,0.0,2.0,1.263157894736842,0.2631578947368421
AAAXMP138200001880612125_OR,10.0,0.0,10.0,0.0,7.0,1.0,0.0
AAAXMP138200001880702144_OR,11.0,8.0,3.0,0.0,0.0,1.7272727272727273,0.7272727272727273
AAAXMP138200001881252125_OR,12.0,12.0,0.0,0.0,2.0,2.0,1.0
AAAXMP138200001881282144_OR,19.0,6.0,13.0,0.0,7.0,1.3157894736842106,0.3157894736842105
AAAXMP138200001881302125_OR,12.0,7.0,5.0,0.0,0.0,1.5833333333333333,0.5833333333333334
AAAXMP138200001881332125_OR,13.0,0.0,13.0,0.0,1.0,1.0,0.0
AAAXMP138200001882012850_OR,7.0,5.0,2.0,0.0,2.0,1.7142857142857142,0.7142857142857143
AAAXMP138200001882232850_OR,8.0,0.0,8.0,0.0,4.0,1.0,0.0
AAAXMP138200001882302125_OR,14.0,3.0,11.0,0.0,0.0,1.2142857142857142,0.21428571428571427
AAAXMP138200001883092144_OR,10.0,9.0,1.0,0.0,0.0,1.9,0.9
AAAXMP138200001883202850_OR,11.0,6.0,5.0,0.0,1.0,1.5454545454545454,0.5454545454545454
AAAXMP138200001883502125_OR,12.0,0.0,12.0,0.0,2.0,1.0,0.0
AAAXMP138200001883682125_OR,16.0,3.0,13.0,0.0,1.0,1.1875,0.1875
AAAXMP138200001884572850_OR,12.0,2.0,10.0,0.0,6.0,1.1666666666666667,0.16666666666666666
AAAXMP138200001884582810_OR,12.0,0.0,12.0,0.0,5.0,1.0,0.0
AAAXMP138200001884692850_OR,12.0,2.0,8.0,2.0,4.0,1.0,0.16666666666666666
AAAXMP138200001884932810_OR,12.0,3.0,9.0,0.0,4.0,1.25,0.25
AAAXMP138200001885252810_OR,11.0,0.0,11.0,0.0,1.0,1.0,0.0
AAAXMP138200001885442125_OR,19.0,10.0,9.0,0.0,1.0,1.5263157894736843,0.5263157894736842
AAAXMP138200001885602125_OR,15.0,2.0,13.0,0.0,2.0,1.1333333333333333,0.13333333333333333
AAAXMP138200001885872810_OR,12.0,5.0,7.0,0.0,2.0,1.4166666666666667,0.4166666666666667
AAAXMP138200001886312850_OR,12.0,3.0,9.0,0.0,9.0,1.25,0.25
AAAXMP138200001886592810_OR,10.0,4.0,6.0,0.0,1.0,1.4,0.4
AAAXMP138200001886702125_OR,15.0,1.0,14.0,0.0,2.0,1.0666666666666667,0.06666666666666667
AAAXMP138200001886882125_OR,12.0,4.0,8.0,0.0,0.0,1.3333333333333333,0.3333333333333333
AAAXMP138200001886972144_OR,14.0,9.0,5.0,0.0,2.0,1.6428571428571428,0.6428571428571429
AAAXMP138200001887232125_OR,11.0,2.0,9.0,0.0,0.0,1.1818181818181819,0.18181818181818182
AAAXMP138200001887302125_OR,13.0,6.0,7.0,0.0,1.0,1.4615384615384615,0.46153846153846156
AAAXMP138200001887352144_OR,9.0,2.0,7.0,0.0,0.0,1.2222222222222223,0.2222222222222222
AAAXMP138200001887592810_OR,9.0,2.0,6.0,1.0,2.0,1.1111111111111112,0.2222222222222222
AAAXMP138200001887892850_OR,12.0,2.0,10.0,0.0,3.0,1.1666666666666667,0.16666666666666666
AAAXMP138200001888062144_OR,11.0,4.0,7.0,0.0,3.0,1.3636363636363635,0.36363636363636365
AAAXMP138200001888872125_OR,13.0,4.0,9.0,0.0,2.0,1.3076923076923077,0.3076923076923077
AAAXMP138200001888892125_OR,15.0,0.0,15.0,0.0,1.0,1.0,0.0
AAAXMP138200001889692850_OR,11.0,3.0,8.0,0.0,6.0,1.2727272727272727,0.2727272727272727
AAAXMP138200001889722144_OR,11.0,0.0,11.0,0.0,6.0,1.0,0.0
AAAXMP138200001889762810_OR,11.0,2.0,9.0,0.0,1.0,1.1818181818181819,0.18181818181818182
AAAXMP138200001889892125_OR,9.0,9.0,0.0,0.0,0.0,2.0,1.0
AAAXMP138200001890172144_OR,14.0,3.0,11.0,0.0,8.0,1.2142857142857142,0.21428571428571427
AAAXMP138200001890362144_OR,13.0,7.0,6.0,0.0,2.0,1.5384615384615385,0.5384615384615384
AAAXMP138200001890772144_OR,13.0,9.0,4.0,0.0,2.0,1.6923076923076923,0.6923076923076923
AAAXMP138200001890822144_OR,7.0,0.0,7.0,0.0,2.0,1.0,0.0
AAAXMP138200001890872810_OR,9.0,4.0,5.0,0.0,2.0,1.4444444444444444,0.4444444444444444
AAAXMP138200001891112810_OR,9.0,0.0,9.0,0.0,4.0,1.0,0.0
AAAXMP138200001891182850_OR,10.0,1.0,9.0,0.0,5.0,1.1,0.1
AAAXMP138200001891652125_OR,15.0,0.0,15.0,0.0,2.0,1.0,0.0
AAAXMP138200001891732810_OR,16.0,6.0,10.0,0.0,8.0,1.375,0.375
AAAXMP138200001891862144_OR,8.0,5.0,3.0,0.0,1.0,1.625,0.625
AAAXMP138200001892262144_OR,11.0,9.0,2.0,0.0,6.0,1.8181818181818181,0.8181818181818182
AAAXMP138200001892462850_OR,9.0,2.0,7.0,0.0,2.0,1.2222222222222223,0.2222222222222222
AAAXMP138200001892542125_OR,17.0,3.0,13.0,1.0,0.0,1.1176470588235294,0.17647058823529413
AAAXMP138200001892642125_OR,10.0,0.0,10.0,0.0,0.0,1.0,0.0
AAAXMP138200001892662125_OR,16.0,2.0,14.0,0.0,1.0,1.125,0.125
AAAXMP138200001893552144_OR,8.0,3.0,5.0,0.0,3.0,1.375,0.375
AAAXMP138200001894802125_OR,14.0,0.0,14.0,0.0,2.0,1.0,0.0
AAAXMP138200001894822125_OR,11.0,4.0,7.0,0.0,0.0,1.3636363636363635,0.36363636363636365
AAAXMP138200001894912125_OR,7.0,0.0,7.0,0.0,2.0,1.0,0.0
AAAXMP138200001894942125_OR,10.0,2.0,8.0,0.0,3.0,1.2,0.2
AAAXMP138200001895002144_OR,10.0,0.0,10.0,0.0,2.0,1.0,0.0
AAAXMP138200001895332125_OR,13.0,0.0,11.0,2.0,0.0,0.8461538461538461,0.0
AAAXMP138200001895642810_OR,9.0,9.0,0.0,0.0,5.0,2.0,1.0
AAAXMP138200001896052810_OR,8.0,1.0,7.0,0.0,2.0,1.125,0.125
AAAXMP138200001896102125_OR,16.0,10.0,6.0,0.0,2.0,1.625,0.625
AAAXMP138200001896332125_OR,14.0,0.0,14.0,0.0,2.0,1.0,0.0
AAAXMP138200001896422850_OR,9.0,4.0,5.0,0.0,4.0,1.4444444444444444,0.4444444444444444
AAAXMP138200001896862125_OR,12.0,6.0,6.0,0.0,3.0,1.5,0.5
AAAXMP138200001897222810_OR,6.0,0.0,6.0,0.0,1.0,1.0,0.0
AAAXMP138200001897752810_OR,9.0,0.0,9.0,0.0,5.0,1.0,0.0
AAAXMP138200001898242810_OR,9.0,0.0,9.0,0.0,5.0,1.0,0.0
AAAXMP138200001898342125_OR,11.0,0.0,11.0,0.0,0.0,1.0,0.0
AAAXMP138200001898412125_OR,11.0,0.0,11.0,0.0,3.0,1.0,0.0
AAAXMP138200001898422144_OR,11.0,4.0,7.0,0.0,1.0,1.3636363636363635,0.36363636363636365
AAAXMP138200001899302125_OR,14.0,12.0,2.0,0.0,2.0,1.8571428571428572,0.8571428571428571
AAAXMP138200001899852125_OR,15.0,0.0,13.0,2.0,1.0,0.8666666666666667,0.0
AAAXMP138200001901302850_OR,7.0,2.0,5.0,0.0,3.0,1.2857142857142858,0.2857142857142857
AAAXMP138200001901352144_OR,9.0,0.0,6.0,3.0,3.0,0.6666666666666666,0.0
AAAXMP138200001901542125_OR,18.0,0.0,18.0,0.0,3.0,1.0,0.0
AAAXMP138200001902232125_OR,14.0,2.0,12.0,0.0,3.0,1.1428571428571428,0.14285714285714285
AAAXMP138200001902672810_OR,12.0,1.0,11.0,0.0,3.0,1.0833333333333333,0.08333333333333333
AAAXMP138200001902732125_OR,15.0,3.0,12.0,0.0,0.0,1.2,0.2
AAAXMP138200001902812125_OR,12.0,0.0,12.0,0.0,0.0,1.0,0.0
AAAXMP138200001903752125_OR,15.0,6.0,9.0,0.0,0.0,1.4,0.4
AAAXMP138200001903982125_OR,12.0,0.0,12.0,0.0,2.0,1.0,0.0
AAAXMP138200001904002125_OR,13.0,0.0,11.0,2.0,1.0,0.8461538461538461,0.0
AAAXMP138200001904052125_OR,9.0,0.0,9.0,0.0,0.0,1.0,0.0
AAAXMP138200001904272125_OR,14.0,0.0,14.0,0.0,1.0,1.0,0.0
AAAXMP138200001904992810_OR,9.0,2.0,7.0,0.0,1.0,1.2222222222222223,0.2222222222222222
AAAXMP138200001905162144_OR,11.0,7.0,4.0,0.0,0.0,1.6363636363636365,0.6363636363636364
AAAXMP138200001905182144_OR,14.0,5.0,9.0,0.0,5.0,1.3571428571428572,0.35714285714285715
AAAXMP138200001905202144_OR,7.0,2.0,5.0,0.0,3.0,1.2857142857142858,0.2857142857142857
AAAXMP138200001905272850_OR,8.0,0.0,8.0,0.0,2.0,1.0,0.0
AAAXMP138200001905312144_OR,14.0,8.0,6.0,0.0,2.0,1.5714285714285714,0.5714285714285714
AAAXMP138200001905762810_OR,15.0,0.0,15.0,0.0,7.0,1.0,0.0
AAAXMP138200001906182850_OR,11.0,0.0,9.0,2.0,6.0,0.8181818181818182,0.0
AAAXMP138200001906222810_OR,12.0,0.0,12.0,0.0,5.0,1.0,0.0
AAAXMP138200001906282144_OR,14.0,12.0,2.0,0.0,1.0,1.8571428571428572,0.8571428571428571
AAAXMP138200001906302125_OR,20.0,8.0,12.0,0.0,0.0,1.4,0.4
AAAXMP138200001906672810_OR,10.0,3.0,7.0,0.0,4.0,1.3,0.3
AAAXMP138200001906732810_OR,9.0,0.0,9.0,0.0,5.0,1.0,0.0
AAAXMP138200001906772144_OR,13.0,5.0,8.0,0.0,2.0,1.3846153846153846,0.38461538461538464
AAAXMP138200001907112125_OR,15.0,0.0,15.0,0.0,1.0,1.0,0.0
AAAXMP138200001907842125_OR,14.0,8.0,6.0,0.0,1.0,1.5714285714285714,0.5714285714285714
AAAXMP138200001908662810_OR,10.0,7.0,3.0,0.0,1.0,1.7,0.7
AAAXMP138200001908822144_OR,9.0,5.0,4.0,0.0,8.0,1.5555555555555556,0.5555555555555556
AAAXMP138200001909342125_OR,9.0,4.0,5.0,0.0,0.0,1.4444444444444444,0.4444444444444444
AAAXMP138200001909622850_OR,10.0,4.0,6.0,0.0,3.0,1.4,0.4
AAAXMP138200001909712125_OR,12.0,0.0,12.0,0.0,1.0,1.0,0.0
AAAXMP138200001909852125_OR,14.0,5.0,9.0,0.0,1.0,1.3571428571428572,0.35714285714285715
AAAXMP138200001909862125_OR,14.0,11.0,3.0,0.0,1.0,1.7857142857142858,0.7857142857142857
AAAXMP138200001910022144_OR,13.0,7.0,6.0,0.0,2.0,1.5384615384615385,0.5384615384615384
AAAXMP138200001910152810_OR,11.0,4.0,7.0,0.0,5.0,1.3636363636363635,0.36363636363636365
AAAXMP138200001910212144_OR,10.0,0.0,10.0,0.0,0.0,1.0,0.0
AAAXMP138200001910792125_OR,7.0,0.0,7.0,0.0,0.0,1.0,0.0
AAAXMP138200001910832850_OR,11.0,3.0,8.0,0.0,6.0,1.2727272727272727,0.2727272727272727
AAAXMP138200001910972850_OR,12.0,8.0,4.0,0.0,6.0,1.6666666666666667,0.6666666666666666
AAAXMP138200001911132810_OR,10.0,8.0,2.0,0.0,7.0,1.8,0.8
AAAXMP138200001911532125_OR,7.0,1.0,6.0,0.0,0.0,1.1428571428571428,0.14285714285714285
AAAXMP138200001911902810_OR,8.0,0.0,8.0,0.0,5.0,1.0,0.0
AAAXMP138200001912192810_OR,12.0,0.0,12.0,0.0,6.0,1.0,0.0
AAAXMP138200001912672125_OR,12.0,6.0,6.0,0.0,1.0,1.5,0.5
AAAXMP138200001913582125_OR,7.0,0.0,7.0,0.0,0.0,1.0,0.0
AAAXMP138200001913682125_OR,12.0,0.0,12.0,0.0,0.0,1.0,0.0
AAAXMP138200001913982850_OR,10.0,4.0,6.0,0.0,4.0,1.4,0.4
AAAXMP138200001914322125_OR,10.0,5.0,5.0,0.0,0.0,1.5,0.5
AAAXMP138200001914612125_OR,11.0,0.0,9.0,2.0,0.0,0.8181818181818182,0.0
AAAXMP138200001915052125_OR,13.0,9.0,4.0,0.0,0.0,1.6923076923076923,0.6923076923076923
AAAXMP138200001915622125_OR,9.0,0.0,9.0,0.0,2.0,1.0,0.0
AAAXMP138200001915682125_OR,9.0,4.0,5.0,0.0,0.0,1.4444444444444444,0.4444444444444444
AAAXMP138200001915722850_OR,10.0,1.0,9.0,0.0,6.0,1.1,0.1
AAAXMP138200001915742810_OR,11.0,0.0,11.0,0.0,6.0,1.0,0.0
AAAXMP138200001916052144_OR,11.0,8.0,3.0,0.0,2.0,1.7272727272727273,0.7272727272727273
AAAXMP138200001916112125_OR,11.0,10.0,1.0,0.0,1.0,1.9090909090909092,0.9090909090909091
AAAXMP138200001916172125_OR,14.0,0.0,14.0,0.0,0.0,1.0,0.0
AAAXMP138200001916332144_OR,10.0,7.0,3.0,0.0,5.0,1.7,0.7
AAAXMP138200001916342850_OR,11.0,3.0,6.0,2.0,5.0,1.0909090909090908,0.2727272727272727
AAAXMP138200001916422144_OR,14.0,1.0,13.0,0.0,2.0,1.0714285714285714,0.07142857142857142
AAAXMP138200001916462144_OR,9.0,0.0,9.0,0.0,2.0,1.0,0.0
AAAXMP138200001917662850_OR,10.0,0.0,10.0,0.0,4.0,1.0,0.0
AAAXMP138200001918002125_OR,12.0,4.0,8.0,0.0,0.0,1.3333333333333333,0.3333333333333333
AAAXMP138200001918082810_OR,10.0,1.0,9.0,0.0,6.0,1.1,0.1
AAAXMP138200001918712850_OR,12.0,0.0,9.0,3.0,2.0,0.75,0.0
AAAXMP138200001919862144_OR,14.0,2.0,12.0,0.0,2.0,1.1428571428571428,0.14285714285714285
AAAXMP138200001919982125_OR,11.0,1.0,10.0,0.0,1.0,1.0909090909090908,0.09090909090909091
AAAXMP138200001920972144_OR,10.0,0.0,10.0,0.0,5.0,1.0,0.0
AAAXMP138200001921432144_OR,10.0,2.0,8.0,0.0,6.0,1.2,0.2
AAAXMP138200001921472850_OR,7.0,0.0,7.0,0.0,2.0,1.0,0.0
AAAXMP138200001921492125_OR,15.0,1.0,14.0,0.0,2.0,1.0666666666666667,0.06666666666666667
AAAXMP138200001921532810_OR,12.0,0.0,12.0,0.0,1.0,1.0,0.0
AAAXMP138200001921552144_OR,8.0,0.0,8.0,0.0,2.0,1.0,0.0
AAAXMP138200001921702144_OR,9.0,5.0,4.0,0.0,2.0,1.5555555555555556,0.5555555555555556
AAAXMP138200001921712125_OR,18.0,7.0,11.0,0.0,1.0,1.3888888888888888,0.3888888888888889
AAAXMP138200001922012125_OR,12.0,5.0,7.0,0.0,0.0,1.4166666666666667,0.4166666666666667
AAAXMP138200001922032144_OR,10.0,5.0,5.0,0.0,5.0,1.5,0.5
AAAXMP138200001922322144_OR,10.0,4.0,6.0,0.0,1.0,1.4,0.4
AAAXMP138200001922832125_OR,12.0,0.0,8.0,4.0,0.0,0.6666666666666666,0.0
AAAXMP138200001923042850_OR,9.0,4.0,5.0,0.0,5.0,1.4444444444444444,0.4444444444444444
AAAXMP138200001923302125_OR,14.0,2.0,12.0,0.0,1.0,1.1428571428571428,0.14285714285714285
AAAXMP138200001923692125_OR,11.0,4.0,7.0,0.0,1.0,1.3636363636363635,0.36363636363636365
AAAXMP138200001923822144_OR,12.0,9.0,3.0,0.0,0.0,1.75,0.75
AAAXMP138200001924172850_OR,9.0,4.0,5.0,0.0,6.0,1.4444444444444444,0.4444444444444444
AAAXMP138200001924372125_OR,13.0,6.0,7.0,0.0,2.0,1.4615384615384615,0.46153846153846156
AAAXMP138200001924672144_OR,14.0,6.0,8.0,0.0,5.0,1.4285714285714286,0.42857142857142855
AAAXMP138200001925422144_OR,11.0,0.0,11.0,0.0,5.0,1.0,0.0
AAAXMP138200001925482125_OR,11.0,2.0,9.0,0.0,0.0,1.1818181818181819,0.18181818181818182
AAAXMP138200001926252144_OR,7.0,1.0,6.0,0.0,4.0,1.1428571428571428,0.14285714285714285
AAAXMP138200001926312144_OR,9.0,0.0,9.0,0.0,4.0,1.0,0.0
AAAXMP138200001926422125_OR,20.0,0.0,20.0,0.0,2.0,1.0,0.0
AAAXMP138200001926642144_OR,11.0,5.0,6.0,0.0,5.0,1.4545454545454546,0.45454545454545453
AAAXMP138200001926882125_OR,12.0,4.0,8.0,0.0,2.0,1.3333333333333333,0.3333333333333333
AAAXMP138200001927342810_OR,9.0,0.0,9.0,0.0,5.0,1.0,0.0
AAAXMP138200001927392125_OR,11.0,3.0,8.0,0.0,0.0,1.2727272727272727,0.2727272727272727
AAAXMP138200001927412125_OR,15.0,1.0,14.0,0.0,0.0,1.0666666666666667,0.06666666666666667
AAAXMP138200001927922125_OR,14.0,5.0,9.0,0.0,1.0,1.3571428571428572,0.35714285714285715
AAAXMP138200001927932125_OR,12.0,6.0,6.0,0.0,1.0,1.5,0.5
AAAXMP138200001927962144_OR,12.0,9.0,3.0,0.0,1.0,1.75,0.75
AAAXMP138200001928312125_OR,14.0,12.0,2.0,0.0,1.0,1.8571428571428572,0.8571428571428571
AAAXMP138200001928412125_OR,15.0,6.0,9.0,0.0,3.0,1.4,0.4
AAAXMP138200001928632144_OR,11.0,10.0,1.0,0.0,4.0,1.9090909090909092,0.9090909090909091
AAAXMP138200001929482125_OR,16.0,6.0,10.0,0.0,2.0,1.375,0.375
AAAXMP138200001930272125_OR,12.0,1.0,11.0,0.0,1.0,1.0833333333333333,0.08333333333333333
AAAXMP138200001930282125_OR,12.0,0.0,12.0,0.0,0.0,1.0,0.0
AAAXMP138200001930992125_OR,15.0,7.0,8.0,0.0,1.0,1.4666666666666666,0.4666666666666667
AAAXMP138200001931662850_OR,12.0,2.0,10.0,0.0,5.0,1.1666666666666667,0.16666666666666666
AAAXMP138200001932342144_OR,11.0,7.0,4.0,0.0,5.0,1.6363636363636365,0.6363636363636364
AAAXMP138200001932572125_OR,14.0,7.0,7.0,0.0,1.0,1.5,0.5
AAAXMP138200001932592125_OR,14.0,3.0,11.0,0.0,1.0,1.2142857142857142,0.21428571428571427
AAAXMP138200001932612144_OR,11.0,7.0,4.0,0.0,4.0,1.6363636363636365,0.6363636363636364
AAAXMP138200001933892125_OR,12.0,8.0,4.0,0.0,1.0,1.6666666666666667,0.6666666666666666
AAAXMP138200001934622125_OR,12.0,7.0,5.0,0.0,2.0,1.5833333333333333,0.5833333333333334
AAAXMP138200001934892850_OR,13.0,0.0,13.0,0.0,4.0,1.0,0.0
AAAXMP138200001935522125_OR,15.0,8.0,7.0,0.0,2.0,1.5333333333333334,0.5333333333333333
AAAXMP138200001935552144_OR,12.0,0.0,12.0,0.0,3.0,1.0,0.0
AAAXMP138200001935572125_OR,9.0,0.0,9.0,0.0,0.0,1.0,0.0
AAAXMP138200001936512125_OR,12.0,10.0,2.0,0.0,0.0,1.8333333333333333,0.8333333333333334
AAAXMP138200001936532125_OR,11.0,10.0,1.0,0.0,0.0,1.9090909090909092,0.9090909090909091
AAAXMP138200001936782125_OR,14.0,1.0,13.0,0.0,1.0,1.0714285714285714,0.07142857142857142
AAAXMP138200001936862144_OR,14.0,1.0,13.0,0.0,3.0,1.0714285714285714,0.07142857142857142
AAAXMP138200001936942125_OR,13.0,0.0,13.0,0.0,1.0,1.0,0.0
AAAXMP138200001937102125_OR,14.0,7.0,7.0,0.0,2.0,1.5,0.5
AAAXMP138200001937142125_OR,9.0,0.0,9.0,0.0,0.0,1.0,0.0
AAAXMP138200001937402850_OR,14.0,3.0,11.0,0.0,4.0,1.2142857142857142,0.21428571428571427
AAAXMP138200001937632144_OR,14.0,2.0,11.0,1.0,3.0,1.0714285714285714,0.14285714285714285
AAAXMP138200001938532144_OR,14.0,3.0,11.0,0.0,5.0,1.2142857142857142,0.21428571428571427
AAAXMP138200001938912125_OR,17.0,9.0,8.0,0.0,0.0,1.5294117647058822,0.5294117647058824
AAAXMP138200001938922144_OR,9.0,1.0,8.0,0.0,1.0,1.1111111111111112,0.1111111111111111
AAAXMP138200001939002125_OR,14.0,3.0,11.0,0.0,2.0,1.2142857142857142,0.21428571428571427
AAAXMP138200001939412144_OR,9.0,0.0,8.0,1.0,5.0,0.8888888888888888,0.0
AAAXMP138200001939622125_OR,9.0,0.0,9.0,0.0,0.0,1.0,0.0
AAAXMP138200001939782125_OR,13.0,0.0,12.0,1.0,3.0,0.9230769230769231,0.0
AAAXMP138200001940152125_OR,15.0,6.0,9.0,0.0,2.0,1.4,0.4
AAAXMP138200001940392125_OR,11.0,3.0,8.0,0.0,0.0,1.2727272727272727,0.2727272727272727
AAAXMP138200001940402125_OR,12.0,3.0,9.0,0.0,1.0,1.25,0.25
AAAXMP138200001940412125_OR,12.0,6.0,6.0,0.0,3.0,1.5,0.5
AAAXMP138200001940662144_OR,9.0,4.0,5.0,0.0,5.0,1.4444444444444444,0.4444444444444444
AAAXMP138200001940692125_OR,12.0,2.0,10.0,0.0,0.0,1.1666666666666667,0.16666666666666666
AAAXMP138200001940772125_OR,21.0,12.0,9.0,0.0,1.0,1.5714285714285714,0.5714285714285714
AAAXMP138200001940812810_OR,9.0,0.0,9.0,0.0,6.0,1.0,0.0
AAAXMP138200001940882144_OR,12.0,0.0,12.0,0.0,6.0,1.0,0.0
AAAXMP138200001941162144_OR,16.0,4.0,12.0,0.0,2.0,1.25,0.25
AAAXMP138200001941312125_OR,10.0,1.0,9.0,0.0,0.0,1.1,0.1
AAAXMP138200001941362144_OR,12.0,2.0,10.0,0.0,4.0,1.1666666666666667,0.16666666666666666
AAAXMP138200001941932144_OR,11.0,1.0,10.0,0.0,3.0,1.0909090909090908,0.09090909090909091
AAAXMP138200001942142144_OR,9.0,5.0,4.0,0.0,0.0,1.5555555555555556,0.5555555555555556
AAAXMP138200001944042144_OR,15.0,7.0,8.0,0.0,2.0,1.4666666666666666,0.4666666666666667
AAAXMP138200001944392125_OR,13.0,6.0,7.0,0.0,0.0,1.4615384615384615,0.46153846153846156
AAAXMP138200001944402125_OR,16.0,9.0,7.0,0.0,1.0,1.5625,0.5625
AAAXMP138200001945122125_OR,12.0,6.0,6.0,0.0,0.0,1.5,0.5
AAAXMP138200001945142125_OR,12.0,1.0,11.0,0.0,0.0,1.0833333333333333,0.08333333333333333
AAAXMP138200001945612125_OR,12.0,0.0,12.0,0.0,1.0,1.0,0.0
AAAXMP138200001946182144_OR,12.0,0.0,12.0,0.0,5.0,1.0,0.0
AAAXMP138200001947002810_OR,10.0,3.0,7.0,0.0,6.0,1.3,0.3
AAAXMP138200001947112125_OR,10.0,0.0,10.0,0.0,0.0,1.0,0.0
AAAXMP138200001947512125_OR,9.0,2.0,7.0,0.0,0.0,1.2222222222222223,0.2222222222222222
AAAXMP138200001947602144_OR,8.0,6.0,2.0,0.0,4.0,1.75,0.75
AAAXMP138200001947932144_OR,9.0,3.0,6.0,0.0,4.0,1.3333333333333333,0.3333333333333333
AAAXMP138200001948492125_OR,14.0,4.0,10.0,0.0,0.0,1.2857142857142858,0.2857142857142857
AAAXMP138200001948752144_OR,13.0,9.0,4.0,0.0,3.0,1.6923076923076923,0.6923076923076923
AAAXMP138200001949392125_OR,15.0,0.0,15.0,0.0,4.0,1.0,0.0
AAAXMP138200001949402125_OR,7.0,3.0,4.0,0.0,0.0,1.4285714285714286,0.42857142857142855
AAAXMP138200001949562125_OR,11.0,10.0,1.0,0.0,0.0,1.9090909090909092,0.9090909090909091
AAAXMP138200001949662144_OR,11.0,0.0,11.0,0.0,4.0,1.0,0.0
AAAXMP138200001949712144_OR,9.0,0.0,9.0,0.0,8.0,1.0,0.0
AAAXMP138200001951032144_OR,8.0,5.0,3.0,0.0,2.0,1.625,0.625
AAAXMP138200001951492144_OR,15.0,7.0,8.0,0.0,5.0,1.4666666666666666,0.4666666666666667
AAAXMP138200001951532144_OR,12.0,4.0,8.0,0.0,2.0,1.3333333333333333,0.3333333333333333
AAAXMP138200001952022125_OR,16.0,5.0,11.0,0.0,0.0,1.3125,0.3125
AAAXMP138200001952142125_OR,14.0,5.0,9.0,0.0,1.0,1.3571428571428572,0.35714285714285715
AAAXMP138200001952262125_OR,15.0,8.0,7.0,0.0,2.0,1.5333333333333334,0.5333333333333333
AAAXMP138200001952772144_OR,15.0,13.0,2.0,0.0,2.0,1.8666666666666667,0.8666666666666667
AAAXMP138200001952852125_OR,13.0,0.0,13.0,0.0,1.0,1.0,0.0
AAAXMP138200001952932125_OR,9.0,0.0,9.0,0.0,0.0,1.0,0.0
AAAXMP138200001953192144_OR,5.0,0.0,4.0,1.0,1.0,0.8,0.0
AAAXMP138200001953332125_OR,14.0,3.0,11.0,0.0,1.0,1.2142857142857142,0.21428571428571427
AAAXMP138200001953602144_OR,12.0,10.0,2.0,0.0,5.0,1.8333333333333333,0.8333333333333334
AAAXMP138200001954292125_OR,14.0,0.0,12.0,2.0,1.0,0.8571428571428571,0.0
AAAXMP138200001955412125_OR,13.0,7.0,6.0,0.0,1.0,1.5384615384615385,0.5384615384615384
AAAXMP138200001955532125_OR,9.0,0.0,9.0,0.0,0.0,1.0,0.0
AAAXMP138200001955592144_OR,11.0,0.0,9.0,2.0,6.0,0.8181818181818182,0.0
AAAXMP138200001955612144_OR,11.0,7.0,4.0,0.0,6.0,1.6363636363636365,0.6363636363636364
AAAXMP138200001955832125_OR,13.0,6.0,7.0,0.0,0.0,1.4615384615384615,0.46153846153846156
AAAXMP138200001955902125_OR,16.0,4.0,12.0,0.0,0.0,1.25,0.25
AAAXMP138200001956202144_OR,9.0,1.0,8.0,0.0,5.0,1.1111111111111112,0.1111111111111111
AAAXMP138200001956402125_OR,14.0,0.0,14.0,0.0,2.0,1.0,0.0
AAAXMP138200001956682125_OR,19.0,1.0,16.0,2.0,1.0,0.9473684210526315,0.05263157894736842
AAAXMP138200001957022850_OR,6.0,0.0,5.0,1.0,1.0,0.8333333333333334,0.0
AAAXMP138200001957042810_OR,5.0,0.0,5.0,0.0,2.0,1.0,0.0
AAAXMP138200001957252144_OR,11.0,0.0,11.0,0.0,7.0,1.0,0.0
AAAXMP138200001957322125_OR,13.0,5.0,8.0,0.0,0.0,1.3846153846153846,0.38461538461538464
AAAXMP138200001957632125_OR,12.0,0.0,12.0,0.0,0.0,1.0,0.0
AAAXMP138200001957762125_OR,12.0,3.0,9.0,0.0,1.0,1.25,0.25
AAAXMP138200001957892125_OR,14.0,3.0,11.0,0.0,1.0,1.2142857142857142,0.21428571428571427
AAAXMP138200001958012850_OR,9.0,0.0,9.0,0.0,5.0,1.0,0.0
AAAXMP138200001958102810_OR,9.0,0.0,9.0,0.0,7.0,1.0,0.0
AAAXMP138200001958252144_OR,12.0,5.0,7.0,0.0,7.0,1.4166666666666667,0.4166666666666667
AAAXMP138200001958262144_OR,12.0,1.0,11.0,0.0,4.0,1.0833333333333333,0.08333333333333333
AAAXMP138200001958842144_OR,9.0,4.0,5.0,0.0,1.0,1.4444444444444444,0.4444444444444444
AAAXMP138200001958992125_OR,10.0,1.0,9.0,0.0,0.0,1.1,0.1
AAAXMP138200001959022144_OR,14.0,5.0,9.0,0.0,4.0,1.3571428571428572,0.35714285714285715
AAAXMP138200001959192144_OR,9.0,0.0,9.0,0.0,2.0,1.0,0.0
AAAXMP138200001959232125_OR,13.0,6.0,7.0,0.0,3.0,1.4615384615384615,0.46153846153846156
AAAXMP138200001959372144_OR,9.0,6.0,3.0,0.0,6.0,1.6666666666666667,0.6666666666666666
AAAXMP138200001959472144_OR,10.0,6.0,4.0,0.0,2.0,1.6,0.6
AAAXMP138200001959542125_OR,13.0,8.0,5.0,0.0,0.0,1.6153846153846154,0.6153846153846154
AAAXMP138200001959662125_OR,13.0,11.0,2.0,0.0,0.0,1.8461538461538463,0.8461538461538461
AAAXMP138200001959942144_OR,10.0,4.0,6.0,0.0,5.0,1.4,0.4
AAAXMP138200001960072125_OR,12.0,0.0,12.0,0.0,0.0,1.0,0.0
AAAXMP138200001960122125_OR,9.0,8.0,1.0,0.0,0.0,1.8888888888888888,0.8888888888888888
AAAXMP138200001960602125_OR,6.0,0.0,6.0,0.0,0.0,1.0,0.0
AAAXMP138200001960702144_OR,12.0,4.0,8.0,0.0,7.0,1.3333333333333333,0.3333333333333333
AAAXMP138200001960722125_OR,13.0,3.0,10.0,0.0,0.0,1.2307692307692308,0.23076923076923078
AAAXMP138200001962662810_OR,8.0,8.0,0.0,0.0,4.0,2.0,1.0
AAAXMP138200001962702850_OR,7.0,0.0,7.0,0.0,4.0,1.0,0.0
AAAXMP138200001962862810_OR,7.0,1.0,6.0,0.0,4.0,1.1428571428571428,0.14285714285714285
AAAXMP138200001963452810_OR,6.0,0.0,6.0,0.0,1.0,1.0,0.0
AAAXMP138200001964722850_OR,7.0,0.0,7.0,0.0,1.0,1.0,0.0
AAAXMP138200001964872810_OR,9.0,0.0,9.0,0.0,2.0,1.0,0.0
AAAXMP138200001965102810_OR,9.0,1.0,8.0,0.0,5.0,1.1111111111111112,0.1111111111111111
AAAXMP138200001965252850_OR,7.0,0.0,7.0,0.0,1.0,1.0,0.0
AAAXMP138200001965542810_OR,7.0,2.0,5.0,0.0,2.0,1.2857142857142858,0.2857142857142857
AAAXMP138200001966532810_OR,12.0,0.0,12.0,0.0,0.0,1.0,0.0
AAAXMP138200001966722810_OR,12.0,3.0,9.0,0.0,3.0,1.25,0.25
AAAXMP138200001966992850_OR,8.0,3.0,5.0,0.0,1.0,1.375,0.375
AAAXMP138200001967512850_OR,10.0,0.0,10.0,0.0,5.0,1.0,0.0
AAAXMP138200001967542850_OR,10.0,1.0,9.0,0.0,4.0,1.1,0.1
AAAXMP138200001967772810_OR,12.0,4.0,8.0,0.0,5.0,1.3333333333333333,0.3333333333333333
AAAXMP138200001968082810_OR,5.0,1.0,4.0,0.0,0.0,1.2,0.2
AAAXMP138200001968112810_OR,11.0,0.0,11.0,0.0,8.0,1.0,0.0
AAAXMP138200001968322810_OR,12.0,10.0,2.0,0.0,0.0,1.8333333333333333,0.8333333333333334
AAAXMP138200001969762810_OR,7.0,1.0,6.0,0.0,4.0,1.1428571428571428,0.14285714285714285
AAAXMP138200001969772810_OR,12.0,12.0,0.0,0.0,4.0,2.0,1.0
AAAXMP138200001969822850_OR,13.0,0.0,13.0,0.0,4.0,1.0,0.0
AAAXMP138200001970082144_OR,7.0,0.0,5.0,2.0,0.0,0.7142857142857143,0.0
AAAXMP138200001970152810_OR,11.0,0.0,11.0,0.0,6.0,1.0,0.0
AAAXMP138200001970242810_OR,11.0,0.0,11.0,0.0,2.0,1.0,0.0
AAAXMP138200001970562810_OR,12.0,4.0,8.0,0.0,5.0,1.3333333333333333,0.3333333333333333
AAAXMP138200001971712850_OR,8.0,3.0,5.0,0.0,3.0,1.375,0.375
AAAXMP138200001972362810_OR,8.0,0.0,8.0,0.0,5.0,1.0,0.0
AAAXMP138200001973182810_OR,10.0,3.0,7.0,0.0,7.0,1.3,0.3
AAAXMP138200001973322810_OR,12.0,1.0,11.0,0.0,6.0,1.0833333333333333,0.08333333333333333
AAAXMP138200001974452144_OR,13.0,0.0,13.0,0.0,5.0,1.0,0.0
AAAXMP138200001974822810_OR,11.0,2.0,9.0,0.0,6.0,1.1818181818181819,0.18181818181818182
AAAXMP138200001975022125_OR,10.0,0.0,10.0,0.0,0.0,1.0,0.0
AAAXMP138200001975352810_OR,12.0,3.0,7.0,2.0,2.0,1.0833333333333333,0.25
AAAXMP138200001975512144_OR,8.0,0.0,8.0,0.0,5.0,1.0,0.0
AAAXMP138200001975562810_OR,11.0,0.0,11.0,0.0,6.0,1.0,0.0
AAAXMP138200001975992850_OR,10.0,9.0,1.0,0.0,5.0,1.9,0.9
AAAXMP138200001976322125_OR,17.0,13.0,4.0,0.0,1.0,1.7647058823529411,0.7647058823529411
AAAXMP138200001976702850_OR,10.0,1.0,9.0,0.0,3.0,1.1,0.1
AAAXMP138200001976922850_OR,14.0,7.0,7.0,0.0,3.0,1.5,0.5
AAAXMP138200001977162810_OR,13.0,1.0,12.0,0.0,2.0,1.0769230769230769,0.07692307692307693
AAAXMP138200001977192810_OR,5.0,1.0,4.0,0.0,2.0,1.2,0.2
AAAXMP138200001978022125_OR,10.0,0.0,9.0,1.0,0.0,0.9,0.0
AAAXMP138200001978612810_OR,10.0,0.0,10.0,0.0,1.0,1.0,0.0
AAAXMP138200001978632850_OR,7.0,0.0,7.0,0.0,4.0,1.0,0.0
AAAXMP138200001978652810_OR,10.0,5.0,5.0,0.0,4.0,1.5,0.5
AAAXMP138200001978662810_OR,6.0,5.0,1.0,0.0,3.0,1.8333333333333333,0.8333333333333334
AAAXMP138200001979122810_OR,13.0,0.0,13.0,0.0,6.0,1.0,0.0
AAAXMP138200001979272850_OR,7.0,1.0,5.0,1.0,1.0,1.0,0.14285714285714285
AAAXMP138200001979392850_OR,12.0,2.0,10.0,0.0,1.0,1.1666666666666667,0.16666666666666666
AAAXMP138200001980712810_OR,9.0,0.0,9.0,0.0,5.0,1.0,0.0
AAAXMP138200001980742810_OR,9.0,0.0,9.0,0.0,6.0,1.0,0.0
AAAXMP138200001980972850_OR,12.0,1.0,10.0,1.0,3.0,1.0,0.08333333333333333
AAAXMP138200001981242810_OR,4.0,0.0,4.0,0.0,1.0,1.0,0.0
AAAXMP138200001981432810_OR,11.0,0.0,11.0,0.0,4.0,1.0,0.0
AAAXMP138200001981982810_OR,10.0,0.0,10.0,0.0,4.0,1.0,0.0
AAAXMP138200001982312810_OR,9.0,0.0,9.0,0.0,2.0,1.0,0.0
AAAXMP138200001982802144_OR,15.0,0.0,15.0,0.0,9.0,1.0,0.0
AAAXMP138200001982822125_OR,17.0,2.0,14.0,1.0,3.0,1.0588235294117647,0.11764705882352941
AAAXMP138200001984092810_OR,9.0,0.0,9.0,0.0,4.0,1.0,0.0
AAAXMP138200001984322810_OR,12.0,0.0,12.0,0.0,3.0,1.0,0.0
AAAXMP138200001984562810_OR,11.0,1.0,10.0,0.0,2.0,1.0909090909090908,0.09090909090909091
AAAXMP138200001985092810_OR,9.0,0.0,9.0,0.0,5.0,1.0,0.0
AAAXMP138200001985282810_OR,9.0,4.0,5.0,0.0,1.0,1.4444444444444444,0.4444444444444444
AAAXMP138200001985612810_OR,12.0,4.0,8.0,0.0,2.0,1.3333333333333333,0.3333333333333333
AAAXMP138200001986012125_OR,15.0,2.0,13.0,0.0,4.0,1.1333333333333333,0.13333333333333333
AAAXMP138200001986212125_OR,15.0,1.0,14.0,0.0,0.0,1.0666666666666667,0.06666666666666667
AAAXMP138200001986822810_OR,12.0,0.0,12.0,0.0,5.0,1.0,0.0
AAAXMP138200001987642810_OR,9.0,3.0,6.0,0.0,6.0,1.3333333333333333,0.3333333333333333
AAAXMP138200001988282810_OR,6.0,0.0,6.0,0.0,3.0,1.0,0.0
AAAXMP138200001988292810_OR,9.0,8.0,1.0,0.0,7.0,1.8888888888888888,0.8888888888888888
AAAXMP138200001988442810_OR,10.0,9.0,1.0,0.0,5.0,1.9,0.9
AAAXMP138200001988462810_OR,9.0,6.0,3.0,0.0,3.0,1.6666666666666667,0.6666666666666666
AAAXMP138200001988712144_OR,11.0,8.0,3.0,0.0,7.0,1.7272727272727273,0.7272727272727273
AAAXMP138200001989572810_OR,7.0,4.0,3.0,0.0,3.0,1.5714285714285714,0.5714285714285714
AAAXMP138200001989592850_OR,8.0,1.0,7.0,0.0,4.0,1.125,0.125
AAAXMP138200001989812810_OR,9.0,4.0,5.0,0.0,5.0,1.4444444444444444,0.4444444444444444
AAAXMP138200001990422850_OR,9.0,4.0,5.0,0.0,5.0,1.4444444444444444,0.4444444444444444
AAAXMP138200001990522810_OR,9.0,0.0,9.0,0.0,5.0,1.0,0.0
AAAXMP138200001990662810_OR,7.0,1.0,6.0,0.0,2.0,1.1428571428571428,0.14285714285714285
AAAXMP138200001990672810_OR,9.0,2.0,7.0,0.0,2.0,1.2222222222222223,0.2222222222222222
AAAXMP138200001990682850_OR,13.0,0.0,13.0,0.0,6.0,1.0,0.0
AAAXMP138200001991192810_OR,12.0,0.0,12.0,0.0,5.0,1.0,0.0
AAAXMP138200001991302144_OR,11.0,0.0,11.0,0.0,5.0,1.0,0.0
AAAXMP138200001991322144_OR,11.0,8.0,3.0,0.0,2.0,1.7272727272727273,0.7272727272727273
AAAXMP138200001992422810_OR,9.0,0.0,9.0,0.0,5.0,1.0,0.0
AAAXMP138200001992512810_OR,11.0,2.0,9.0,0.0,6.0,1.1818181818181819,0.18181818181818182
AAAXMP138200001992552810_OR,9.0,0.0,9.0,0.0,3.0,1.0,0.0
AAAXMP138200001992562810_OR,7.0,2.0,5.0,0.0,4.0,1.2857142857142858,0.2857142857142857
AAAXMP138200001992602125_OR,11.0,1.0,10.0,0.0,1.0,1.0909090909090908,0.09090909090909091
AAAXMP138200001992662850_OR,9.0,0.0,9.0,0.0,4.0,1.0,0.0
AAAXMP138200001992912810_OR,5.0,0.0,3.0,2.0,2.0,0.6,0.0
AAAXMP138200001993302810_OR,12.0,0.0,12.0,0.0,9.0,1.0,0.0
AAAXMP138200001994362850_OR,9.0,0.0,9.0,0.0,7.0,1.0,0.0
AAAXMP138200001994412810_OR,8.0,1.0,5.0,2.0,7.0,0.875,0.125
AAAXMP138200001995142810_OR,10.0,1.0,9.0,0.0,3.0,1.1,0.1
AAAXMP138200001995812810_OR,12.0,0.0,12.0,0.0,2.0,1.0,0.0
AAAXMP138200001995982810_OR,11.0,9.0,2.0,0.0,3.0,1.8181818181818181,0.8181818181818182
AAAXMP138200001996182810_OR,12.0,0.0,12.0,0.0,1.0,1.0,0.0
AAAXMP138200001996582850_OR,15.0,0.0,15.0,0.0,4.0,1.0,0.0
AAAXMP138200001996752810_OR,9.0,9.0,0.0,0.0,5.0,2.0,1.0
AAAXMP138200001997302850_OR,9.0,0.0,9.0,0.0,7.0,1.0,0.0
AAAXMP138200001997392850_OR,9.0,0.0,9.0,0.0,2.0,1.0,0.0
AAAXMP138200001997972850_OR,9.0,2.0,7.0,0.0,2.0,1.2222222222222223,0.2222222222222222
AAAXMP138200001997982850_OR,10.0,2.0,8.0,0.0,0.0,1.2,0.2
AAAXMP138200001998062810_OR,9.0,6.0,3.0,0.0,5.0,1.6666666666666667,0.6666666666666666
AAAXMP138200001998132810_OR,12.0,0.0,12.0,0.0,2.0,1.0,0.0
AAAXMP138200001998332810_OR,9.0,0.0,9.0,0.0,5.0,1.0,0.0
AAAXMP138200001998382810_OR,9.0,5.0,4.0,0.0,7.0,1.5555555555555556,0.5555555555555556
AAAXMP138200001998682850_OR,10.0,4.0,6.0,0.0,5.0,1.4,0.4
AAAXMP138200001998792125_OR,9.0,5.0,4.0,0.0,0.0,1.5555555555555556,0.5555555555555556
AAAXMP138200001998912850_OR,11.0,0.0,11.0,0.0,3.0,1.0,0.0
AAAXMP138200001999032810_OR,4.0,3.0,1.0,0.0,1.0,1.75,0.75
AAAXMP138200001999072810_OR,11.0,1.0,10.0,0.0,4.0,1.0909090909090908,0.09090909090909091
AAAXMP138200001999392125_OR,11.0,0.0,11.0,0.0,1.0,1.0,0.0
AAAXMP138200002000132850_OR,13.0,0.0,13.0,0.0,1.0,1.0,0.0
AAAXMP138200002000152810_OR,7.0,0.0,7.0,0.0,1.0,1.0,0.0
AAAXMP138200002000562810_OR,8.0,0.0,8.0,0.0,2.0,1.0,0.0
AAAXMP138200002000832810_OR,9.0,5.0,4.0,0.0,0.0,1.5555555555555556,0.5555555555555556
AAAXMP138200002001082125_OR,13.0,2.0,11.0,0.0,0.0,1.1538461538461537,0.15384615384615385
AAAXMP138200002001752810_OR,9.0,9.0,0.0,0.0,6.0,2.0,1.0
AAAXMP138200002001762810_OR,12.0,9.0,3.0,0.0,3.0,1.75,0.75
AAAXMP138200002003002850_OR,9.0,0.0,9.0,0.0,4.0,1.0,0.0
AAAXMP138200002003022810_OR,9.0,9.0,0.0,0.0,1.0,2.0,1.0
AAAXMP138200002003122810_OR,9.0,0.0,9.0,0.0,5.0,1.0,0.0
AAAXMP138200002003412144_OR,12.0,3.0,9.0,0.0,4.0,1.25,0.25
AAAXMP138200002003492810_OR,8.0,0.0,8.0,0.0,2.0,1.0,0.0
AAAXMP138200002004142144_OR,7.0,1.0,6.0,0.0,1.0,1.1428571428571428,0.14285714285714285
AAAXMP138200002004512810_OR,10.0,2.0,8.0,0.0,3.0,1.2,0.2
AAAXMP138200002004562810_OR,9.0,7.0,2.0,0.0,7.0,1.7777777777777777,0.7777777777777778
AAAXMP138200002004582810_OR,13.0,9.0,4.0,0.0,5.0,1.6923076923076923,0.6923076923076923
AAAXMP138200002004702810_OR,9.0,4.0,5.0,0.0,6.0,1.4444444444444444,0.4444444444444444
AAAXMP138200002004712810_OR,9.0,1.0,8.0,0.0,4.0,1.1111111111111112,0.1111111111111111
AAAXMP138200002005902810_OR,9.0,0.0,9.0,0.0,0.0,1.0,0.0
AAAXMP138200002006242810_OR,12.0,0.0,12.0,0.0,1.0,1.0,0.0
AAAXMP138200002006752850_OR,14.0,3.0,11.0,0.0,5.0,1.2142857142857142,0.21428571428571427
AAAXMP138200002007802810_OR,11.0,3.0,8.0,0.0,0.0,1.2727272727272727,0.2727272727272727
AAAXMP138200002008052810_OR,11.0,1.0,10.0,0.0,3.0,1.0909090909090908,0.09090909090909091
AAAXMP138200002008122810_OR,10.0,4.0,6.0,0.0,2.0,1.4,0.4
AAAXMP138200002008372810_OR,9.0,0.0,9.0,0.0,5.0,1.0,0.0
AAAXMP138200002008602810_OR,8.0,0.0,8.0,0.0,5.0,1.0,0.0
AAAXMP138200002008692810_OR,9.0,6.0,3.0,0.0,5.0,1.6666666666666667,0.6666666666666666
AAAXMP138200002009162810_OR,9.0,0.0,9.0,0.0,5.0,1.0,0.0
AAAXMP138200002009662810_OR,9.0,1.0,8.0,0.0,1.0,1.1111111111111112,0.1111111111111111
AAAXMP138200002009672810_OR,12.0,1.0,11.0,0.0,4.0,1.0833333333333333,0.08333333333333333
AAAXMP138200002009682850_OR,9.0,0.0,9.0,0.0,5.0,1.0,0.0
AAAXMP138200002010032125_OR,7.0,3.0,4.0,0.0,0.0,1.4285714285714286,0.42857142857142855
AAAXMP138200002010222810_OR,8.0,0.0,8.0,0.0,0.0,1.0,0.0
AAAXMP138200002010242144_OR,7.0,2.0,5.0,0.0,0.0,1.2857142857142858,0.2857142857142857
AAAXMP138200002010502810_OR,14.0,0.0,14.0,0.0,6.0,1.0,0.0
AAAXMP138200002010512850_OR,13.0,2.0,11.0,0.0,5.0,1.1538461538461537,0.15384615384615385
AAAXMP138200002010652850_OR,9.0,3.0,4.0,2.0,1.0,1.1111111111111112,0.3333333333333333
AAAXMP138200002011122810_OR,7.0,0.0,6.0,1.0,1.0,0.8571428571428571,0.0
AAAXMP138200002011852810_OR,6.0,0.0,6.0,0.0,0.0,1.0,0.0
AAAXMP138200002011942810_OR,10.0,1.0,9.0,0.0,5.0,1.1,0.1
AAAXMP138200002011962850_OR,9.0,0.0,9.0,0.0,3.0,1.0,0.0
AAAXMP138200002011972810_OR,7.0,2.0,5.0,0.0,1.0,1.2857142857142858,0.2857142857142857
AAAXMP138200002012052810_OR,9.0,2.0,7.0,0.0,5.0,1.2222222222222223,0.2222222222222222
AAAXMP138200002012492125_OR,12.0,0.0,12.0,0.0,0.0,1.0,0.0
AAAXMP138200002012512125_OR,11.0,1.0,10.0,0.0,1.0,1.0909090909090908,0.09090909090909091
AAAXMP138200002013362810_OR,13.0,1.0,12.0,0.0,3.0,1.0769230769230769,0.07692307692307693
AAAXMP138200002013412850_OR,7.0,0.0,5.0,2.0,1.0,0.7142857142857143,0.0
AAAXMP138200002013502810_OR,9.0,0.0,9.0,0.0,3.0,1.0,0.0
AAAXMP138200002013902810_OR,9.0,0.0,8.0,1.0,5.0,0.8888888888888888,0.0
AAAXMP138200002014802810_OR,13.0,1.0,12.0,0.0,6.0,1.0769230769230769,0.07692307692307693
AAAXMP138200002015542810_OR,8.0,1.0,7.0,0.0,0.0,1.125,0.125
AAAXMP138200002015872850_OR,10.0,0.0,9.0,1.0,5.0,0.9,0.0
AAAXMP138200002015902144_OR,10.0,2.0,8.0,0.0,5.0,1.2,0.2
AAAXMP138200002016742125_OR,9.0,2.0,7.0,0.0,0.0,1.2222222222222223,0.2222222222222222
AAAXMP138200002018142144_OR,9.0,0.0,8.0,1.0,5.0,0.8888888888888888,0.0
AAAXMP138200002018632125_OR,13.0,0.0,12.0,1.0,0.0,0.9230769230769231,0.0
AAAXMP138200002019802810_OR,9.0,0.0,9.0,0.0,4.0,1.0,0.0
AAAXMP138200002020212810_OR,5.0,1.0,4.0,0.0,0.0,1.2,0.2
AAAXMP138200002020262850_OR,12.0,2.0,10.0,0.0,2.0,1.1666666666666667,0.16666666666666666
AAAXMP138200002020732125_OR,15.0,6.0,9.0,0.0,1.0,1.4,0.4
AAAXMP138200002020912850_OR,9.0,1.0,7.0,1.0,5.0,1.0,0.1111111111111111
AAAXMP138200002020922850_OR,9.0,1.0,8.0,0.0,5.0,1.1111111111111112,0.1111111111111111
AAAXMP138200002021552850_OR,12.0,5.0,7.0,0.0,3.0,1.4166666666666667,0.4166666666666667
AAAXMP138200002021652810_OR,7.0,1.0,6.0,0.0,2.0,1.1428571428571428,0.14285714285714285
AAAXMP138200002021762850_OR,9.0,4.0,5.0,0.0,4.0,1.4444444444444444,0.4444444444444444
AAAXMP138200002021792850_OR,11.0,3.0,8.0,0.0,4.0,1.2727272727272727,0.2727272727272727
AAAXMP138200002022372810_OR,9.0,4.0,5.0,0.0,5.0,1.4444444444444444,0.4444444444444444
AAAXMP138200002022402810_OR,12.0,2.0,10.0,0.0,6.0,1.1666666666666667,0.16666666666666666
AAAXMP138200002022812810_OR,9.0,0.0,9.0,0.0,2.0,1.0,0.0
AAAXMP138200002022832810_OR,12.0,5.0,7.0,0.0,5.0,1.4166666666666667,0.4166666666666667
AAAXMP138200002023042850_OR,9.0,0.0,9.0,0.0,6.0,1.0,0.0
AAAXMP138200002023052850_OR,11.0,6.0,5.0,0.0,5.0,1.5454545454545454,0.5454545454545454
AAAXMP138200002023252810_OR,9.0,3.0,6.0,0.0,1.0,1.3333333333333333,0.3333333333333333
AAAXMP138200002023382810_OR,8.0,0.0,8.0,0.0,5.0,1.0,0.0
AAAXMP138200002023692850_OR,3.0,0.0,3.0,0.0,1.0,1.0,0.0
AAAXMP138200002024362125_OR,16.0,1.0,15.0,0.0,0.0,1.0625,0.0625
AAAXMP138200002024862810_OR,10.0,2.0,8.0,0.0,6.0,1.2,0.2
AAAXMP138200002025102144_OR,11.0,0.0,11.0,0.0,4.0,1.0,0.0
AAAXMP138200002025122810_OR,10.0,0.0,10.0,0.0,1.0,1.0,0.0
AAAXMP138200002025142810_OR,9.0,1.0,8.0,0.0,5.0,1.1111111111111112,0.1111111111111111
AAAXMP138200002025182810_OR,10.0,1.0,9.0,0.0,2.0,1.1,0.1
AAAXMP138200002025302810_OR_cleaned,12.0,6.0,6.0,0.0,5.0,1.5,0.5
AAAXMP138200002025392810_OR,9.0,0.0,9.0,0.0,5.0,1.0,0.0
AAAXMP138200002025652810_OR,9.0,1.0,8.0,0.0,5.0,1.1111111111111112,0.1111111111111111
AAAXMP138200002026192125_OR,10.0,5.0,5.0,0.0,0.0,1.5,0.5
AAAXMP138200002026552810_OR,9.0,0.0,9.0,0.0,4.0,1.0,0.0
AAAXMP138200002027362810_OR,9.0,8.0,1.0,0.0,7.0,1.8888888888888888,0.8888888888888888
AAAXMP138200002028592810_OR,9.0,0.0,9.0,0.0,4.0,1.0,0.0
AAAXMP138200002028602810_OR,11.0,9.0,2.0,0.0,3.0,1.8181818181818181,0.8181818181818182
AAAXMP138200002028822810_OR,10.0,2.0,8.0,0.0,3.0,1.2,0.2
AAAXMP138200002028862850_OR,8.0,0.0,8.0,0.0,1.0,1.0,0.0
AAAXMP138200002030222850_OR,9.0,0.0,8.0,1.0,5.0,0.8888888888888888,0.0
AAAXMP138200002030372810_OR,12.0,7.0,5.0,0.0,6.0,1.5833333333333333,0.5833333333333334
AAAXMP138200002030612810_OR,12.0,5.0,7.0,0.0,6.0,1.4166666666666667,0.4166666666666667
AAAXMP138200002030872810_OR,15.0,2.0,13.0,0.0,5.0,1.1333333333333333,0.13333333333333333
AAAXMP138200002031692810_OR,13.0,3.0,10.0,0.0,4.0,1.2307692307692308,0.23076923076923078
AAAXMP138200002032592810_OR,9.0,1.0,8.0,0.0,5.0,1.1111111111111112,0.1111111111111111
AAAXMP138200002032812810_OR,5.0,0.0,5.0,0.0,0.0,1.0,0.0
AAAXMP138200002033122810_OR,8.0,1.0,7.0,0.0,7.0,1.125,0.125
AAAXMP138200002033152810_OR,5.0,0.0,5.0,0.0,0.0,1.0,0.0
AAAXMP138200002033312810_OR,9.0,6.0,3.0,0.0,7.0,1.6666666666666667,0.6666666666666666
AAAXMP138200002034972850_OR,10.0,5.0,5.0,0.0,4.0,1.5,0.5
AAAXMP138200002035822810_OR,9.0,2.0,7.0,0.0,4.0,1.2222222222222223,0.2222222222222222
AAAXMP138200002035842850_OR,7.0,0.0,7.0,0.0,2.0,1.0,0.0
AAAXMP138200002036032810_OR,9.0,0.0,9.0,0.0,1.0,1.0,0.0
AAAXMP138200002036082810_OR,10.0,6.0,4.0,0.0,2.0,1.6,0.6
AAAXMP138200002036212810_OR,8.0,5.0,3.0,0.0,4.0,1.625,0.625
AAAXMP138200002036472125_OR,6.0,0.0,6.0,0.0,2.0,1.0,0.0
AAAXMP138200002037592810_OR,12.0,0.0,12.0,0.0,3.0,1.0,0.0
AAAXMP138200002038022810_OR,10.0,1.0,9.0,0.0,1.0,1.1,0.1
AAAXMP138200002038362850_OR,8.0,0.0,7.0,1.0,1.0,0.875,0.0
AAAXMP138200002039052850_OR,17.0,0.0,17.0,0.0,5.0,1.0,0.0
AAAXMP138200002039062810_OR,8.0,7.0,1.0,0.0,0.0,1.875,0.875
AAAXMP138200002039332850_OR,13.0,0.0,13.0,0.0,5.0,1.0,0.0
AAAXMP138200002039702810_OR,12.0,6.0,6.0,0.0,7.0,1.5,0.5
AAAXMP138200002039712810_OR,10.0,8.0,2.0,0.0,5.0,1.8,0.8
AAAXMP138200002042512810_OR,9.0,1.0,8.0,0.0,6.0,1.1111111111111112,0.1111111111111111
AAAXMP138200002042522810_OR,9.0,1.0,8.0,0.0,6.0,1.1111111111111112,0.1111111111111111
AAAXMP138200002042632810_OR,9.0,3.0,6.0,0.0,7.0,1.3333333333333333,0.3333333333333333
AAAXMP138200002042682125_OR,12.0,1.0,11.0,0.0,0.0,1.0833333333333333,0.08333333333333333
AAAXMP138200002042792850_OR,8.0,0.0,8.0,0.0,5.0,1.0,0.0
AAAXMP138200002042962810_OR,11.0,0.0,11.0,0.0,6.0,1.0,0.0
AAAXMP138200002044162810_OR,12.0,0.0,12.0,0.0,3.0,1.0,0.0
AAAXMP138200002044302810_OR,12.0,4.0,8.0,0.0,7.0,1.3333333333333333,0.3333333333333333
AAAXMP138200002045752810_OR,12.0,0.0,12.0,0.0,5.0,1.0,0.0
AAAXMP138200002045992810_OR,12.0,6.0,6.0,0.0,6.0,1.5,0.5
AAAXMP138200002046242125_OR,8.0,0.0,6.0,2.0,0.0,0.75,0.0
AAAXMP138200002046722850_OR,9.0,0.0,9.0,0.0,5.0,1.0,0.0
AAAXMP138200002047382850_OR,8.0,2.0,6.0,0.0,3.0,1.25,0.25
AAAXMP138200002047962125_OR,9.0,2.0,7.0,0.0,0.0,1.2222222222222223,0.2222222222222222
AAAXMP138200002049092810_OR,10.0,0.0,10.0,0.0,4.0,1.0,0.0
AAAXMP138200002049182810_OR,10.0,0.0,10.0,0.0,2.0,1.0,0.0
AAAXMP138200002049472810_OR,4.0,4.0,0.0,0.0,0.0,2.0,1.0
AAAXMP138200002049842125_OR,15.0,0.0,15.0,0.0,2.0,1.0,0.0
AAAXMP138200002050052144_OR,15.0,9.0,6.0,0.0,0.0,1.6,0.6
AAAXMP138200002050512125_OR,15.0,12.0,3.0,0.0,0.0,1.8,0.8
AAAXMP138200002050592810_OR,14.0,7.0,7.0,0.0,4.0,1.5,0.5
AAAXMP138200002051252810_OR,8.0,0.0,8.0,0.0,5.0,1.0,0.0
AAAXMP138200002052672144_OR,9.0,5.0,3.0,1.0,0.0,1.4444444444444444,0.5555555555555556
AAAXMP138200002052932810_OR,14.0,0.0,13.0,1.0,5.0,0.9285714285714286,0.0
AAAXMP138200002053282850_OR,8.0,0.0,8.0,0.0,4.0,1.0,0.0
AAAXMP138200002053312850_OR,9.0,0.0,9.0,0.0,5.0,1.0,0.0
AAAXMP138200002053442810_OR,12.0,4.0,8.0,0.0,6.0,1.3333333333333333,0.3333333333333333
AAAXMP138200002053552810_OR,10.0,0.0,10.0,0.0,6.0,1.0,0.0
AAAXMP138200002053812125_OR,15.0,8.0,7.0,0.0,1.0,1.5333333333333334,0.5333333333333333
AAAXMP138200002053822125_OR,11.0,2.0,9.0,0.0,1.0,1.1818181818181819,0.18181818181818182
AAAXMP138200002054402810_OR,8.0,1.0,7.0,0.0,4.0,1.125,0.125
AAAXMP138200002054912810_OR,12.0,0.0,12.0,0.0,7.0,1.0,0.0
AAAXMP138200002054952810_OR,9.0,7.0,2.0,0.0,6.0,1.7777777777777777,0.7777777777777778
AAAXMP138200002055472810_OR,7.0,0.0,7.0,0.0,1.0,1.0,0.0
AAAXMP138200002056392810_OR,9.0,0.0,9.0,0.0,5.0,1.0,0.0
AAAXMP138200002056732810_OR,9.0,0.0,9.0,0.0,5.0,1.0,0.0
AAAXMP138200002056912810_OR,11.0,0.0,11.0,0.0,6.0,1.0,0.0
AAAXMP138200002057122144_OR,10.0,3.0,7.0,0.0,3.0,1.3,0.3
AAAXMP138200002057362810_OR,12.0,0.0,9.0,3.0,4.0,0.75,0.0
AAAXMP138200002057672144_OR,9.0,0.0,9.0,0.0,7.0,1.0,0.0
AAAXMP138200002057712810_OR,7.0,1.0,6.0,0.0,1.0,1.1428571428571428,0.14285714285714285
AAAXMP138200002058112144_OR,12.0,8.0,4.0,0.0,1.0,1.6666666666666667,0.6666666666666666
AAAXMP138200002058882850_OR,12.0,0.0,12.0,0.0,4.0,1.0,0.0
AAAXMP138200002058902850_OR,8.0,2.0,6.0,0.0,1.0,1.25,0.25
AAAXMP138200002058912125_OR,9.0,5.0,4.0,0.0,0.0,1.5555555555555556,0.5555555555555556
AAAXMP138200002058972810_OR,9.0,1.0,7.0,1.0,0.0,1.0,0.1111111111111111
AAAXMP138200002059482810_OR,9.0,1.0,8.0,0.0,6.0,1.1111111111111112,0.1111111111111111
AAAXMP138200002060552810_OR,11.0,0.0,11.0,0.0,2.0,1.0,0.0
AAAXMP138200002060882850_OR,7.0,4.0,3.0,0.0,2.0,1.5714285714285714,0.5714285714285714
AAAXMP138200002061702810_OR,9.0,0.0,9.0,0.0,6.0,1.0,0.0
AAAXMP138200002062342810_OR,9.0,7.0,2.0,0.0,4.0,1.7777777777777777,0.7777777777777778
AAAXMP138200002062422810_OR,9.0,4.0,5.0,0.0,6.0,1.4444444444444444,0.4444444444444444
AAAXMP138200002063312810_OR,12.0,0.0,12.0,0.0,2.0,1.0,0.0
AAAXMP138200002063832810_OR,12.0,7.0,5.0,0.0,2.0,1.5833333333333333,0.5833333333333334
AAAXMP138200002065472850_OR,9.0,0.0,9.0,0.0,5.0,1.0,0.0
AAAXMP138200002065482850_OR,10.0,1.0,6.0,3.0,6.0,0.8,0.1
AAAXMP138200002065622850_OR,11.0,0.0,11.0,0.0,1.0,1.0,0.0
AAAXMP138200002065812810_OR,9.0,3.0,6.0,0.0,6.0,1.3333333333333333,0.3333333333333333
AAAXMP138200002065892144_OR,15.0,9.0,6.0,0.0,2.0,1.6,0.6
AAAXMP138200002066912850_OR,9.0,4.0,5.0,0.0,5.0,1.4444444444444444,0.4444444444444444
AAAXMP138200002067032850_OR,9.0,0.0,7.0,2.0,1.0,0.7777777777777778,0.0
AAAXMP138200002067332810_OR,8.0,0.0,8.0,0.0,1.0,1.0,0.0
AAAXMP138200002067362850_OR,12.0,8.0,4.0,0.0,2.0,1.6666666666666667,0.6666666666666666
AAAXMP138200002068262144_OR,11.0,0.0,11.0,0.0,5.0,1.0,0.0
AAAXMP138200002068622810_OR,12.0,0.0,12.0,0.0,6.0,1.0,0.0
AAAXMP138200002068892810_OR,8.0,6.0,2.0,0.0,1.0,1.75,0.75
AAAXMP138200002069672144_OR,9.0,5.0,4.0,0.0,6.0,1.5555555555555556,0.5555555555555556
AAAXMP138200002069702810_OR,8.0,3.0,5.0,0.0,3.0,1.375,0.375
AAAXMP138200002069812144_OR,10.0,0.0,10.0,0.0,7.0,1.0,0.0
AAAXMP138200002070092125_OR,7.0,0.0,7.0,0.0,0.0,1.0,0.0
AAAXMP138200002070312850_OR,12.0,5.0,7.0,0.0,2.0,1.4166666666666667,0.4166666666666667
AAAXMP138200002070592850_OR,9.0,0.0,9.0,0.0,6.0,1.0,0.0
AAAXMP138200002070982850_OR,6.0,1.0,5.0,0.0,3.0,1.1666666666666667,0.16666666666666666
AAAXMP138200002071112810_OR,6.0,0.0,6.0,0.0,1.0,1.0,0.0
AAAXMP138200002071362810_OR,8.0,0.0,8.0,0.0,6.0,1.0,0.0
AAAXMP138200002072082810_OR,9.0,0.0,8.0,1.0,4.0,0.8888888888888888,0.0
AAAXMP138200002072312810_OR,9.0,3.0,6.0,0.0,0.0,1.3333333333333333,0.3333333333333333
AAAXMP138200002073172125_OR,10.0,3.0,7.0,0.0,0.0,1.3,0.3
AAAXMP138200002073202810_OR,11.0,3.0,8.0,0.0,6.0,1.2727272727272727,0.2727272727272727
AAAXMP138200002073852125_OR,10.0,0.0,10.0,0.0,0.0,1.0,0.0
AAAXMP138200002074222144_OR,14.0,4.0,10.0,0.0,6.0,1.2857142857142858,0.2857142857142857
AAAXMP138200002074242125_OR,18.0,1.0,17.0,0.0,0.0,1.0555555555555556,0.05555555555555555
AAAXMP138200002074722810_OR,9.0,1.0,8.0,0.0,6.0,1.1111111111111112,0.1111111111111111
AAAXMP138200002074982125_OR,15.0,2.0,13.0,0.0,2.0,1.1333333333333333,0.13333333333333333
AAAXMP138200002075342850_OR,11.0,1.0,10.0,0.0,4.0,1.0909090909090908,0.09090909090909091
AAAXMP138200002075382144_OR,11.0,0.0,11.0,0.0,2.0,1.0,0.0
AAAXMP138200002075412810_OR,8.0,0.0,8.0,0.0,2.0,1.0,0.0
AAAXMP138200002076592125_OR,11.0,0.0,11.0,0.0,1.0,1.0,0.0
AAAXMP138200002078052144_OR,16.0,8.0,8.0,0.0,2.0,1.5,0.5
AAAXMP138200002078462810_OR,9.0,0.0,9.0,0.0,2.0,1.0,0.0
AAAXMP138200002078582810_OR,9.0,4.0,5.0,0.0,7.0,1.4444444444444444,0.4444444444444444
AAAXMP138200002078872144_OR,9.0,3.0,6.0,0.0,2.0,1.3333333333333333,0.3333333333333333
AAAXMP138200002079092810_OR,9.0,5.0,4.0,0.0,8.0,1.5555555555555556,0.5555555555555556
AAAXMP138200002079502810_OR,13.0,13.0,0.0,0.0,4.0,2.0,1.0
AAAXMP138200002079662125_OR,15.0,6.0,9.0,0.0,0.0,1.4,0.4
AAAXMP138200002079982125_OR,12.0,0.0,12.0,0.0,3.0,1.0,0.0
AAAXMP138200002079992125_OR,13.0,4.0,9.0,0.0,1.0,1.3076923076923077,0.3076923076923077
AAAXMP138200002080012850_OR,9.0,0.0,9.0,0.0,6.0,1.0,0.0
AAAXMP138200002080022810_OR,9.0,2.0,7.0,0.0,6.0,1.2222222222222223,0.2222222222222222
AAAXMP138200002080412810_OR,9.0,0.0,9.0,0.0,5.0,1.0,0.0
AAAXMP138200002080792810_OR,9.0,0.0,9.0,0.0,6.0,1.0,0.0
AAAXMP138200002081132125_OR,12.0,0.0,12.0,0.0,4.0,1.0,0.0
AAAXMP138200002081702144_OR,10.0,0.0,9.0,1.0,4.0,0.9,0.0
AAAXMP138200002081732125_OR,9.0,0.0,9.0,0.0,0.0,1.0,0.0
AAAXMP138200002082292810_OR,11.0,6.0,5.0,0.0,4.0,1.5454545454545454,0.5454545454545454
AAAXMP138200002082492125_OR,18.0,7.0,11.0,0.0,0.0,1.3888888888888888,0.3888888888888889
AAAXMP138200002082912810_OR,11.0,0.0,11.0,0.0,8.0,1.0,0.0
AAAXMP138200002084452810_OR,9.0,0.0,9.0,0.0,3.0,1.0,0.0
AAAXMP138200002085022810_OR,9.0,9.0,0.0,0.0,5.0,2.0,1.0
AAAXMP138200002085822810_OR,7.0,0.0,7.0,0.0,5.0,1.0,0.0
AAAXMP138200002086292144_OR,10.0,2.0,7.0,1.0,4.0,1.1,0.2
AAAXMP138200002086302810_OR,10.0,0.0,10.0,0.0,8.0,1.0,0.0
AAAXMP138200002089182850_OR,7.0,4.0,3.0,0.0,6.0,1.5714285714285714,0.5714285714285714
AAAXMP138200002089202850_OR,12.0,0.0,12.0,0.0,5.0,1.0,0.0
AAAXMP138200002089382144_OR,12.0,1.0,11.0,0.0,5.0,1.0833333333333333,0.08333333333333333
AAAXMP138200002089562125_OR,14.0,10.0,4.0,0.0,0.0,1.7142857142857142,0.7142857142857143
AAAXMP138200002090142144_OR,9.0,3.0,6.0,0.0,4.0,1.3333333333333333,0.3333333333333333
AAAXMP138200002090622125_OR,8.0,4.0,4.0,0.0,1.0,1.5,0.5
AAAXMP138200002090682810_OR,10.0,10.0,0.0,0.0,5.0,2.0,1.0
AAAXMP138200002091202850_OR,9.0,1.0,8.0,0.0,5.0,1.1111111111111112,0.1111111111111111
AAAXMP138200002092392125_OR,9.0,0.0,7.0,2.0,0.0,0.7777777777777778,0.0
AAAXMP138200002093492850_OR,12.0,0.0,12.0,0.0,0.0,1.0,0.0
AAAXMP138200002093612810_OR,9.0,0.0,9.0,0.0,3.0,1.0,0.0
AAAXMP138200002093632810_OR,12.0,4.0,8.0,0.0,2.0,1.3333333333333333,0.3333333333333333
AAAXMP138200002093822810_OR,12.0,8.0,4.0,0.0,2.0,1.6666666666666667,0.6666666666666666
AAAXMP138200002094472125_OR,15.0,3.0,12.0,0.0,1.0,1.2,0.2
AAAXMP138200002095332125_OR,14.0,8.0,6.0,0.0,2.0,1.5714285714285714,0.5714285714285714
AAAXMP138200002096232810_OR,8.0,0.0,8.0,0.0,5.0,1.0,0.0
AAAXMP138200002096352810_OR,9.0,4.0,5.0,0.0,5.0,1.4444444444444444,0.4444444444444444
AAAXMP138200002096732144_OR,15.0,14.0,1.0,0.0,1.0,1.9333333333333333,0.9333333333333333
AAAXMP138200002096952810_OR,7.0,3.0,4.0,0.0,0.0,1.4285714285714286,0.42857142857142855
AAAXMP138200002098022810_OR,12.0,4.0,8.0,0.0,1.0,1.3333333333333333,0.3333333333333333
AAAXMP138200002098452850_OR,7.0,0.0,7.0,0.0,3.0,1.0,0.0
AAAXMP138200002098792850_OR,18.0,3.0,15.0,0.0,7.0,1.1666666666666667,0.16666666666666666
AAAXMP138200002098892810_OR,12.0,0.0,12.0,0.0,6.0,1.0,0.0
AAAXMP138200002099592125_OR,7.0,4.0,3.0,0.0,0.0,1.5714285714285714,0.5714285714285714
AAAXMP138200002099662810_OR,9.0,0.0,9.0,0.0,7.0,1.0,0.0
AAAXMP138200002099672810_OR,5.0,1.0,4.0,0.0,1.0,1.2,0.2
AAAXMP138200002100142144_OR,10.0,7.0,3.0,0.0,3.0,1.7,0.7
AAAXMP138200002100322850_OR,9.0,8.0,1.0,0.0,5.0,1.8888888888888888,0.8888888888888888
AAAXMP138200002100482850_OR,4.0,0.0,4.0,0.0,1.0,1.0,0.0
AAAXMP138200002100852810_OR,9.0,0.0,9.0,0.0,6.0,1.0,0.0
AAAXMP138200002101432810_OR,5.0,0.0,5.0,0.0,1.0,1.0,0.0
AAAXMP138200002101842125_OR,13.0,8.0,5.0,0.0,2.0,1.6153846153846154,0.6153846153846154
AAAXMP138200002103092125_OR,11.0,2.0,9.0,0.0,1.0,1.1818181818181819,0.18181818181818182
AAAXMP138200002103532144_OR,9.0,6.0,3.0,0.0,1.0,1.6666666666666667,0.6666666666666666
AAAXMP138200002104002810_OR,13.0,0.0,13.0,0.0,5.0,1.0,0.0
AAAXMP138200002104582850_OR,6.0,0.0,6.0,0.0,1.0,1.0,0.0
AAAXMP138200002106812810_OR,7.0,0.0,7.0,0.0,5.0,1.0,0.0
AAAXMP138200002107102810_OR,9.0,4.0,5.0,0.0,5.0,1.4444444444444444,0.4444444444444444
AAAXMP138200002107212125_OR,11.0,1.0,10.0,0.0,0.0,1.0909090909090908,0.09090909090909091
AAAXMP138200002108412810_OR,5.0,0.0,5.0,0.0,0.0,1.0,0.0
AAAXMP138200002108702810_OR,9.0,7.0,2.0,0.0,3.0,1.7777777777777777,0.7777777777777778
AAAXMP138200002109082810_OR,7.0,0.0,5.0,2.0,2.0,0.7142857142857143,0.0
AAAXMP138200002110082125_OR,14.0,6.0,8.0,0.0,0.0,1.4285714285714286,0.42857142857142855
AAAXMP138200002110542125_OR,9.0,0.0,9.0,0.0,0.0,1.0,0.0
AAAXMP138200002111302850_OR,12.0,1.0,11.0,0.0,7.0,1.0833333333333333,0.08333333333333333
AAAXMP138200002111472810_OR,5.0,0.0,5.0,0.0,3.0,1.0,0.0
AAAXMP138200002111742850_OR,10.0,0.0,10.0,0.0,6.0,1.0,0.0
AAAXMP138200002111872850_OR,9.0,0.0,9.0,0.0,7.0,1.0,0.0
AAAXMP138200002112172125_OR,9.0,0.0,9.0,0.0,0.0,1.0,0.0
AAAXMP138200002112352810_OR,9.0,4.0,5.0,0.0,6.0,1.4444444444444444,0.4444444444444444
AAAXMP138200002112472125_OR,8.0,0.0,8.0,0.0,1.0,1.0,0.0
AAAXMP138200002113252144_OR,9.0,3.0,6.0,0.0,6.0,1.3333333333333333,0.3333333333333333
AAAXMP138200002113352850_OR,10.0,1.0,9.0,0.0,5.0,1.1,0.1
AAAXMP138200002113832810_OR,7.0,3.0,4.0,0.0,2.0,1.4285714285714286,0.42857142857142855
AAAXMP138200002113932144_OR,12.0,9.0,3.0,0.0,3.0,1.75,0.75
AAAXMP138200002113952144_OR,11.0,7.0,4.0,0.0,1.0,1.6363636363636365,0.6363636363636364
AAAXMP138200002114532125_OR,12.0,2.0,10.0,0.0,0.0,1.1666666666666667,0.16666666666666666
AAAXMP138200002114552144_OR,14.0,9.0,5.0,0.0,5.0,1.6428571428571428,0.6428571428571429
AAAXMP138200002114842810_OR,12.0,0.0,12.0,0.0,6.0,1.0,0.0
AAAXMP138200002114982144_OR,9.0,4.0,5.0,0.0,0.0,1.4444444444444444,0.4444444444444444
AAAXMP138200002115082810_OR,9.0,2.0,7.0,0.0,1.0,1.2222222222222223,0.2222222222222222
AAAXMP138200002115452810_OR,9.0,1.0,8.0,0.0,4.0,1.1111111111111112,0.1111111111111111
AAAXMP138200002115632125_OR,2.0,0.0,0.0,2.0,0.0,0.0,0.0
AAAXMP138200002115692125_OR,13.0,5.0,8.0,0.0,1.0,1.3846153846153846,0.38461538461538464
AAAXMP138200002115942850_OR,9.0,8.0,1.0,0.0,6.0,1.8888888888888888,0.8888888888888888
AAAXMP138200002116342850_OR,8.0,0.0,7.0,1.0,3.0,0.875,0.0
AAAXMP138200002116452144_OR,9.0,6.0,3.0,0.0,6.0,1.6666666666666667,0.6666666666666666
AAAXMP138200002116472125_OR,14.0,1.0,13.0,0.0,1.0,1.0714285714285714,0.07142857142857142
AAAXMP138200002117782850_OR,9.0,1.0,8.0,0.0,3.0,1.1111111111111112,0.1111111111111111
AAAXMP138200002117852125_OR,19.0,5.0,14.0,0.0,0.0,1.263157894736842,0.2631578947368421
AAAXMP138200002118312144_OR,11.0,0.0,9.0,2.0,3.0,0.8181818181818182,0.0
AAAXMP138200002118382850_OR,12.0,4.0,8.0,0.0,2.0,1.3333333333333333,0.3333333333333333
AAAXMP138200002118742850_OR,9.0,1.0,8.0,0.0,6.0,1.1111111111111112,0.1111111111111111
AAAXMP138200002119822810_OR,3.0,0.0,3.0,0.0,1.0,1.0,0.0
AAAXMP138200002120022144_OR,9.0,0.0,9.0,0.0,1.0,1.0,0.0
AAAXMP138200002120062810_OR,15.0,5.0,10.0,0.0,0.0,1.3333333333333333,0.3333333333333333
AAAXMP138200002120842810_OR,12.0,3.0,9.0,0.0,1.0,1.25,0.25
AAAXMP138200002121512810_OR,7.0,0.0,7.0,0.0,3.0,1.0,0.0
AAAXMP138200002121602810_OR,8.0,1.0,7.0,0.0,3.0,1.125,0.125
AAAXMP138200002121782810_OR,8.0,0.0,8.0,0.0,6.0,1.0,0.0
AAAXMP138200002121932144_OR,9.0,0.0,9.0,0.0,4.0,1.0,0.0
AAAXMP138200002121962810_OR,6.0,1.0,5.0,0.0,1.0,1.1666666666666667,0.16666666666666666
AAAXMP138200002122062850_OR,11.0,0.0,11.0,0.0,1.0,1.0,0.0
AAAXMP138200002122252850_OR,12.0,0.0,8.0,4.0,2.0,0.6666666666666666,0.0
AAAXMP138200002122662810_OR,10.0,1.0,9.0,0.0,5.0,1.1,0.1
AAAXMP138200002123062810_OR,11.0,0.0,11.0,0.0,5.0,1.0,0.0
AAAXMP138200002123172125_OR,8.0,0.0,8.0,0.0,0.0,1.0,0.0
AAAXMP138200002123462144_OR,7.0,0.0,7.0,0.0,5.0,1.0,0.0
AAAXMP138200002124082810_OR,16.0,1.0,15.0,0.0,3.0,1.0625,0.0625
AAAXMP138200002125732810_OR,10.0,0.0,10.0,0.0,5.0,1.0,0.0
AAAXMP138200002125862125_OR,13.0,6.0,7.0,0.0,1.0,1.4615384615384615,0.46153846153846156
AAAXMP138200002125892125_OR,11.0,1.0,10.0,0.0,1.0,1.0909090909090908,0.09090909090909091
AAAXMP138200002125922125_OR,26.0,9.0,17.0,0.0,1.0,1.3461538461538463,0.34615384615384615
AAAXMP138200002125932125_OR,17.0,6.0,11.0,0.0,1.0,1.3529411764705883,0.35294117647058826
AAAXMP138200002125962850_OR,9.0,0.0,9.0,0.0,6.0,1.0,0.0
AAAXMP138200002126452810_OR,9.0,1.0,8.0,0.0,5.0,1.1111111111111112,0.1111111111111111
AAAXMP138200002126662850_OR,9.0,0.0,9.0,0.0,5.0,1.0,0.0
AAAXMP138200002127512144_OR,8.0,0.0,8.0,0.0,8.0,1.0,0.0
AAAXMP138200002128012144_OR,14.0,4.0,10.0,0.0,2.0,1.2857142857142858,0.2857142857142857
AAAXMP138200002128042810_OR,9.0,3.0,6.0,0.0,6.0,1.3333333333333333,0.3333333333333333
AAAXMP138200002128712810_OR,9.0,1.0,8.0,0.0,8.0,1.1111111111111112,0.1111111111111111
AAAXMP138200002129792125_OR,7.0,0.0,7.0,0.0,0.0,1.0,0.0
AAAXMP138200002130032125_OR,9.0,2.0,7.0,0.0,0.0,1.2222222222222223,0.2222222222222222
AAAXMP138200002130492810_OR,6.0,4.0,2.0,0.0,3.0,1.6666666666666667,0.6666666666666666
AAAXMP138200002130662810_OR,10.0,0.0,10.0,0.0,3.0,1.0,0.0
AAAXMP138200002130702810_OR,12.0,1.0,11.0,0.0,6.0,1.0833333333333333,0.08333333333333333
AAAXMP138200002131022810_OR,8.0,0.0,8.0,0.0,1.0,1.0,0.0
AAAXMP138200002131272810_OR,9.0,3.0,6.0,0.0,4.0,1.3333333333333333,0.3333333333333333
AAAXMP138200002132032144_OR,15.0,5.0,10.0,0.0,6.0,1.3333333333333333,0.3333333333333333
AAAXMP138200002132842125_OR,13.0,1.0,12.0,0.0,0.0,1.0769230769230769,0.07692307692307693
AAAXMP138200002133382850_OR,8.0,1.0,7.0,0.0,3.0,1.125,0.125
AAAXMP138200002133482144_OR,13.0,7.0,6.0,0.0,6.0,1.5384615384615385,0.5384615384615384
AAAXMP138200002134612810_OR,7.0,0.0,7.0,0.0,0.0,1.0,0.0
AAAXMP138200002134652810_OR,10.0,0.0,10.0,0.0,4.0,1.0,0.0
AAAXMP138200002134882144_OR,14.0,2.0,12.0,0.0,2.0,1.1428571428571428,0.14285714285714285
AAAXMP138200002135412125_OR,17.0,6.0,9.0,2.0,1.0,1.2352941176470589,0.35294117647058826
AAAXMP138200002135422144_OR,8.0,0.0,8.0,0.0,5.0,1.0,0.0
AAAXMP138200002135772125_OR,15.0,10.0,5.0,0.0,0.0,1.6666666666666667,0.6666666666666666
AAAXMP138200002136372810_OR,12.0,0.0,12.0,0.0,7.0,1.0,0.0
AAAXMP138200002136402144_OR,15.0,2.0,13.0,0.0,6.0,1.1333333333333333,0.13333333333333333
AAAXMP138200002137292850_OR,9.0,1.0,8.0,0.0,2.0,1.1111111111111112,0.1111111111111111
AAAXMP138200002137812850_OR,12.0,0.0,12.0,0.0,5.0,1.0,0.0
AAAXMP138200002138232125_OR,12.0,10.0,2.0,0.0,2.0,1.8333333333333333,0.8333333333333334
AAAXMP138200002138242125_OR,11.0,4.0,7.0,0.0,1.0,1.3636363636363635,0.36363636363636365
AAAXMP138200002138362125_OR,15.0,7.0,8.0,0.0,1.0,1.4666666666666666,0.4666666666666667
AAAXMP138200002138922810_OR,10.0,1.0,9.0,0.0,1.0,1.1,0.1
AAAXMP138200002139492810_OR,12.0,7.0,5.0,0.0,4.0,1.5833333333333333,0.5833333333333334
AAAXMP138200002139572810_OR,13.0,1.0,12.0,0.0,7.0,1.0769230769230769,0.07692307692307693
AAAXMP138200002140212125_OR,14.0,6.0,8.0,0.0,2.0,1.4285714285714286,0.42857142857142855
AAAXMP138200002140782850_OR,7.0,0.0,5.0,2.0,5.0,0.7142857142857143,0.0
AAAXMP138200002141012125_OR,9.0,2.0,7.0,0.0,0.0,1.2222222222222223,0.2222222222222222
AAAXMP138200002141252810_OR,12.0,0.0,12.0,0.0,6.0,1.0,0.0
AAAXMP138200002141282810_OR,8.0,0.0,8.0,0.0,5.0,1.0,0.0
AAAXMP138200002141812850_OR,9.0,0.0,9.0,0.0,4.0,1.0,0.0
AAAXMP138200002141922850_OR,12.0,0.0,11.0,1.0,6.0,0.9166666666666666,0.0
AAAXMP138200002142212144_OR,7.0,0.0,7.0,0.0,2.0,1.0,0.0
AAAXMP138200002142602144_OR,12.0,7.0,5.0,0.0,1.0,1.5833333333333333,0.5833333333333334
AAAXMP138200002143012810_OR,9.0,1.0,8.0,0.0,2.0,1.1111111111111112,0.1111111111111111
AAAXMP138200002143062850_OR,12.0,1.0,11.0,0.0,3.0,1.0833333333333333,0.08333333333333333
AAAXMP138200002143102125_OR,16.0,3.0,13.0,0.0,2.0,1.1875,0.1875
AAAXMP138200002143252850_OR,3.0,1.0,2.0,0.0,0.0,1.3333333333333333,0.3333333333333333
AAAXMP138200002143262810_OR,11.0,3.0,8.0,0.0,5.0,1.2727272727272727,0.2727272727272727
AAAXMP138200002143302810_OR,9.0,0.0,9.0,0.0,4.0,1.0,0.0
AAAXMP138200002143352125_OR,8.0,0.0,8.0,0.0,0.0,1.0,0.0
AAAXMP138200002143722810_OR,9.0,0.0,9.0,0.0,3.0,1.0,0.0
AAAXMP138200002144122850_OR,7.0,0.0,7.0,0.0,5.0,1.0,0.0
AAAXMP138200002144662144_OR,6.0,0.0,6.0,0.0,0.0,1.0,0.0
AAAXMP138200002144682810_OR,9.0,0.0,9.0,0.0,7.0,1.0,0.0
AAAXMP138200002144942144_OR,11.0,3.0,8.0,0.0,7.0,1.2727272727272727,0.2727272727272727
AAAXMP138200002145002810_OR,9.0,5.0,4.0,0.0,3.0,1.5555555555555556,0.5555555555555556
AAAXMP138200002145352850_OR,12.0,0.0,12.0,0.0,2.0,1.0,0.0
AAAXMP138200002145632850_OR,9.0,0.0,9.0,0.0,5.0,1.0,0.0
AAAXMP138200002145662850_OR,10.0,0.0,10.0,0.0,1.0,1.0,0.0
AAAXMP138200002145722144_OR,12.0,5.0,7.0,0.0,4.0,1.4166666666666667,0.4166666666666667
AAAXMP138200002146432125_OR,22.0,15.0,7.0,0.0,0.0,1.6818181818181819,0.6818181818181818
AAAXMP138200002146532850_OR,8.0,0.0,8.0,0.0,6.0,1.0,0.0
AAAXMP138200002146692850_OR,15.0,7.0,8.0,0.0,7.0,1.4666666666666666,0.4666666666666667
AAAXMP138200002146942125_OR,15.0,13.0,2.0,0.0,2.0,1.8666666666666667,0.8666666666666667
AAAXMP138200002147432850_OR,9.0,0.0,9.0,0.0,5.0,1.0,0.0
AAAXMP138200002147682850_OR,8.0,0.0,8.0,0.0,6.0,1.0,0.0
AAAXMP138200002147752810_OR,12.0,0.0,12.0,0.0,6.0,1.0,0.0
AAAXMP138200002148042125_OR,12.0,0.0,12.0,0.0,1.0,1.0,0.0
AAAXMP138200002148452125_OR,13.0,0.0,13.0,0.0,0.0,1.0,0.0
AAAXMP138200002148582125_OR,9.0,0.0,7.0,2.0,0.0,0.7777777777777778,0.0
AAAXMP138200002148722810_OR,9.0,4.0,5.0,0.0,6.0,1.4444444444444444,0.4444444444444444
AAAXMP138200002149332810_OR,9.0,0.0,9.0,0.0,0.0,1.0,0.0
AAAXMP138200002149812810_OR,5.0,0.0,5.0,0.0,2.0,1.0,0.0
AAAXMP138200002150022144_OR,9.0,7.0,2.0,0.0,0.0,1.7777777777777777,0.7777777777777778
AAAXMP138200002150062810_OR,7.0,0.0,7.0,0.0,4.0,1.0,0.0
AAAXMP138200002150182810_OR,12.0,7.0,5.0,0.0,5.0,1.5833333333333333,0.5833333333333334
AAAXMP138200002150552810_OR,14.0,0.0,14.0,0.0,2.0,1.0,0.0
AAAXMP138200002150612810_OR,12.0,5.0,7.0,0.0,5.0,1.4166666666666667,0.4166666666666667
AAAXMP138200002150832810_OR,5.0,0.0,5.0,0.0,4.0,1.0,0.0
AAAXMP138200002150842810_OR,12.0,0.0,12.0,0.0,5.0,1.0,0.0
AAAXMP138200002151012810_OR,10.0,10.0,0.0,0.0,5.0,2.0,1.0
AAAXMP138200002151262850_OR,9.0,0.0,9.0,0.0,6.0,1.0,0.0
AAAXMP138200002151612125_OR,6.0,0.0,6.0,0.0,0.0,1.0,0.0
AAAXMP138200002151712125_OR,11.0,0.0,10.0,1.0,1.0,0.9090909090909091,0.0
AAAXMP138200002152862810_OR,9.0,5.0,4.0,0.0,7.0,1.5555555555555556,0.5555555555555556
AAAXMP138200002153122125_OR,9.0,0.0,9.0,0.0,2.0,1.0,0.0
AAAXMP138200002153162810_OR,7.0,1.0,6.0,0.0,3.0,1.1428571428571428,0.14285714285714285
AAAXMP138200002153262125_OR,4.0,0.0,4.0,0.0,1.0,1.0,0.0
AAAXMP138200002153352810_OR,9.0,6.0,3.0,0.0,2.0,1.6666666666666667,0.6666666666666666
AAAXMP138200002153362144_OR,16.0,4.0,12.0,0.0,2.0,1.25,0.25
AAAXMP138200002153442125_OR,15.0,3.0,12.0,0.0,0.0,1.2,0.2
AAAXMP138200002153462125_OR,15.0,0.0,15.0,0.0,0.0,1.0,0.0
AAAXMP138200002154082810_OR,9.0,2.0,7.0,0.0,6.0,1.2222222222222223,0.2222222222222222
AAAXMP138200002154302125_OR,12.0,0.0,12.0,0.0,2.0,1.0,0.0
AAAXMP138200002154492850_OR,9.0,0.0,9.0,0.0,6.0,1.0,0.0
AAAXMP138200002154732125_OR,11.0,0.0,11.0,0.0,1.0,1.0,0.0
AAAXMP138200002154882850_OR,7.0,0.0,6.0,1.0,2.0,0.8571428571428571,0.0
AAAXMP138200002154892125_OR,7.0,2.0,5.0,0.0,1.0,1.2857142857142858,0.2857142857142857
AAAXMP138200002154942810_OR,9.0,0.0,9.0,0.0,6.0,1.0,0.0
AAAXMP138200002155012810_OR,9.0,5.0,4.0,0.0,4.0,1.5555555555555556,0.5555555555555556
AAAXMP138200002155582125_OR,15.0,9.0,6.0,0.0,2.0,1.6,0.6
AAAXMP138200002155832810_OR,16.0,6.0,10.0,0.0,3.0,1.375,0.375
AAAXMP138200002156432810_OR,16.0,5.0,11.0,0.0,6.0,1.3125,0.3125
AAAXMP138200002156532810_OR,12.0,0.0,12.0,0.0,2.0,1.0,0.0
AAAXMP138200002156712810_OR,7.0,3.0,4.0,0.0,4.0,1.4285714285714286,0.42857142857142855
AAAXMP138200002156782144_OR,13.0,0.0,13.0,0.0,5.0,1.0,0.0
AAAXMP138200002156942125_OR,10.0,0.0,8.0,2.0,0.0,0.8,0.0
AAAXMP138200002157312810_OR,9.0,7.0,2.0,0.0,6.0,1.7777777777777777,0.7777777777777778
AAAXMP138200002157362810_OR,10.0,0.0,10.0,0.0,5.0,1.0,0.0
AAAXMP138200002157482810_OR,9.0,0.0,9.0,0.0,0.0,1.0,0.0
AAAXMP138200002157562144_OR,12.0,0.0,12.0,0.0,5.0,1.0,0.0
AAAXMP138200002157612850_OR,11.0,0.0,11.0,0.0,2.0,1.0,0.0
AAAXMP138200002157752810_OR,9.0,5.0,4.0,0.0,6.0,1.5555555555555556,0.5555555555555556
AAAXMP138200002158012125_OR,17.0,0.0,17.0,0.0,2.0,1.0,0.0
AAAXMP138200002158632125_OR,7.0,0.0,7.0,0.0,2.0,1.0,0.0
AAAXMP138200002158652810_OR,13.0,0.0,13.0,0.0,3.0,1.0,0.0
AAAXMP138200002159002850_OR,8.0,0.0,8.0,0.0,3.0,1.0,0.0
AAAXMP138200002159052125_OR,7.0,2.0,5.0,0.0,0.0,1.2857142857142858,0.2857142857142857
AAAXMP138200002159102125_OR,12.0,6.0,6.0,0.0,2.0,1.5,0.5
AAAXMP138200002159362850_OR,11.0,0.0,10.0,1.0,7.0,0.9090909090909091,0.0
AAAXMP138200002159742810_OR,9.0,1.0,8.0,0.0,3.0,1.1111111111111112,0.1111111111111111
AAAXMP138200002159942125_OR,13.0,13.0,0.0,0.0,1.0,2.0,1.0
AAAXMP138200002160172850_OR,10.0,4.0,6.0,0.0,3.0,1.4,0.4
AAAXMP138200002160202810_OR,10.0,0.0,10.0,0.0,4.0,1.0,0.0
AAAXMP138200002160482850_OR,9.0,2.0,7.0,0.0,6.0,1.2222222222222223,0.2222222222222222
AAAXMP138200002160502810_OR,8.0,0.0,8.0,0.0,2.0,1.0,0.0
AAAXMP138200002160642810_OR,11.0,0.0,11.0,0.0,5.0,1.0,0.0
AAAXMP138200002160682810_OR,7.0,0.0,7.0,0.0,3.0,1.0,0.0
AAAXMP138200002160732125_OR,9.0,5.0,4.0,0.0,0.0,1.5555555555555556,0.5555555555555556
AAAXMP138200002161562810_OR,11.0,1.0,10.0,0.0,4.0,1.0909090909090908,0.09090909090909091
AAAXMP138200002161782810_OR,11.0,0.0,11.0,0.0,6.0,1.0,0.0
AAAXMP138200002161902810_OR,10.0,0.0,10.0,0.0,6.0,1.0,0.0
AAAXMP138200002161992850_OR,9.0,3.0,6.0,0.0,2.0,1.3333333333333333,0.3333333333333333
AAAXMP138200002162222125_OR,17.0,11.0,6.0,0.0,1.0,1.6470588235294117,0.6470588235294118
AAAXMP138200002162302810_OR,12.0,0.0,12.0,0.0,4.0,1.0,0.0
AAAXMP138200002162452810_OR,8.0,2.0,6.0,0.0,4.0,1.25,0.25
AAAXMP138200002162942144_OR,11.0,1.0,10.0,0.0,6.0,1.0909090909090908,0.09090909090909091
AAAXMP138200002163092144_OR,9.0,5.0,4.0,0.0,7.0,1.5555555555555556,0.5555555555555556
AAAXMP138200002163322850_OR,11.0,5.0,6.0,0.0,7.0,1.4545454545454546,0.45454545454545453
AAAXMP138200002163762850_OR,11.0,5.0,6.0,0.0,6.0,1.4545454545454546,0.45454545454545453
AAAXMP138200002164062810_OR,9.0,0.0,9.0,0.0,3.0,1.0,0.0
AAAXMP138200002164072810_OR,10.0,0.0,10.0,0.0,4.0,1.0,0.0
AAAXMP138200002164742850_OR,9.0,2.0,7.0,0.0,6.0,1.2222222222222223,0.2222222222222222
AAAXMP138200002164852850_OR,9.0,8.0,1.0,0.0,4.0,1.8888888888888888,0.8888888888888888
AAAXMP138200002166132810_OR,3.0,0.0,2.0,1.0,0.0,0.6666666666666666,0.0
AAAXMP138200002166142850_OR,12.0,0.0,12.0,0.0,5.0,1.0,0.0
AAAXMP138200002166172125_OR,15.0,3.0,12.0,0.0,1.0,1.2,0.2
AAAXMP138200002167092810_OR,12.0,3.0,7.0,2.0,2.0,1.0833333333333333,0.25
AAAXMP138200002167452144_OR,10.0,5.0,5.0,0.0,0.0,1.5,0.5
AAAXMP138200002168202850_OR,9.0,2.0,7.0,0.0,3.0,1.2222222222222223,0.2222222222222222
AAAXMP138200002168212850_OR,9.0,4.0,5.0,0.0,5.0,1.4444444444444444,0.4444444444444444
AAAXMP138200002168482850_OR,8.0,0.0,8.0,0.0,7.0,1.0,0.0
AAAXMP138200002168652125_OR,15.0,5.0,10.0,0.0,2.0,1.3333333333333333,0.3333333333333333
AAAXMP138200002168682810_OR,7.0,0.0,6.0,1.0,1.0,0.8571428571428571,0.0
AAAXMP138200002169062125_OR,10.0,0.0,10.0,0.0,1.0,1.0,0.0
AAAXMP138200002169202125_OR,12.0,0.0,12.0,0.0,1.0,1.0,0.0
AAAXMP138200002169292125_OR,17.0,0.0,17.0,0.0,1.0,1.0,0.0
AAAXMP138200002169302125_OR,15.0,0.0,14.0,1.0,3.0,0.9333333333333333,0.0
AAAXMP138200002169352810_OR,9.0,0.0,9.0,0.0,5.0,1.0,0.0
AAAXMP138200002169372125_OR,13.0,3.0,10.0,0.0,1.0,1.2307692307692308,0.23076923076923078
AAAXMP138200002169382125_OR,16.0,4.0,12.0,0.0,1.0,1.25,0.25
AAAXMP138200002169562125_OR,9.0,0.0,9.0,0.0,0.0,1.0,0.0
AAAXMP138200002169782850_OR,13.0,4.0,9.0,0.0,3.0,1.3076923076923077,0.3076923076923077
AAAXMP138200002169842810_OR,12.0,0.0,12.0,0.0,8.0,1.0,0.0
AAAXMP138200002171642810_OR,11.0,0.0,9.0,2.0,7.0,0.8181818181818182,0.0
AAAXMP138200002172132125_OR,8.0,4.0,4.0,0.0,1.0,1.5,0.5
AAAXMP138200002172802144_OR,10.0,0.0,10.0,0.0,3.0,1.0,0.0
AAAXMP138200002174202144_OR,5.0,0.0,5.0,0.0,3.0,1.0,0.0
AAAXMP138200002174692850_OR,12.0,1.0,11.0,0.0,6.0,1.0833333333333333,0.08333333333333333
AAAXMP138200002174952810_OR,10.0,3.0,7.0,0.0,3.0,1.3,0.3
AAAXMP138200002175022850_OR,11.0,1.0,10.0,0.0,2.0,1.0909090909090908,0.09090909090909091
AAAXMP138200002175622850_OR,11.0,0.0,11.0,0.0,4.0,1.0,0.0
AAAXMP138200002177592850_OR,12.0,4.0,8.0,0.0,1.0,1.3333333333333333,0.3333333333333333
AAAXMP138200002177762125_OR,8.0,0.0,8.0,0.0,0.0,1.0,0.0
AAAXMP138200002178712125_OR,8.0,7.0,1.0,0.0,0.0,1.875,0.875
AAAXMP138200002180612125_OR,12.0,2.0,10.0,0.0,2.0,1.1666666666666667,0.16666666666666666
AAAXMP138200002181332850_OR,9.0,0.0,9.0,0.0,5.0,1.0,0.0
AAAXMP138200002181372125_OR,10.0,8.0,2.0,0.0,0.0,1.8,0.8
AAAXMP138200002182562810_OR,11.0,1.0,10.0,0.0,6.0,1.0909090909090908,0.09090909090909091
AAAXMP138200002183032125_OR,13.0,13.0,0.0,0.0,2.0,2.0,1.0
AAAXMP138200002183302144_OR,9.0,9.0,0.0,0.0,4.0,2.0,1.0
AAAXMP138200002183952125_OR,7.0,1.0,6.0,0.0,0.0,1.1428571428571428,0.14285714285714285
AAAXMP138200002185462125_OR,14.0,9.0,5.0,0.0,2.0,1.6428571428571428,0.6428571428571429
AAAXMP138200002185562850_OR,6.0,0.0,5.0,1.0,3.0,0.8333333333333334,0.0
AAAXMP138200002185692144_OR,10.0,7.0,3.0,0.0,6.0,1.7,0.7
AAAXMP138200002185902144_OR,14.0,5.0,9.0,0.0,5.0,1.3571428571428572,0.35714285714285715
AAAXMP138200002186052850_OR,13.0,0.0,13.0,0.0,5.0,1.0,0.0
AAAXMP138200002188972125_OR,10.0,1.0,9.0,0.0,2.0,1.1,0.1
AAAXMP138200002189332144_OR,13.0,1.0,12.0,0.0,0.0,1.0769230769230769,0.07692307692307693
AAAXMP138200002190642125_OR,15.0,0.0,15.0,0.0,2.0,1.0,0.0
AAAXMP138200002190702125_OR,13.0,1.0,12.0,0.0,2.0,1.0769230769230769,0.07692307692307693
AAAXMP138200002191712144_OR,12.0,5.0,7.0,0.0,2.0,1.4166666666666667,0.4166666666666667
AAAXMP138200002191852850_OR,10.0,5.0,5.0,0.0,3.0,1.5,0.5
AAAXMP138200002192362810_OR,7.0,0.0,7.0,0.0,5.0,1.0,0.0
AAAXMP138200002192562144_OR,11.0,6.0,5.0,0.0,6.0,1.5454545454545454,0.5454545454545454
AAAXMP138200002192632850_OR,8.0,0.0,7.0,1.0,5.0,0.875,0.0
AAAXMP138200002192692810_OR,7.0,0.0,7.0,0.0,2.0,1.0,0.0
AAAXMP138200002192872125_OR,14.0,12.0,2.0,0.0,3.0,1.8571428571428572,0.8571428571428571
AAAXMP138200002193342810_OR,6.0,3.0,3.0,0.0,5.0,1.5,0.5
AAAXMP138200002193532125_OR,12.0,5.0,7.0,0.0,2.0,1.4166666666666667,0.4166666666666667
AAAXMP138200002195162125_OR,7.0,1.0,6.0,0.0,0.0,1.1428571428571428,0.14285714285714285
AAAXMP138200002195552850_OR,7.0,0.0,7.0,0.0,0.0,1.0,0.0
AAAXMP138200002196442810_OR,12.0,3.0,9.0,0.0,6.0,1.25,0.25
AAAXMP138200002196912810_OR,12.0,3.0,9.0,0.0,4.0,1.25,0.25
AAAXMP138200002196942850_OR,8.0,0.0,8.0,0.0,2.0,1.0,0.0
AAAXMP138200002197012850_OR,4.0,0.0,3.0,1.0,1.0,0.75,0.0
AAAXMP138200002197152850_OR,8.0,0.0,8.0,0.0,4.0,1.0,0.0
AAAXMP138200002197412850_OR,11.0,0.0,9.0,2.0,2.0,0.8181818181818182,0.0
AAAXMP138200002197842810_OR,8.0,1.0,7.0,0.0,5.0,1.125,0.125
AAAXMP138200002197942850_OR,12.0,5.0,7.0,0.0,2.0,1.4166666666666667,0.4166666666666667
AAAXMP138200002197962810_OR,8.0,3.0,5.0,0.0,0.0,1.375,0.375
AAAXMP138200002198002810_OR,9.0,0.0,8.0,1.0,6.0,0.8888888888888888,0.0
AAAXMP138200002198012810_OR,5.0,0.0,5.0,0.0,1.0,1.0,0.0
AAAXMP138200002198312810_OR,9.0,0.0,9.0,0.0,5.0,1.0,0.0
AAAXMP138200002198522144_OR,12.0,6.0,6.0,0.0,4.0,1.5,0.5
AAAXMP138200002199092850_OR,8.0,0.0,8.0,0.0,7.0,1.0,0.0
AAAXMP138200002199112810_OR,12.0,2.0,10.0,0.0,5.0,1.1666666666666667,0.16666666666666666
AAAXMP138200002199742810_OR,9.0,1.0,8.0,0.0,4.0,1.1111111111111112,0.1111111111111111
AAAXMP138200002199782810_OR,9.0,3.0,6.0,0.0,7.0,1.3333333333333333,0.3333333333333333
AAAXMP138200002199932850_OR,3.0,0.0,3.0,0.0,1.0,1.0,0.0
AAAXMP138200002200152144_OR,9.0,0.0,9.0,0.0,2.0,1.0,0.0
AAAXMP138200002200172810_OR,9.0,0.0,8.0,1.0,5.0,0.8888888888888888,0.0
AAAXMP138200002200512125_OR,8.0,0.0,2.0,6.0,0.0,0.25,0.0
AAAXMP138200002200562850_OR,13.0,0.0,13.0,0.0,6.0,1.0,0.0
AAAXMP138200002200582125_OR,13.0,0.0,13.0,0.0,0.0,1.0,0.0
AAAXMP138200002200972850_OR,12.0,1.0,10.0,1.0,5.0,1.0,0.08333333333333333
AAAXMP138200002201122810_OR,9.0,0.0,9.0,0.0,3.0,1.0,0.0
AAAXMP138200002201132125_OR,12.0,0.0,11.0,1.0,2.0,0.9166666666666666,0.0
AAAXMP138200002201252125_OR,16.0,1.0,15.0,0.0,4.0,1.0625,0.0625
AAAXMP138200002201292810_OR,10.0,1.0,9.0,0.0,4.0,1.1,0.1
AAAXMP138200002201372810_OR,9.0,1.0,8.0,0.0,5.0,1.1111111111111112,0.1111111111111111
AAAXMP138200002201642810_OR,7.0,1.0,6.0,0.0,4.0,1.1428571428571428,0.14285714285714285
AAAXMP138200002201932850_OR,4.0,2.0,2.0,0.0,3.0,1.5,0.5
AAAXMP138200002202012810_OR,12.0,0.0,12.0,0.0,4.0,1.0,0.0
AAAXMP138200002202362850_OR,10.0,0.0,10.0,0.0,4.0,1.0,0.0
AAAXMP138200002202512850_OR,10.0,1.0,7.0,2.0,8.0,0.9,0.1
AAAXMP138200002202612810_OR,10.0,5.0,5.0,0.0,6.0,1.5,0.5
AAAXMP138200002202792850_OR,12.0,1.0,11.0,0.0,5.0,1.0833333333333333,0.08333333333333333
AAAXMP138200002203582125_OR,12.0,0.0,12.0,0.0,0.0,1.0,0.0
AAAXMP138200002203962125_OR,8.0,0.0,8.0,0.0,2.0,1.0,0.0
AAAXMP138200002204352125_OR,12.0,0.0,12.0,0.0,1.0,1.0,0.0
AAAXMP138200002204422125_OR,11.0,1.0,10.0,0.0,0.0,1.0909090909090908,0.09090909090909091
AAAXMP138200002204672144_OR,10.0,6.0,4.0,0.0,1.0,1.6,0.6
AAAXMP138200002204782125_OR,12.0,0.0,11.0,1.0,1.0,0.9166666666666666,0.0
AAAXMP138200002205252144_OR,6.0,0.0,5.0,1.0,4.0,0.8333333333333334,0.0
AAAXMP138200002205752850_OR,9.0,1.0,8.0,0.0,4.0,1.1111111111111112,0.1111111111111111
AAAXMP138200002206042144_OR,11.0,0.0,11.0,0.0,5.0,1.0,0.0
AAAXMP138200002206452850_OR,3.0,0.0,0.0,3.0,1.0,0.0,0.0
AAAXMP138200002206562810_OR,8.0,0.0,8.0,0.0,7.0,1.0,0.0
AAAXMP138200002207212125_OR,12.0,4.0,8.0,0.0,1.0,1.3333333333333333,0.3333333333333333
AAAXMP138200002207282125_OR,10.0,7.0,3.0,0.0,0.0,1.7,0.7
AAAXMP138200002207732810_OR,6.0,0.0,6.0,0.0,4.0,1.0,0.0
AAAXMP138200002208952810_OR,7.0,0.0,3.0,4.0,2.0,0.42857142857142855,0.0
AAAXMP138200002209792810_OR,11.0,5.0,6.0,0.0,4.0,1.4545454545454546,0.45454545454545453
AAAXMP138200002209972125_OR,17.0,0.0,17.0,0.0,1.0,1.0,0.0
AAAXMP138200002210282810_OR,10.0,0.0,10.0,0.0,4.0,1.0,0.0
AAAXMP138200002211342810_OR,12.0,0.0,12.0,0.0,7.0,1.0,0.0
AAAXMP138200002211732850_OR,10.0,1.0,9.0,0.0,7.0,1.1,0.1
AAAXMP138200002211902810_OR,12.0,7.0,5.0,0.0,2.0,1.5833333333333333,0.5833333333333334
AAAXMP138200002211942810_OR,9.0,2.0,7.0,0.0,5.0,1.2222222222222223,0.2222222222222222
AAAXMP138200002211952810_OR,12.0,4.0,8.0,0.0,5.0,1.3333333333333333,0.3333333333333333
AAAXMP138200002211992850_OR,14.0,5.0,9.0,0.0,1.0,1.3571428571428572,0.35714285714285715
AAAXMP138200002212002810_OR,11.0,4.0,7.0,0.0,6.0,1.3636363636363635,0.36363636363636365
AAAXMP138200002212192850_OR,16.0,4.0,12.0,0.0,6.0,1.25,0.25
AAAXMP138200002212412810_OR,13.0,0.0,13.0,0.0,5.0,1.0,0.0
AAAXMP138200002212422810_OR,9.0,0.0,9.0,0.0,5.0,1.0,0.0
AAAXMP138200002212512810_OR,13.0,0.0,13.0,0.0,3.0,1.0,0.0
AAAXMP138200002212532125_OR,12.0,9.0,3.0,0.0,1.0,1.75,0.75
AAAXMP138200002212592810_OR,12.0,1.0,11.0,0.0,1.0,1.0833333333333333,0.08333333333333333
AAAXMP138200002212652850_OR,8.0,3.0,5.0,0.0,5.0,1.375,0.375
AAAXMP138200002212672810_OR,9.0,1.0,8.0,0.0,6.0,1.1111111111111112,0.1111111111111111
AAAXMP138200002212742810_OR,12.0,0.0,12.0,0.0,6.0,1.0,0.0
AAAXMP138200002213122810_OR,11.0,1.0,10.0,0.0,5.0,1.0909090909090908,0.09090909090909091
AAAXMP138200002215212810_OR,7.0,3.0,4.0,0.0,1.0,1.4285714285714286,0.42857142857142855
AAAXMP138200002216202850_OR,9.0,2.0,7.0,0.0,5.0,1.2222222222222223,0.2222222222222222
AAAXMP138200002216352850_OR,9.0,2.0,7.0,0.0,1.0,1.2222222222222223,0.2222222222222222
